time,latitude,longitude,CRW_SST,CRW_DHW,CRW_SSTANOMALY,reef_id,reef_name
2024-07-12T12:00:00Z,8.675,97.625,29.53,10.74,0.8200000000000001,1,หมู่เกาะสิมิลัน
2024-07-13T12:00:00Z,8.675,97.625,29.41,10.540000000000001,0.71,1,หมู่เกาะสิมิลัน
2024-07-14T12:00:00Z,8.675,97.625,29.42,10.35,0.74,1,หมู่เกาะสิมิลัน
2024-07-15T12:00:00Z,8.675,97.625,29.39,10.17,0.72,1,หมู่เกาะสิมิลัน
2024-07-16T12:00:00Z,8.675,97.625,29.330000000000002,9.97,0.67,1,หมู่เกาะสิมิลัน
2024-07-17T12:00:00Z,8.675,97.625,29.32,9.76,0.68,1,หมู่เกาะสิมิลัน
2024-07-18T12:00:00Z,8.675,97.625,29.560000000000002,9.55,0.93,1,หมู่เกาะสิมิลัน
2024-07-19T12:00:00Z,8.675,97.625,29.48,9.32,0.87,1,หมู่เกาะสิมิลัน
2024-07-20T12:00:00Z,8.675,97.625,29.240000000000002,9.120000000000001,0.64,1,หมู่เกาะสิมิลัน
2024-07-21T12:00:00Z,8.675,97.625,29.79,8.88,1.21,1,หมู่เกาะสิมิลัน
2024-07-22T12:00:00Z,8.675,97.625,29.52,8.620000000000001,0.9500000000000001,1,หมู่เกาะสิมิลัน
2024-07-23T12:00:00Z,8.675,97.625,29.330000000000002,8.370000000000001,0.77,1,หมู่เกาะสิมิลัน
2024-07-24T12:00:00Z,8.675,97.625,29.52,8.13,0.98,1,หมู่เกาะสิมิลัน
2024-07-26T12:00:00Z,8.675,97.625,29.310000000000002,7.69,0.8,1,หมู่เกาะสิมิลัน
2024-07-27T12:00:00Z,8.675,97.625,29.37,7.46,0.87,1,หมู่เกาะสิมิลัน
2024-07-28T12:00:00Z,8.675,97.625,29.5,7.19,1.01,1,หมู่เกาะสิมิลัน
2024-07-29T12:00:00Z,8.675,97.625,29.34,6.98,0.87,1,หมู่เกาะสิมิลัน
2024-07-30T12:00:00Z,8.675,97.625,29.66,6.75,1.2,1,หมู่เกาะสิมิลัน
2024-07-31T12:00:00Z,8.675,97.625,29.61,6.51,1.17,1,หมู่เกาะสิมิลัน
2024-08-01T12:00:00Z,8.675,97.625,29.51,6.29,1.08,1,หมู่เกาะสิมิลัน
2024-08-02T12:00:00Z,8.675,97.625,29.88,6.08,1.47,1,หมู่เกาะสิมิลัน
2024-08-03T12:00:00Z,8.675,97.625,29.91,5.88,1.51,1,หมู่เกาะสิมิลัน
2024-08-04T12:00:00Z,8.675,97.625,29.79,5.66,1.4000000000000001,1,หมู่เกาะสิมิลัน
2024-08-05T12:00:00Z,8.675,97.625,29.73,5.45,1.36,1,หมู่เกาะสิมิลัน
2024-08-06T12:00:00Z,8.675,97.625,29.59,5.25,1.23,1,หมู่เกาะสิมิลัน
2024-08-07T12:00:00Z,8.675,97.625,29.38,5.05,1.04,1,หมู่เกาะสิมิลัน
2024-08-08T12:00:00Z,8.675,97.625,29.78,4.7700000000000005,1.45,1,หมู่เกาะสิมิลัน
2024-08-09T12:00:00Z,8.675,97.625,29.69,4.49,1.37,1,หมู่เกาะสิมิลัน
2024-08-10T12:00:00Z,8.675,97.625,29.95,4.26,1.6500000000000001,1,หมู่เกาะสิมิลัน
2024-08-11T12:00:00Z,8.675,97.625,29.93,4.09,1.6400000000000001,1,หมู่เกาะสิมิลัน
2024-08-12T12:00:00Z,8.675,97.625,29.93,3.84,1.6600000000000001,1,หมู่เกาะสิมิลัน
2024-08-13T12:00:00Z,8.675,97.625,29.98,3.65,1.72,1,หมู่เกาะสิมิลัน
2024-08-14T12:00:00Z,8.675,97.625,30.330000000000002,3.49,2.09,1,หมู่เกาะสิมิลัน
2024-08-15T12:00:00Z,8.675,97.625,30.560000000000002,3.46,2.33,1,หมู่เกาะสิมิลัน
2024-08-16T12:00:00Z,8.675,97.625,30.32,3.23,2.1,1,หมู่เกาะสิมิลัน
2024-08-17T12:00:00Z,8.675,97.625,30.03,3.04,1.81,1,หมู่เกาะสิมิลัน
2024-08-18T12:00:00Z,8.675,97.625,30.43,2.82,2.22,1,หมู่เกาะสิมิลัน
2024-08-19T12:00:00Z,8.675,97.625,30.330000000000002,2.59,2.12,1,หมู่เกาะสิมิลัน
2024-08-20T12:00:00Z,8.675,97.625,30.02,2.43,1.82,1,หมู่เกาะสิมิลัน
2024-08-21T12:00:00Z,8.675,97.625,29.88,2.22,1.68,1,หมู่เกาะสิมิลัน
2024-08-22T12:00:00Z,8.675,97.625,29.77,1.98,1.58,1,หมู่เกาะสิมิลัน
2024-08-23T12:00:00Z,8.675,97.625,29.91,1.75,1.73,1,หมู่เกาะสิมิลัน
2024-08-24T12:00:00Z,8.675,97.625,29.72,1.58,1.54,1,หมู่เกาะสิมิลัน
2024-08-25T12:00:00Z,8.675,97.625,29.64,1.58,1.47,1,หมู่เกาะสิมิลัน
2024-08-26T12:00:00Z,8.675,97.625,29.57,1.3900000000000001,1.4000000000000001,1,หมู่เกาะสิมิลัน
2024-08-27T12:00:00Z,8.675,97.625,29.44,1.21,1.28,1,หมู่เกาะสิมิลัน
2024-08-28T12:00:00Z,8.675,97.625,29.62,1.0,1.47,1,หมู่เกาะสิมิลัน
2024-08-29T12:00:00Z,8.675,97.625,29.59,0.8200000000000001,1.44,1,หมู่เกาะสิมิลัน
2024-08-30T12:00:00Z,8.675,97.625,29.54,0.65,1.4000000000000001,1,หมู่เกาะสิมิลัน
2024-08-31T12:00:00Z,8.675,97.625,29.61,0.49,1.47,1,หมู่เกาะสิมิลัน
2024-09-01T12:00:00Z,8.675,97.625,29.63,0.31,1.5,1,หมู่เกาะสิมิลัน
2024-09-02T12:00:00Z,8.675,97.625,29.51,0.15,1.3800000000000001,1,หมู่เกาะสิมิลัน
2024-09-03T12:00:00Z,8.675,97.625,29.44,0.15,1.32,1,หมู่เกาะสิมิลัน
2024-09-04T12:00:00Z,8.675,97.625,29.48,0.15,1.37,1,หมู่เกาะสิมิลัน
2024-09-05T12:00:00Z,8.675,97.625,29.34,0.15,1.23,1,หมู่เกาะสิมิลัน
2024-09-06T12:00:00Z,8.675,97.625,29.35,0.15,1.25,1,หมู่เกาะสิมิลัน
2024-09-07T12:00:00Z,8.675,97.625,29.13,0.15,1.03,1,หมู่เกาะสิมิลัน
2024-09-08T12:00:00Z,8.675,97.625,28.96,0.15,0.87,1,หมู่เกาะสิมิลัน
2024-09-09T12:00:00Z,8.675,97.625,28.990000000000002,0.15,0.91,1,หมู่เกาะสิมิลัน
2024-09-10T12:00:00Z,8.675,97.625,29.060000000000002,0.15,0.98,1,หมู่เกาะสิมิลัน
2024-09-11T12:00:00Z,8.675,97.625,28.85,0.15,0.78,1,หมู่เกาะสิมิลัน
2024-09-12T12:00:00Z,8.675,97.625,28.84,0.15,0.77,1,หมู่เกาะสิมิลัน
2024-09-13T12:00:00Z,8.675,97.625,28.82,0.15,0.76,1,หมู่เกาะสิมิลัน
2024-09-14T12:00:00Z,8.675,97.625,28.900000000000002,0.15,0.84,1,หมู่เกาะสิมิลัน
2024-09-15T12:00:00Z,8.675,97.625,28.810000000000002,0.15,0.76,1,หมู่เกาะสิมิลัน
2024-09-16T12:00:00Z,8.675,97.625,28.57,0.15,0.52,1,หมู่เกาะสิมิลัน
2024-09-17T12:00:00Z,8.675,97.625,28.48,0.15,0.43,1,หมู่เกาะสิมิลัน
2024-09-18T12:00:00Z,8.675,97.625,28.310000000000002,0.15,0.25,1,หมู่เกาะสิมิลัน
2024-09-19T12:00:00Z,8.675,97.625,28.32,0.15,0.26,1,หมู่เกาะสิมิลัน
2024-09-20T12:00:00Z,8.675,97.625,28.11,0.15,0.05,1,หมู่เกาะสิมิลัน
2024-09-21T12:00:00Z,8.675,97.625,28.27,0.15,0.21,1,หมู่เกาะสิมิลัน
2024-09-22T12:00:00Z,8.675,97.625,28.310000000000002,0.15,0.25,1,หมู่เกาะสิมิลัน
2024-09-23T12:00:00Z,8.675,97.625,28.62,0.15,0.55,1,หมู่เกาะสิมิลัน
2024-09-24T12:00:00Z,8.675,97.625,28.580000000000002,0.15,0.51,1,หมู่เกาะสิมิลัน
2024-09-25T12:00:00Z,8.675,97.625,28.94,0.15,0.87,1,หมู่เกาะสิมิลัน
2024-09-26T12:00:00Z,8.675,97.625,29.07,0.15,1.0,1,หมู่เกาะสิมิลัน
2024-09-27T12:00:00Z,8.675,97.625,29.18,0.15,1.11,1,หมู่เกาะสิมิลัน
2024-09-28T12:00:00Z,8.675,97.625,29.03,0.15,0.9500000000000001,1,หมู่เกาะสิมิลัน
2024-09-29T12:00:00Z,8.675,97.625,29.310000000000002,0.15,1.23,1,หมู่เกาะสิมิลัน
2024-09-30T12:00:00Z,8.675,97.625,29.23,0.15,1.1500000000000001,1,หมู่เกาะสิมิลัน
2024-10-01T12:00:00Z,8.675,97.625,29.17,0.15,1.09,1,หมู่เกาะสิมิลัน
2024-10-02T12:00:00Z,8.675,97.625,29.07,0.15,0.99,1,หมู่เกาะสิมิลัน
2024-10-03T12:00:00Z,8.675,97.625,28.95,0.15,0.86,1,หมู่เกาะสิมิลัน
2024-10-04T12:00:00Z,8.675,97.625,29.12,0.15,1.03,1,หมู่เกาะสิมิลัน
2024-10-05T12:00:00Z,8.675,97.625,29.23,0.15,1.1400000000000001,1,หมู่เกาะสิมิลัน
2024-10-06T12:00:00Z,8.675,97.625,29.1,0.15,1.01,1,หมู่เกาะสิมิลัน
2024-10-07T12:00:00Z,8.675,97.625,29.02,0.15,0.93,1,หมู่เกาะสิมิลัน
2024-10-08T12:00:00Z,8.675,97.625,29.23,0.15,1.1300000000000001,1,หมู่เกาะสิมิลัน
2024-10-09T12:00:00Z,8.675,97.625,29.46,0.15,1.36,1,หมู่เกาะสิมิลัน
2024-10-10T12:00:00Z,8.675,97.625,29.560000000000002,0.15,1.46,1,หมู่เกาะสิมิลัน
2024-10-10T12:00:00Z,8.675,97.625,29.560000000000002,0.15,1.46,1,หมู่เกาะสิมิลัน
2024-10-11T12:00:00Z,8.675,97.625,29.84,0.15,1.74,1,หมู่เกาะสิมิลัน
2024-10-12T12:00:00Z,8.675,97.625,29.68,0.15,1.58,1,หมู่เกาะสิมิลัน
2024-10-13T12:00:00Z,8.675,97.625,29.79,0.15,1.68,1,หมู่เกาะสิมิลัน
2024-10-14T12:00:00Z,8.675,97.625,29.63,0.15,1.52,1,หมู่เกาะสิมิลัน
2024-10-15T12:00:00Z,8.675,97.625,29.560000000000002,0.15,1.45,1,หมู่เกาะสิมิลัน
2024-10-16T12:00:00Z,8.675,97.625,29.84,0.15,1.72,1,หมู่เกาะสิมิลัน
2024-10-17T12:00:00Z,8.675,97.625,29.85,0.15,1.72,1,หมู่เกาะสิมิลัน
2024-10-18T12:00:00Z,8.675,97.625,29.76,0.15,1.62,1,หมู่เกาะสิมิลัน
2024-10-19T12:00:00Z,8.675,97.625,29.67,0.15,1.52,1,หมู่เกาะสิมิลัน
2024-10-20T12:00:00Z,8.675,97.625,29.44,0.15,1.28,1,หมู่เกาะสิมิลัน
2024-10-21T12:00:00Z,8.675,97.625,29.67,0.15,1.49,1,หมู่เกาะสิมิลัน
2024-10-22T12:00:00Z,8.675,97.625,29.6,0.15,1.41,1,หมู่เกาะสิมิลัน
2024-10-23T12:00:00Z,8.675,97.625,29.59,0.15,1.3900000000000001,1,หมู่เกาะสิมิลัน
2024-10-24T12:00:00Z,8.675,97.625,29.66,0.15,1.45,1,หมู่เกาะสิมิลัน
2024-10-25T12:00:00Z,8.675,97.625,29.41,0.15,1.19,1,หมู่เกาะสิมิลัน
2024-10-26T12:00:00Z,8.675,97.625,29.19,0.15,0.96,1,หมู่เกาะสิมิลัน
2024-10-27T12:00:00Z,8.675,97.625,29.310000000000002,0.15,1.07,1,หมู่เกาะสิมิลัน
2024-10-28T12:00:00Z,8.675,97.625,29.080000000000002,0.15,0.8300000000000001,1,หมู่เกาะสิมิลัน
2024-10-29T12:00:00Z,8.675,97.625,29.16,0.15,0.9,1,หมู่เกาะสิมิลัน
2024-10-30T12:00:00Z,8.675,97.625,29.32,0.15,1.05,1,หมู่เกาะสิมิลัน
2024-10-31T12:00:00Z,8.675,97.625,29.48,0.15,1.19,1,หมู่เกาะสิมิลัน
2024-11-01T12:00:00Z,8.675,97.625,29.35,0.15,1.05,1,หมู่เกาะสิมิลัน
2024-11-02T12:00:00Z,8.675,97.625,29.42,0.15,1.11,1,หมู่เกาะสิมิลัน
2024-11-03T12:00:00Z,8.675,97.625,29.52,0.15,1.2,1,หมู่เกาะสิมิลัน
2024-11-04T12:00:00Z,8.675,97.625,29.38,0.15,1.05,1,หมู่เกาะสิมิลัน
2024-11-05T12:00:00Z,8.675,97.625,29.38,0.15,1.04,1,หมู่เกาะสิมิลัน
2024-11-06T12:00:00Z,8.675,97.625,29.650000000000002,0.15,1.3,1,หมู่เกาะสิมิลัน
2024-11-07T12:00:00Z,8.675,97.625,29.87,0.0,1.51,1,หมู่เกาะสิมิลัน
2024-11-08T12:00:00Z,8.675,97.625,29.88,0.0,1.51,1,หมู่เกาะสิมิลัน
2024-11-09T12:00:00Z,8.675,97.625,29.830000000000002,0.0,1.45,1,หมู่เกาะสิมิลัน
2024-11-10T12:00:00Z,8.675,97.625,30.0,0.0,1.6,1,หมู่เกาะสิมิลัน
2024-11-11T12:00:00Z,8.675,97.625,29.86,0.0,1.45,1,หมู่เกาะสิมิลัน
2024-11-12T12:00:00Z,8.675,97.625,29.72,0.0,1.3,1,หมู่เกาะสิมิลัน
2024-11-13T12:00:00Z,8.675,97.625,29.97,0.0,1.54,1,หมู่เกาะสิมิลัน
2024-11-14T12:00:00Z,8.675,97.625,29.87,0.0,1.43,1,หมู่เกาะสิมิลัน
2024-11-15T12:00:00Z,8.675,97.625,29.92,0.0,1.47,1,หมู่เกาะสิมิลัน
2024-11-16T12:00:00Z,8.675,97.625,29.87,0.0,1.43,1,หมู่เกาะสิมิลัน
2024-11-17T12:00:00Z,8.675,97.625,29.84,0.0,1.4000000000000001,1,หมู่เกาะสิมิลัน
2024-11-18T12:00:00Z,8.675,97.625,29.73,0.0,1.3,1,หมู่เกาะสิมิลัน
2024-11-19T12:00:00Z,8.675,97.625,29.79,0.0,1.37,1,หมู่เกาะสิมิลัน
2024-11-20T12:00:00Z,8.675,97.625,29.6,0.0,1.18,1,หมู่เกาะสิมิลัน
2024-11-21T12:00:00Z,8.675,97.625,29.71,0.0,1.3,1,หมู่เกาะสิมิลัน
2024-11-22T12:00:00Z,8.675,97.625,29.61,0.0,1.21,1,หมู่เกาะสิมิลัน
2024-11-23T12:00:00Z,8.675,97.625,29.64,0.0,1.24,1,หมู่เกาะสิมิลัน
2024-11-24T12:00:00Z,8.675,97.625,29.42,0.0,1.03,1,หมู่เกาะสิมิลัน
2024-11-25T12:00:00Z,8.675,97.625,29.57,0.0,1.19,1,หมู่เกาะสิมิลัน
2024-11-26T12:00:00Z,8.675,97.625,29.45,0.0,1.07,1,หมู่เกาะสิมิลัน
2024-11-27T12:00:00Z,8.675,97.625,29.34,0.0,0.97,1,หมู่เกาะสิมิลัน
2024-11-28T12:00:00Z,8.675,97.625,29.14,0.0,0.78,1,หมู่เกาะสิมิลัน
2024-11-29T12:00:00Z,8.675,97.625,29.060000000000002,0.0,0.7000000000000001,1,หมู่เกาะสิมิลัน
2024-11-30T12:00:00Z,8.675,97.625,29.16,0.0,0.81,1,หมู่เกาะสิมิลัน
2024-12-01T12:00:00Z,8.675,97.625,28.96,0.0,0.62,1,หมู่เกาะสิมิลัน
2024-12-02T12:00:00Z,8.675,97.625,29.0,0.0,0.66,1,หมู่เกาะสิมิลัน
2024-12-03T12:00:00Z,8.675,97.625,29.03,0.0,0.7000000000000001,1,หมู่เกาะสิมิลัน
2024-12-04T12:00:00Z,8.675,97.625,29.05,0.0,0.73,1,หมู่เกาะสิมิลัน
2024-12-05T12:00:00Z,8.675,97.625,28.96,0.0,0.64,1,หมู่เกาะสิมิลัน
2024-12-06T12:00:00Z,8.675,97.625,29.11,0.0,0.8,1,หมู่เกาะสิมิลัน
2024-12-07T12:00:00Z,8.675,97.625,29.22,0.0,0.92,1,หมู่เกาะสิมิลัน
2024-12-08T12:00:00Z,8.675,97.625,29.09,0.0,0.79,1,หมู่เกาะสิมิลัน
2024-12-09T12:00:00Z,8.675,97.625,28.97,0.0,0.68,1,หมู่เกาะสิมิลัน
2024-12-10T12:00:00Z,8.675,97.625,29.18,0.0,0.9,1,หมู่เกาะสิมิลัน
2024-12-11T12:00:00Z,8.675,97.625,29.01,0.0,0.73,1,หมู่เกาะสิมิลัน
2024-12-12T12:00:00Z,8.675,97.625,29.14,0.0,0.87,1,หมู่เกาะสิมิลัน
2024-12-13T12:00:00Z,8.675,97.625,29.19,0.0,0.93,1,หมู่เกาะสิมิลัน
2024-12-14T12:00:00Z,8.675,97.625,29.17,0.0,0.91,1,หมู่เกาะสิมิลัน
2024-12-15T12:00:00Z,8.675,97.625,29.16,0.0,0.91,1,หมู่เกาะสิมิลัน
2024-12-16T12:00:00Z,8.675,97.625,29.310000000000002,0.0,1.07,1,หมู่เกาะสิมิลัน
2024-12-17T12:00:00Z,8.675,97.625,29.41,0.0,1.17,1,หมู่เกาะสิมิลัน
2024-12-18T12:00:00Z,8.675,97.625,29.2,0.0,0.97,1,หมู่เกาะสิมิลัน
2024-12-19T12:00:00Z,8.675,97.625,29.1,0.0,0.87,1,หมู่เกาะสิมิลัน
2024-12-20T12:00:00Z,8.675,97.625,29.11,0.0,0.89,1,หมู่เกาะสิมิลัน
2024-12-21T12:00:00Z,8.675,97.625,29.1,0.0,0.89,1,หมู่เกาะสิมิลัน
2024-12-22T12:00:00Z,8.675,97.625,29.04,0.0,0.8300000000000001,1,หมู่เกาะสิมิลัน
2024-12-23T12:00:00Z,8.675,97.625,28.900000000000002,0.0,0.7000000000000001,1,หมู่เกาะสิมิลัน
2024-12-24T12:00:00Z,8.675,97.625,28.85,0.0,0.66,1,หมู่เกาะสิมิลัน
2024-12-25T12:00:00Z,8.675,97.625,28.79,0.0,0.6,1,หมู่เกาะสิมิลัน
2024-12-26T12:00:00Z,8.675,97.625,28.6,0.0,0.42,1,หมู่เกาะสิมิลัน
2024-12-27T12:00:00Z,8.675,97.625,28.68,0.0,0.5,1,หมู่เกาะสิมิลัน
2024-12-28T12:00:00Z,8.675,97.625,28.57,0.0,0.4,1,หมู่เกาะสิมิลัน
2024-12-29T12:00:00Z,8.675,97.625,28.650000000000002,0.0,0.49,1,หมู่เกาะสิมิลัน
2024-12-30T12:00:00Z,8.675,97.625,28.650000000000002,0.0,0.49,1,หมู่เกาะสิมิลัน
2024-12-31T12:00:00Z,8.675,97.625,28.54,0.0,0.39,1,หมู่เกาะสิมิลัน
2025-01-01T12:00:00Z,8.675,97.625,28.69,0.0,0.54,1,หมู่เกาะสิมิลัน
2025-01-02T12:00:00Z,8.675,97.625,28.79,0.0,0.65,1,หมู่เกาะสิมิลัน
2025-01-03T12:00:00Z,8.675,97.625,28.82,0.0,0.6900000000000001,1,หมู่เกาะสิมิลัน
2025-01-04T12:00:00Z,8.675,97.625,28.85,0.0,0.72,1,หมู่เกาะสิมิลัน
2025-01-05T12:00:00Z,8.675,97.625,28.810000000000002,0.0,0.6900000000000001,1,หมู่เกาะสิมิลัน
2025-01-06T12:00:00Z,8.675,97.625,28.84,0.0,0.72,1,หมู่เกาะสิมิลัน
2025-01-07T12:00:00Z,8.675,97.625,28.77,0.0,0.66,1,หมู่เกาะสิมิลัน
2025-01-08T12:00:00Z,8.675,97.625,29.03,0.0,0.93,1,หมู่เกาะสิมิลัน
2025-01-08T12:00:00Z,8.675,97.625,29.03,0.0,0.93,1,หมู่เกาะสิมิลัน
2025-01-09T12:00:00Z,8.675,97.625,29.060000000000002,0.0,0.96,1,หมู่เกาะสิมิลัน
2025-01-10T12:00:00Z,8.675,97.625,28.92,0.0,0.8300000000000001,1,หมู่เกาะสิมิลัน
2025-01-11T12:00:00Z,8.675,97.625,28.79,0.0,0.71,1,หมู่เกาะสิมิลัน
2025-01-12T12:00:00Z,8.675,97.625,28.63,0.0,0.55,1,หมู่เกาะสิมิลัน
2025-01-13T12:00:00Z,8.675,97.625,28.6,0.0,0.53,1,หมู่เกาะสิมิลัน
2025-01-14T12:00:00Z,8.675,97.625,28.53,0.0,0.46,1,หมู่เกาะสิมิลัน
2025-01-15T12:00:00Z,8.675,97.625,28.46,0.0,0.4,1,หมู่เกาะสิมิลัน
2025-01-16T12:00:00Z,8.675,97.625,28.43,0.0,0.36,1,หมู่เกาะสิมิลัน
2025-01-17T12:00:00Z,8.675,97.625,28.23,0.0,0.15,1,หมู่เกาะสิมิลัน
2025-01-18T12:00:00Z,8.675,97.625,28.16,0.0,0.07,1,หมู่เกาะสิมิลัน
2025-01-19T12:00:00Z,8.675,97.625,28.04,0.0,-0.06,1,หมู่เกาะสิมิลัน
2025-01-20T12:00:00Z,8.675,97.625,28.21,0.0,0.1,1,หมู่เกาะสิมิลัน
2025-01-21T12:00:00Z,8.675,97.625,28.18,0.0,0.05,1,หมู่เกาะสิมิลัน
2025-01-22T12:00:00Z,8.675,97.625,28.36,0.0,0.22,1,หมู่เกาะสิมิลัน
2025-01-23T12:00:00Z,8.675,97.625,28.5,0.0,0.35000000000000003,1,หมู่เกาะสิมิลัน
2025-01-24T12:00:00Z,8.675,97.625,28.52,0.0,0.36,1,หมู่เกาะสิมิลัน
2025-01-25T12:00:00Z,8.675,97.625,28.580000000000002,0.0,0.41000000000000003,1,หมู่เกาะสิมิลัน
2025-01-26T12:00:00Z,8.675,97.625,28.7,0.0,0.52,1,หมู่เกาะสิมิลัน
2025-01-27T12:00:00Z,8.675,97.625,28.69,0.0,0.5,1,หมู่เกาะสิมิลัน
2025-01-28T12:00:00Z,8.675,97.625,28.72,0.0,0.52,1,หมู่เกาะสิมิลัน
2025-01-29T12:00:00Z,8.675,97.625,28.76,0.0,0.55,1,หมู่เกาะสิมิลัน
2025-01-30T12:00:00Z,8.675,97.625,28.63,0.0,0.41000000000000003,1,หมู่เกาะสิมิลัน
2025-01-31T12:00:00Z,8.675,97.625,28.6,0.0,0.36,1,หมู่เกาะสิมิลัน
2025-02-01T12:00:00Z,8.675,97.625,28.560000000000002,0.0,0.31,1,หมู่เกาะสิมิลัน
2025-02-02T12:00:00Z,8.675,97.625,28.67,0.0,0.41000000000000003,1,หมู่เกาะสิมิลัน
2025-02-03T12:00:00Z,8.675,97.625,28.7,0.0,0.43,1,หมู่เกาะสิมิลัน
2025-02-04T12:00:00Z,8.675,97.625,28.75,0.0,0.47000000000000003,1,หมู่เกาะสิมิลัน
2025-02-05T12:00:00Z,8.675,97.625,28.69,0.0,0.4,1,หมู่เกาะสิมิลัน
2025-02-06T12:00:00Z,8.675,97.625,28.86,0.0,0.56,1,หมู่เกาะสิมิลัน
2025-02-07T12:00:00Z,8.675,97.625,28.87,0.0,0.56,1,หมู่เกาะสิมิลัน
2025-02-08T12:00:00Z,8.675,97.625,28.91,0.0,0.59,1,หมู่เกาะสิมิลัน
2025-02-09T12:00:00Z,8.675,97.625,29.07,0.0,0.74,1,หมู่เกาะสิมิลัน
2025-02-10T12:00:00Z,8.675,97.625,28.94,0.0,0.59,1,หมู่เกาะสิมิลัน
2025-02-11T12:00:00Z,8.675,97.625,28.91,0.0,0.55,1,หมู่เกาะสิมิลัน
2025-02-12T12:00:00Z,8.675,97.625,28.86,0.0,0.49,1,หมู่เกาะสิมิลัน
2025-02-13T12:00:00Z,8.675,97.625,28.89,0.0,0.51,1,หมู่เกาะสิมิลัน
2025-02-14T12:00:00Z,8.675,97.625,29.05,0.0,0.66,1,หมู่เกาะสิมิลัน
2025-02-15T12:00:00Z,8.675,97.625,29.05,0.0,0.65,1,หมู่เกาะสิมิลัน
2025-02-16T12:00:00Z,8.675,97.625,29.05,0.0,0.63,1,หมู่เกาะสิมิลัน
2025-02-17T12:00:00Z,8.675,97.625,29.01,0.0,0.56,1,หมู่เกาะสิมิลัน
2025-02-18T12:00:00Z,8.675,97.625,29.04,0.0,0.5700000000000001,1,หมู่เกาะสิมิลัน
2025-02-19T12:00:00Z,8.675,97.625,29.14,0.0,0.65,1,หมู่เกาะสิมิลัน
2025-02-20T12:00:00Z,8.675,97.625,29.05,0.0,0.53,1,หมู่เกาะสิมิลัน
2025-02-21T12:00:00Z,8.675,97.625,29.18,0.0,0.64,1,หมู่เกาะสิมิลัน
2025-02-22T12:00:00Z,8.675,97.625,29.13,0.0,0.5700000000000001,1,หมู่เกาะสิมิลัน
2025-02-23T12:00:00Z,8.675,97.625,29.34,0.0,0.75,1,หมู่เกาะสิมิลัน
2025-02-24T12:00:00Z,8.675,97.625,29.21,0.0,0.6,1,หมู่เกาะสิมิลัน
2025-02-25T12:00:00Z,8.675,97.625,29.13,0.0,0.5,1,หมู่เกาะสิมิลัน
2025-02-26T12:00:00Z,8.675,97.625,29.28,0.0,0.62,1,หมู่เกาะสิมิลัน
2025-02-27T12:00:00Z,8.675,97.625,29.11,0.0,0.43,1,หมู่เกาะสิมิลัน
2025-02-28T12:00:00Z,8.675,97.625,29.21,0.0,0.51,1,หมู่เกาะสิมิลัน
2025-03-01T12:00:00Z,8.675,97.625,29.27,0.0,0.55,1,หมู่เกาะสิมิลัน
2025-03-02T12:00:00Z,8.675,97.625,29.23,0.0,0.48,1,หมู่เกาะสิมิลัน
2025-03-03T12:00:00Z,8.675,97.625,29.41,0.0,0.64,1,หมู่เกาะสิมิลัน
2025-03-04T12:00:00Z,8.675,97.625,29.59,0.0,0.8,1,หมู่เกาะสิมิลัน
2025-03-05T12:00:00Z,8.675,97.625,29.45,0.0,0.63,1,หมู่เกาะสิมิลัน
2025-03-06T12:00:00Z,8.675,97.625,29.39,0.0,0.55,1,หมู่เกาะสิมิลัน
2025-03-07T12:00:00Z,8.675,97.625,29.64,0.0,0.78,1,หมู่เกาะสิมิลัน
2025-03-08T12:00:00Z,8.675,97.625,29.51,0.0,0.62,1,หมู่เกาะสิมิลัน
2025-03-09T12:00:00Z,8.675,97.625,29.44,0.0,0.53,1,หมู่เกาะสิมิลัน
2025-03-10T12:00:00Z,8.675,97.625,29.740000000000002,0.0,0.81,1,หมู่เกาะสิมิลัน
2025-03-11T12:00:00Z,8.675,97.625,29.67,0.0,0.71,1,หมู่เกาะสิมิลัน
2025-03-12T12:00:00Z,8.675,97.625,29.34,0.0,0.36,1,หมู่เกาะสิมิลัน
2025-03-13T12:00:00Z,8.675,97.625,29.5,0.0,0.5,1,หมู่เกาะสิมิลัน
2025-03-14T12:00:00Z,8.675,97.625,29.76,0.0,0.73,1,หมู่เกาะสิมิลัน
2025-03-15T12:00:00Z,8.675,97.625,29.62,0.0,0.5700000000000001,1,หมู่เกาะสิมิลัน
2025-03-16T12:00:00Z,8.675,97.625,29.73,0.0,0.67,1,หมู่เกาะสิมิลัน
2025-03-17T12:00:00Z,8.675,97.625,29.68,0.0,0.6,1,หมู่เกาะสิมิลัน
2025-03-18T12:00:00Z,8.675,97.625,29.78,0.0,0.6900000000000001,1,หมู่เกาะสิมิลัน
2025-03-19T12:00:00Z,8.675,97.625,29.7,0.0,0.59,1,หมู่เกาะสิมิลัน
2025-03-20T12:00:00Z,8.675,97.625,29.830000000000002,0.0,0.71,1,หมู่เกาะสิมิลัน
2025-03-21T12:00:00Z,8.675,97.625,29.67,0.0,0.53,1,หมู่เกาะสิมิลัน
2025-03-22T12:00:00Z,8.675,97.625,29.63,0.0,0.48,1,หมู่เกาะสิมิลัน
2025-03-23T12:00:00Z,8.675,97.625,29.86,0.0,0.6900000000000001,1,หมู่เกาะสิมิลัน
2025-03-24T12:00:00Z,8.675,97.625,29.830000000000002,0.0,0.65,1,หมู่เกาะสิมิลัน
2025-03-25T12:00:00Z,8.675,97.625,29.79,0.0,0.59,1,หมู่เกาะสิมิลัน
2025-03-26T12:00:00Z,8.675,97.625,29.76,0.0,0.55,1,หมู่เกาะสิมิลัน
2025-03-27T12:00:00Z,8.675,97.625,29.79,0.0,0.56,1,หมู่เกาะสิมิลัน
2025-03-28T12:00:00Z,8.675,97.625,29.75,0.0,0.51,1,หมู่เกาะสิมิลัน
2025-03-29T12:00:00Z,8.675,97.625,29.61,0.0,0.35000000000000003,1,หมู่เกาะสิมิลัน
2025-03-30T12:00:00Z,8.675,97.625,29.95,0.0,0.68,1,หมู่เกาะสิมิลัน
2025-03-31T12:00:00Z,8.675,97.625,29.93,0.0,0.64,1,หมู่เกาะสิมิลัน
2025-04-01T12:00:00Z,8.675,97.625,30.330000000000002,0.0,1.03,1,หมู่เกาะสิมิลัน
2025-04-02T12:00:00Z,8.675,97.625,30.060000000000002,0.0,0.74,1,หมู่เกาะสิมิลัน
2025-04-03T12:00:00Z,8.675,97.625,30.04,0.0,0.71,1,หมู่เกาะสิมิลัน
2025-04-04T12:00:00Z,8.675,97.625,29.91,0.0,0.56,1,หมู่เกาะสิมิลัน
2025-04-05T12:00:00Z,8.675,97.625,29.94,0.0,0.58,1,หมู่เกาะสิมิลัน
2025-04-06T12:00:00Z,8.675,97.625,29.92,0.0,0.54,1,หมู่เกาะสิมิลัน
2025-04-07T12:00:00Z,8.675,97.625,30.23,0.0,0.84,1,หมู่เกาะสิมิลัน
2025-04-08T12:00:00Z,8.675,97.625,29.73,0.0,0.32,1,หมู่เกาะสิมิลัน
2025-04-08T12:00:00Z,8.675,97.625,29.73,0.0,0.32,1,หมู่เกาะสิมิลัน
2025-04-09T12:00:00Z,8.675,97.625,30.01,0.0,0.59,1,หมู่เกาะสิมิลัน
2025-04-10T12:00:00Z,8.675,97.625,30.22,0.0,0.78,1,หมู่เกาะสิมิลัน
2025-04-11T12:00:00Z,8.675,97.625,30.310000000000002,0.0,0.86,1,หมู่เกาะสิมิลัน
2025-04-12T12:00:00Z,8.675,97.625,30.3,0.0,0.8300000000000001,1,หมู่เกาะสิมิลัน
2025-04-13T12:00:00Z,8.675,97.625,30.2,0.0,0.72,1,หมู่เกาะสิมิลัน
2025-04-14T12:00:00Z,8.675,97.625,30.3,0.0,0.8,1,หมู่เกาะสิมิลัน
2025-04-15T12:00:00Z,8.675,97.625,30.2,0.0,0.6900000000000001,1,หมู่เกาะสิมิลัน
2025-04-16T12:00:00Z,8.675,97.625,30.400000000000002,0.0,0.89,1,หมู่เกาะสิมิลัน
2025-04-17T12:00:00Z,8.675,97.625,30.38,0.0,0.87,1,หมู่เกาะสิมิลัน
2025-04-18T12:00:00Z,8.675,97.625,30.34,0.0,0.8300000000000001,1,หมู่เกาะสิมิลัน
2025-04-19T12:00:00Z,8.675,97.625,30.310000000000002,0.0,0.8,1,หมู่เกาะสิมิลัน
2025-04-20T12:00:00Z,8.675,97.625,30.23,0.0,0.72,1,หมู่เกาะสิมิลัน
2025-04-21T12:00:00Z,8.675,97.625,30.09,0.0,0.58,1,หมู่เกาะสิมิลัน
2025-04-22T12:00:00Z,8.675,97.625,30.28,0.0,0.77,1,หมู่เกาะสิมิลัน
2025-04-23T12:00:00Z,8.675,97.625,30.310000000000002,0.0,0.8,1,หมู่เกาะสิมิลัน
2025-04-24T12:00:00Z,8.675,97.625,30.07,0.0,0.56,1,หมู่เกาะสิมิลัน
2025-04-25T12:00:00Z,8.675,97.625,30.61,0.16,1.1,1,หมู่เกาะสิมิลัน
2025-04-26T12:00:00Z,8.675,97.625,30.45,0.16,0.9400000000000001,1,หมู่เกาะสิมิลัน
2025-04-27T12:00:00Z,8.675,97.625,30.25,0.16,0.74,1,หมู่เกาะสิมิลัน
2025-04-28T12:00:00Z,8.675,97.625,30.44,0.16,0.93,1,หมู่เกาะสิมิลัน
2025-04-29T12:00:00Z,8.675,97.625,30.650000000000002,0.32,1.1400000000000001,1,หมู่เกาะสิมิลัน
2025-04-30T12:00:00Z,8.675,97.625,30.95,0.53,1.44,1,หมู่เกาะสิมิลัน
2025-05-01T12:00:00Z,8.675,97.625,30.78,0.71,1.27,1,หมู่เกาะสิมิลัน
2025-05-02T12:00:00Z,8.675,97.625,30.61,0.86,1.1,1,หมู่เกาะสิมิลัน
2025-05-03T12:00:00Z,8.675,97.625,30.48,0.86,0.97,1,หมู่เกาะสิมิลัน
2025-05-04T12:00:00Z,8.675,97.625,30.54,1.01,1.03,1,หมู่เกาะสิมิลัน
2025-05-05T12:00:00Z,8.675,97.625,30.79,1.19,1.28,1,หมู่เกาะสิมิลัน
2025-05-06T12:00:00Z,8.675,97.625,30.66,1.36,1.1500000000000001,1,หมู่เกาะสิมิลัน
2025-05-07T12:00:00Z,8.675,97.625,30.53,1.5,1.02,1,หมู่เกาะสิมิลัน
2025-05-08T12:00:00Z,8.675,97.625,30.42,1.5,0.91,1,หมู่เกาะสิมิลัน
2025-05-09T12:00:00Z,8.675,97.625,30.62,1.6600000000000001,1.11,1,หมู่เกาะสิมิลัน
2025-05-10T12:00:00Z,8.675,97.625,30.53,1.81,1.02,1,หมู่เกาะสิมิลัน
2025-05-11T12:00:00Z,8.675,97.625,30.48,1.81,0.97,1,หมู่เกาะสิมิลัน
2025-05-12T12:00:00Z,8.675,97.625,30.38,1.81,0.87,1,หมู่เกาะสิมิลัน
2025-05-13T12:00:00Z,8.675,97.625,30.17,1.81,0.66,1,หมู่เกาะสิมิลัน
2025-05-14T12:00:00Z,8.675,97.625,30.28,1.81,0.77,1,หมู่เกาะสิมิลัน
2025-05-15T12:00:00Z,8.675,97.625,30.150000000000002,1.81,0.64,1,หมู่เกาะสิมิลัน
2025-05-16T12:00:00Z,8.675,97.625,30.04,1.81,0.54,1,หมู่เกาะสิมิลัน
2025-05-17T12:00:00Z,8.675,97.625,30.23,1.81,0.75,1,หมู่เกาะสิมิลัน
2025-05-18T12:00:00Z,8.675,97.625,30.240000000000002,1.81,0.77,1,หมู่เกาะสิมิลัน
2025-05-19T12:00:00Z,8.675,97.625,30.310000000000002,1.81,0.86,1,หมู่เกาะสิมิลัน
2025-05-20T12:00:00Z,8.675,97.625,30.330000000000002,1.81,0.89,1,หมู่เกาะสิมิลัน
2025-05-21T12:00:00Z,8.675,97.625,30.07,1.81,0.64,1,หมู่เกาะสิมิลัน
2025-05-22T12:00:00Z,8.675,97.625,30.150000000000002,1.81,0.74,1,หมู่เกาะสิมิลัน
2025-05-23T12:00:00Z,8.675,97.625,29.94,1.81,0.54,1,หมู่เกาะสิมิลัน
2025-05-24T12:00:00Z,8.675,97.625,29.6,1.81,0.21,1,หมู่เกาะสิมิลัน
2025-05-25T12:00:00Z,8.675,97.625,29.76,1.81,0.39,1,หมู่เกาะสิมิลัน
2025-05-26T12:00:00Z,8.675,97.625,29.76,1.81,0.4,1,หมู่เกาะสิมิลัน
2025-05-27T12:00:00Z,8.675,97.625,29.73,1.81,0.39,1,หมู่เกาะสิมิลัน
2025-05-28T12:00:00Z,8.675,97.625,29.740000000000002,1.81,0.41000000000000003,1,หมู่เกาะสิมิลัน
2025-05-29T12:00:00Z,8.675,97.625,29.93,1.81,0.61,1,หมู่เกาะสิมิลัน
2025-05-30T12:00:00Z,8.675,97.625,29.76,1.81,0.46,1,หมู่เกาะสิมิลัน
2025-05-31T12:00:00Z,8.675,97.625,29.97,1.81,0.68,1,หมู่เกาะสิมิลัน
2025-06-01T12:00:00Z,8.675,97.625,29.68,1.81,0.41000000000000003,1,หมู่เกาะสิมิลัน
2025-06-02T12:00:00Z,8.675,97.625,29.84,1.81,0.58,1,หมู่เกาะสิมิลัน
2025-06-03T12:00:00Z,8.675,97.625,29.8,1.81,0.55,1,หมู่เกาะสิมิลัน
2025-06-04T12:00:00Z,8.675,97.625,29.8,1.81,0.5700000000000001,1,หมู่เกาะสิมิลัน
2025-06-05T12:00:00Z,8.675,97.625,29.67,1.81,0.45,1,หมู่เกาะสิมิลัน
2025-06-06T12:00:00Z,8.675,97.625,29.51,1.81,0.31,1,หมู่เกาะสิมิลัน
2025-06-07T12:00:00Z,8.675,97.625,29.54,1.81,0.35000000000000003,1,หมู่เกาะสิมิลัน
2025-06-08T12:00:00Z,8.675,97.625,29.45,1.81,0.27,1,หมู่เกาะสิมิลัน
2025-06-09T12:00:00Z,8.675,97.625,29.38,1.81,0.22,1,หมู่เกาะสิมิลัน
2025-06-10T12:00:00Z,8.675,97.625,29.28,1.81,0.13,1,หมู่เกาะสิมิลัน
2025-06-11T12:00:00Z,8.675,97.625,29.51,1.81,0.37,1,หมู่เกาะสิมิลัน
2025-06-12T12:00:00Z,8.675,97.625,29.400000000000002,1.81,0.28,1,หมู่เกาะสิมิลัน
2025-06-13T12:00:00Z,8.675,97.625,28.61,1.81,-0.5,1,หมู่เกาะสิมิลัน
2025-06-14T12:00:00Z,8.675,97.625,29.61,1.81,0.52,1,หมู่เกาะสิมิลัน
2025-06-15T12:00:00Z,8.675,97.625,29.37,1.81,0.29,1,หมู่เกาะสิมิลัน
2025-06-16T12:00:00Z,8.675,97.625,29.32,1.81,0.25,1,หมู่เกาะสิมิลัน
2025-06-17T12:00:00Z,8.675,97.625,29.46,1.81,0.41000000000000003,1,หมู่เกาะสิมิลัน
2025-06-18T12:00:00Z,8.675,97.625,29.29,1.81,0.25,1,หมู่เกาะสิมิลัน
2025-06-19T12:00:00Z,8.675,97.625,29.32,1.81,0.29,1,หมู่เกาะสิมิลัน
2025-06-20T12:00:00Z,8.675,97.625,29.39,1.81,0.38,1,หมู่เกาะสิมิลัน
2025-06-21T12:00:00Z,8.675,97.625,29.35,1.81,0.35000000000000003,1,หมู่เกาะสิมิลัน
2025-06-22T12:00:00Z,8.675,97.625,29.02,1.81,0.04,1,หมู่เกาะสิมิลัน
2025-06-23T12:00:00Z,8.675,97.625,28.72,1.81,-0.25,1,หมู่เกาะสิมิลัน
2025-06-24T12:00:00Z,8.675,97.625,28.94,1.81,-0.02,1,หมู่เกาะสิมิลัน
2025-06-25T12:00:00Z,8.675,97.625,29.19,1.81,0.25,1,หมู่เกาะสิมิลัน
2025-06-26T12:00:00Z,8.675,97.625,29.310000000000002,1.81,0.38,1,หมู่เกาะสิมิลัน
2025-06-27T12:00:00Z,8.675,97.625,29.6,1.81,0.68,1,หมู่เกาะสิมิลัน
2025-06-28T12:00:00Z,8.675,97.625,29.21,1.81,0.31,1,หมู่เกาะสิมิลัน
2025-06-29T12:00:00Z,8.675,97.625,29.09,1.81,0.2,1,หมู่เกาะสิมิลัน
2025-06-30T12:00:00Z,8.675,97.625,29.21,1.81,0.34,1,หมู่เกาะสิมิลัน
2025-07-01T12:00:00Z,8.675,97.625,29.09,1.81,0.23,1,หมู่เกาะสิมิลัน
2025-07-02T12:00:00Z,8.675,97.625,28.94,1.81,0.09,1,หมู่เกาะสิมิลัน
2025-07-03T12:00:00Z,8.675,97.625,28.98,1.81,0.15,1,หมู่เกาะสิมิลัน
2025-07-04T12:00:00Z,8.675,97.625,29.18,1.81,0.36,1,หมู่เกาะสิมิลัน
2025-07-05T12:00:00Z,8.675,97.625,29.150000000000002,1.81,0.34,1,หมู่เกาะสิมิลัน
2025-07-06T12:00:00Z,8.675,97.625,29.07,1.81,0.28,1,หมู่เกาะสิมิลัน
2025-07-07T12:00:00Z,8.675,97.625,28.94,1.81,0.16,1,หมู่เกาะสิมิลัน
2025-07-07T12:00:00Z,8.675,97.625,28.94,1.81,0.16,1,หมู่เกาะสิมิลัน
2025-07-08T12:00:00Z,8.675,97.625,28.95,1.81,0.18,1,หมู่เกาะสิมิลัน
2025-07-09T12:00:00Z,8.675,97.625,28.96,1.81,0.21,1,หมู่เกาะสิมิลัน
2025-07-10T12:00:00Z,8.675,97.625,29.1,1.81,0.36,1,หมู่เกาะสิมิลัน
2025-07-11T12:00:00Z,8.675,97.625,28.85,1.81,0.13,1,หมู่เกาะสิมิลัน
2025-07-12T12:00:00Z,8.675,97.625,28.96,1.81,0.25,1,หมู่เกาะสิมิลัน
2025-07-13T12:00:00Z,8.675,97.625,28.96,1.81,0.26,1,หมู่เกาะสิมิลัน
2025-07-14T12:00:00Z,8.675,97.625,28.95,1.81,0.27,1,หมู่เกาะสิมิลัน
2025-07-15T12:00:00Z,8.675,97.625,29.09,1.81,0.42,1,หมู่เกาะสิมิลัน
2025-07-16T12:00:00Z,8.675,97.625,29.11,1.81,0.45,1,หมู่เกาะสิมิลัน
2025-07-17T12:00:00Z,8.675,97.625,29.150000000000002,1.81,0.51,1,หมู่เกาะสิมิลัน
2025-07-18T12:00:00Z,8.675,97.625,29.27,1.6500000000000001,0.64,1,หมู่เกาะสิมิลัน
2025-07-19T12:00:00Z,8.675,97.625,29.02,1.6500000000000001,0.41000000000000003,1,หมู่เกาะสิมิลัน
2025-07-20T12:00:00Z,8.675,97.625,29.01,1.6500000000000001,0.41000000000000003,1,หมู่เกาะสิมิลัน
2025-07-21T12:00:00Z,8.675,97.625,29.150000000000002,1.6500000000000001,0.5700000000000001,1,หมู่เกาะสิมิลัน
2025-07-22T12:00:00Z,8.675,97.625,29.060000000000002,1.49,0.49,1,หมู่เกาะสิมิลัน
2025-07-23T12:00:00Z,8.675,97.625,28.92,1.28,0.36,1,หมู่เกาะสิมิลัน
2025-07-24T12:00:00Z,8.675,97.625,28.89,1.1,0.35000000000000003,1,หมู่เกาะสิมิลัน
2025-07-25T12:00:00Z,8.675,97.625,29.01,0.9400000000000001,0.48,1,หมู่เกาะสิมิลัน
2025-07-26T12:00:00Z,8.675,97.625,28.98,0.9400000000000001,0.47000000000000003,1,หมู่เกาะสิมิลัน
2025-07-27T12:00:00Z,8.675,97.625,28.89,0.8,0.39,1,หมู่เกาะสิมิลัน
2025-07-28T12:00:00Z,8.675,97.625,29.05,0.61,0.56,1,หมู่เกาะสิมิลัน
2025-07-29T12:00:00Z,8.675,97.625,29.12,0.45,0.65,1,หมู่เกาะสิมิลัน
2025-07-30T12:00:00Z,8.675,97.625,29.21,0.3,0.75,1,หมู่เกาะสิมิลัน
2025-07-31T12:00:00Z,8.675,97.625,29.37,0.3,0.93,1,หมู่เกาะสิมิลัน
2025-08-01T12:00:00Z,8.675,97.625,29.61,0.15,1.18,1,หมู่เกาะสิมิลัน
2025-08-02T12:00:00Z,8.675,97.625,29.51,0.0,1.1,1,หมู่เกาะสิมิลัน
2025-08-03T12:00:00Z,8.675,97.625,29.57,0.0,1.17,1,หมู่เกาะสิมิลัน
2025-08-04T12:00:00Z,8.675,97.625,29.75,0.0,1.36,1,หมู่เกาะสิมิลัน
2025-08-05T12:00:00Z,8.675,97.625,29.740000000000002,0.0,1.37,1,หมู่เกาะสิมิลัน
2025-08-06T12:00:00Z,8.675,97.625,29.96,0.0,1.6,1,หมู่เกาะสิมิลัน
2025-08-07T12:00:00Z,8.675,97.625,29.72,0.0,1.3800000000000001,1,หมู่เกาะสิมิลัน
2025-08-08T12:00:00Z,8.675,97.625,29.43,0.0,1.1,1,หมู่เกาะสิมิลัน
2025-08-09T12:00:00Z,8.675,97.625,29.5,0.0,1.18,1,หมู่เกาะสิมิลัน
2025-08-10T12:00:00Z,8.675,97.625,29.490000000000002,0.0,1.19,1,หมู่เกาะสิมิลัน
2025-08-11T12:00:00Z,8.675,97.625,29.5,0.0,1.21,1,หมู่เกาะสิมิลัน
2025-08-12T12:00:00Z,8.675,97.625,29.560000000000002,0.0,1.29,1,หมู่เกาะสิมิลัน
2025-08-13T12:00:00Z,8.675,97.625,29.67,0.0,1.41,1,หมู่เกาะสิมิลัน
2025-08-14T12:00:00Z,8.675,97.625,29.47,0.0,1.23,1,หมู่เกาะสิมิลัน
2025-08-15T12:00:00Z,8.675,97.625,29.57,0.0,1.34,1,หมู่เกาะสิมิลัน
2025-08-16T12:00:00Z,8.675,97.625,29.580000000000002,0.0,1.36,1,หมู่เกาะสิมิลัน
2025-08-17T12:00:00Z,8.675,97.625,29.37,0.0,1.1500000000000001,1,หมู่เกาะสิมิลัน
2025-08-18T12:00:00Z,8.675,97.625,29.79,0.0,1.58,1,หมู่เกาะสิมิลัน
2025-08-19T12:00:00Z,8.675,97.625,29.55,0.0,1.34,1,หมู่เกาะสิมิลัน
2025-08-20T12:00:00Z,8.675,97.625,29.400000000000002,0.0,1.2,1,หมู่เกาะสิมิลัน
2025-08-21T12:00:00Z,8.675,97.625,29.43,0.0,1.23,1,หมู่เกาะสิมิลัน
2025-08-22T12:00:00Z,8.675,97.625,29.26,0.0,1.07,1,หมู่เกาะสิมิลัน
2025-08-23T12:00:00Z,8.675,97.625,29.39,0.0,1.21,1,หมู่เกาะสิมิลัน
2025-08-24T12:00:00Z,8.675,97.625,29.28,0.0,1.1,1,หมู่เกาะสิมิลัน
2025-08-25T12:00:00Z,8.675,97.625,29.16,0.0,0.99,1,หมู่เกาะสิมิลัน
2025-08-26T12:00:00Z,8.675,97.625,29.12,0.0,0.9500000000000001,1,หมู่เกาะสิมิลัน
2025-08-27T12:00:00Z,8.675,97.625,28.92,0.0,0.76,1,หมู่เกาะสิมิลัน
2025-08-28T12:00:00Z,8.675,97.625,28.94,0.0,0.79,1,หมู่เกาะสิมิลัน
2025-08-29T12:00:00Z,8.675,97.625,28.93,0.0,0.78,1,หมู่เกาะสิมิลัน
2025-08-30T12:00:00Z,8.675,97.625,29.1,0.0,0.96,1,หมู่เกาะสิมิลัน
2025-08-31T12:00:00Z,8.675,97.625,28.93,0.0,0.79,1,หมู่เกาะสิมิลัน
2025-09-01T12:00:00Z,8.675,97.625,28.92,0.0,0.79,1,หมู่เกาะสิมิลัน
2025-09-02T12:00:00Z,8.675,97.625,28.95,0.0,0.8200000000000001,1,หมู่เกาะสิมิลัน
2025-09-03T12:00:00Z,8.675,97.625,28.93,0.0,0.81,1,หมู่เกาะสิมิลัน
2025-09-04T12:00:00Z,8.675,97.625,28.57,0.0,0.46,1,หมู่เกาะสิมิลัน
2025-09-05T12:00:00Z,8.675,97.625,28.490000000000002,0.0,0.38,1,หมู่เกาะสิมิลัน
2025-09-06T12:00:00Z,8.675,97.625,28.55,0.0,0.45,1,หมู่เกาะสิมิลัน
2025-09-07T12:00:00Z,8.675,97.625,28.27,0.0,0.17,1,หมู่เกาะสิมิลัน
2025-09-08T12:00:00Z,8.675,97.625,28.21,0.0,0.12,1,หมู่เกาะสิมิลัน
2025-09-09T12:00:00Z,8.675,97.625,28.0,0.0,-0.08,1,หมู่เกาะสิมิลัน
2025-09-10T12:00:00Z,8.675,97.625,28.42,0.0,0.34,1,หมู่เกาะสิมิลัน
2025-09-11T12:00:00Z,8.675,97.625,28.51,0.0,0.44,1,หมู่เกาะสิมิลัน
2025-09-12T12:00:00Z,8.675,97.625,28.28,0.0,0.21,1,หมู่เกาะสิมิลัน
2025-09-13T12:00:00Z,8.675,97.625,28.21,0.0,0.15,1,หมู่เกาะสิมิลัน
2025-09-14T12:00:00Z,8.675,97.625,28.43,0.0,0.37,1,หมู่เกาะสิมิลัน
2025-09-15T12:00:00Z,8.675,97.625,28.14,0.0,0.09,1,หมู่เกาะสิมิลัน
2025-09-16T12:00:00Z,8.675,97.625,28.25,0.0,0.2,1,หมู่เกาะสิมิลัน
2025-09-17T12:00:00Z,8.675,97.625,28.05,0.0,0.0,1,หมู่เกาะสิมิลัน
2025-09-18T12:00:00Z,8.675,97.625,27.85,0.0,-0.21,1,หมู่เกาะสิมิลัน
2025-09-19T12:00:00Z,8.675,97.625,28.68,0.0,0.62,1,หมู่เกาะสิมิลัน
2025-09-20T12:00:00Z,8.675,97.625,28.61,0.0,0.55,1,หมู่เกาะสิมิลัน
2025-09-21T12:00:00Z,8.675,97.625,28.68,0.0,0.62,1,หมู่เกาะสิมิลัน
2025-09-22T12:00:00Z,8.675,97.625,28.76,0.0,0.7000000000000001,1,หมู่เกาะสิมิลัน
2025-09-23T12:00:00Z,8.675,97.625,28.91,0.0,0.84,1,หมู่เกาะสิมิลัน
2025-09-24T12:00:00Z,8.675,97.625,28.97,0.0,0.9,1,หมู่เกาะสิมิลัน
2025-09-25T12:00:00Z,8.675,97.625,28.88,0.0,0.81,1,หมู่เกาะสิมิลัน
2025-09-26T12:00:00Z,8.675,97.625,28.69,0.0,0.62,1,หมู่เกาะสิมิลัน
2025-09-27T12:00:00Z,8.675,97.625,28.73,0.0,0.66,1,หมู่เกาะสิมิลัน
2025-09-28T12:00:00Z,8.675,97.625,28.55,0.0,0.47000000000000003,1,หมู่เกาะสิมิลัน
2025-09-29T12:00:00Z,8.675,97.625,28.44,0.0,0.36,1,หมู่เกาะสิมิลัน
2025-09-30T12:00:00Z,8.675,97.625,28.27,0.0,0.19,1,หมู่เกาะสิมิลัน
2025-10-01T12:00:00Z,8.675,97.625,28.580000000000002,0.0,0.5,1,หมู่เกาะสิมิลัน
2025-10-02T12:00:00Z,8.675,97.625,28.76,0.0,0.68,1,หมู่เกาะสิมิลัน
2025-10-03T12:00:00Z,8.675,97.625,28.69,0.0,0.6,1,หมู่เกาะสิมิลัน
2025-10-04T12:00:00Z,8.675,97.625,28.53,0.0,0.44,1,หมู่เกาะสิมิลัน
2025-10-05T12:00:00Z,8.675,97.625,28.6,0.0,0.51,1,หมู่เกาะสิมิลัน
2025-10-05T12:00:00Z,8.675,97.625,28.6,0.0,0.51,1,หมู่เกาะสิมิลัน
2025-10-06T12:00:00Z,8.675,97.625,28.59,0.0,0.5,1,หมู่เกาะสิมิลัน
2025-10-07T12:00:00Z,8.675,97.625,28.97,0.0,0.88,1,หมู่เกาะสิมิลัน
2025-10-08T12:00:00Z,8.675,97.625,28.95,0.0,0.85,1,หมู่เกาะสิมิลัน
2025-10-09T12:00:00Z,8.675,97.625,28.79,0.0,0.6900000000000001,1,หมู่เกาะสิมิลัน
2025-10-10T12:00:00Z,8.675,97.625,28.7,0.0,0.6,1,หมู่เกาะสิมิลัน
2025-10-11T12:00:00Z,8.675,97.625,28.61,0.0,0.51,1,หมู่เกาะสิมิลัน
2025-10-12T12:00:00Z,8.675,97.625,28.67,0.0,0.5700000000000001,1,หมู่เกาะสิมิลัน
2025-10-13T12:00:00Z,8.675,97.625,28.89,0.0,0.78,1,หมู่เกาะสิมิลัน
2025-10-14T12:00:00Z,8.675,97.625,29.22,0.0,1.11,1,หมู่เกาะสิมิลัน
2025-10-15T12:00:00Z,8.675,97.625,29.26,0.0,1.1500000000000001,1,หมู่เกาะสิมิลัน
2025-10-16T12:00:00Z,8.675,97.625,28.82,0.0,0.7000000000000001,1,หมู่เกาะสิมิลัน
2025-10-17T12:00:00Z,8.675,97.625,29.26,0.0,1.1300000000000001,1,หมู่เกาะสิมิลัน
2025-10-18T12:00:00Z,8.675,97.625,29.35,0.0,1.21,1,หมู่เกาะสิมิลัน
2025-10-19T12:00:00Z,8.675,97.625,29.13,0.0,0.98,1,หมู่เกาะสิมิลัน
2025-10-20T12:00:00Z,8.675,97.625,28.96,0.0,0.8,1,หมู่เกาะสิมิลัน
2025-10-21T12:00:00Z,8.675,97.625,28.86,0.0,0.68,1,หมู่เกาะสิมิลัน
2025-10-22T12:00:00Z,8.675,97.625,28.94,0.0,0.75,1,หมู่เกาะสิมิลัน
2025-10-23T12:00:00Z,8.675,97.625,28.95,0.0,0.75,1,หมู่เกาะสิมิลัน
2025-10-24T12:00:00Z,8.675,97.625,28.88,0.0,0.67,1,หมู่เกาะสิมิลัน
2025-10-25T12:00:00Z,8.675,97.625,28.95,0.0,0.73,1,หมู่เกาะสิมิลัน
2025-10-26T12:00:00Z,8.675,97.625,29.07,0.0,0.84,1,หมู่เกาะสิมิลัน
2025-10-27T12:00:00Z,8.675,97.625,29.080000000000002,0.0,0.84,1,หมู่เกาะสิมิลัน
2025-10-28T12:00:00Z,8.675,97.625,29.04,0.0,0.79,1,หมู่เกาะสิมิลัน
2025-10-29T12:00:00Z,8.675,97.625,28.97,0.0,0.71,1,หมู่เกาะสิมิลัน
2025-10-30T12:00:00Z,8.675,97.625,28.87,0.0,0.6,1,หมู่เกาะสิมิลัน
2025-10-31T12:00:00Z,8.675,97.625,28.86,0.0,0.5700000000000001,1,หมู่เกาะสิมิลัน
2025-11-01T12:00:00Z,8.675,97.625,28.69,0.0,0.39,1,หมู่เกาะสิมิลัน
2025-11-02T12:00:00Z,8.675,97.625,28.77,0.0,0.46,1,หมู่เกาะสิมิลัน
2025-11-03T12:00:00Z,8.675,97.625,29.02,0.0,0.7000000000000001,1,หมู่เกาะสิมิลัน
2025-11-04T12:00:00Z,8.675,97.625,29.080000000000002,0.0,0.75,1,หมู่เกาะสิมิลัน
2025-11-05T12:00:00Z,8.675,97.625,29.04,0.0,0.7000000000000001,1,หมู่เกาะสิมิลัน
2025-11-06T12:00:00Z,8.675,97.625,29.04,0.0,0.6900000000000001,1,หมู่เกาะสิมิลัน
2025-11-07T12:00:00Z,8.675,97.625,28.86,0.0,0.5,1,หมู่เกาะสิมิลัน
2025-11-08T12:00:00Z,8.675,97.625,28.84,0.0,0.47000000000000003,1,หมู่เกาะสิมิลัน
2025-11-09T12:00:00Z,8.675,97.625,28.810000000000002,0.0,0.43,1,หมู่เกาะสิมิลัน
2025-11-10T12:00:00Z,8.675,97.625,28.63,0.0,0.23,1,หมู่เกาะสิมิลัน
2025-11-11T12:00:00Z,8.675,97.625,28.63,0.0,0.22,1,หมู่เกาะสิมิลัน
2025-11-12T12:00:00Z,8.675,97.625,28.55,0.0,0.13,1,หมู่เกาะสิมิลัน
2025-11-13T12:00:00Z,8.675,97.625,28.69,0.0,0.26,1,หมู่เกาะสิมิลัน
2025-11-14T12:00:00Z,8.675,97.625,29.27,0.0,0.8300000000000001,1,หมู่เกาะสิมิลัน
2025-11-15T12:00:00Z,8.675,97.625,29.11,0.0,0.66,1,หมู่เกาะสิมิลัน
2025-11-16T12:00:00Z,8.675,97.625,29.05,0.0,0.61,1,หมู่เกาะสิมิลัน
2025-11-17T12:00:00Z,8.675,97.625,28.89,0.0,0.45,1,หมู่เกาะสิมิลัน
2025-11-18T12:00:00Z,8.675,97.625,29.21,0.0,0.78,1,หมู่เกาะสิมิลัน
2025-11-19T12:00:00Z,8.675,97.625,29.11,0.0,0.6900000000000001,1,หมู่เกาะสิมิลัน
2025-11-20T12:00:00Z,8.675,97.625,29.09,0.0,0.67,1,หมู่เกาะสิมิลัน
2025-11-21T12:00:00Z,8.675,97.625,28.990000000000002,0.0,0.58,1,หมู่เกาะสิมิลัน
2025-11-22T12:00:00Z,8.675,97.625,28.94,0.0,0.54,1,หมู่เกาะสิมิลัน
2025-11-23T12:00:00Z,8.675,97.625,28.63,0.0,0.23,1,หมู่เกาะสิมิลัน
2025-11-24T12:00:00Z,8.675,97.625,28.66,0.0,0.27,1,หมู่เกาะสิมิลัน
2025-11-25T12:00:00Z,8.675,97.625,28.52,0.0,0.14,1,หมู่เกาะสิมิลัน
2025-11-26T12:00:00Z,8.675,97.625,28.45,0.0,0.07,1,หมู่เกาะสิมิลัน
2025-11-27T12:00:00Z,8.675,97.625,28.28,0.0,-0.09,1,หมู่เกาะสิมิลัน
2025-11-28T12:00:00Z,8.675,97.625,28.34,0.0,-0.02,1,หมู่เกาะสิมิลัน
2025-11-29T12:00:00Z,8.675,97.625,28.25,0.0,-0.11,1,หมู่เกาะสิมิลัน
2025-11-30T12:00:00Z,8.675,97.625,28.29,0.0,-0.06,1,หมู่เกาะสิมิลัน
2025-12-01T12:00:00Z,8.675,97.625,28.48,0.0,0.14,1,หมู่เกาะสิมิลัน
2025-12-02T12:00:00Z,8.675,97.625,28.5,0.0,0.16,1,หมู่เกาะสิมิลัน
2025-12-03T12:00:00Z,8.675,97.625,28.62,0.0,0.29,1,หมู่เกาะสิมิลัน
2025-12-04T12:00:00Z,8.675,97.625,28.69,0.0,0.37,1,หมู่เกาะสิมิลัน
2025-12-05T12:00:00Z,8.675,97.625,28.78,0.0,0.46,1,หมู่เกาะสิมิลัน
2025-12-06T12:00:00Z,8.675,97.625,28.73,0.0,0.42,1,หมู่เกาะสิมิลัน
2025-12-07T12:00:00Z,8.675,97.625,28.78,0.0,0.48,1,หมู่เกาะสิมิลัน
2025-12-08T12:00:00Z,8.675,97.625,29.3,0.0,1.0,1,หมู่เกาะสิมิลัน
2025-12-09T12:00:00Z,8.675,97.625,28.7,0.0,0.41000000000000003,1,หมู่เกาะสิมิลัน
2025-12-10T12:00:00Z,8.675,97.625,28.62,0.0,0.34,1,หมู่เกาะสิมิลัน
2025-12-11T12:00:00Z,8.675,97.625,28.650000000000002,0.0,0.37,1,หมู่เกาะสิมิลัน
2025-12-12T12:00:00Z,8.675,97.625,28.73,0.0,0.46,1,หมู่เกาะสิมิลัน
2025-12-13T12:00:00Z,8.675,97.625,27.84,0.0,-0.42,1,หมู่เกาะสิมิลัน
2025-12-14T12:00:00Z,8.675,97.625,27.94,0.0,-0.32,1,หมู่เกาะสิมิลัน
2025-12-15T12:00:00Z,8.675,97.625,28.47,0.0,0.22,1,หมู่เกาะสิมิลัน
2025-12-16T12:00:00Z,8.675,97.625,28.51,0.0,0.27,1,หมู่เกาะสิมิลัน
2025-12-17T12:00:00Z,8.675,97.625,28.5,0.0,0.26,1,หมู่เกาะสิมิลัน
2025-12-18T12:00:00Z,8.675,97.625,28.79,0.0,0.56,1,หมู่เกาะสิมิลัน
2025-12-19T12:00:00Z,8.675,97.625,28.76,0.0,0.53,1,หมู่เกาะสิมิลัน
2025-12-20T12:00:00Z,8.675,97.625,28.77,0.0,0.55,1,หมู่เกาะสิมิลัน
2025-12-21T12:00:00Z,8.675,97.625,28.830000000000002,0.0,0.62,1,หมู่เกาะสิมิลัน
2025-12-22T12:00:00Z,8.675,97.625,28.75,0.0,0.54,1,หมู่เกาะสิมิลัน
2025-12-23T12:00:00Z,8.675,97.625,28.85,0.0,0.65,1,หมู่เกาะสิมิลัน
2025-12-24T12:00:00Z,8.675,97.625,28.96,0.0,0.77,1,หมู่เกาะสิมิลัน
2025-12-25T12:00:00Z,8.675,97.625,28.91,0.0,0.72,1,หมู่เกาะสิมิลัน
2025-12-26T12:00:00Z,8.675,97.625,28.85,0.0,0.67,1,หมู่เกาะสิมิลัน
2025-12-27T12:00:00Z,8.675,97.625,28.830000000000002,0.0,0.65,1,หมู่เกาะสิมิลัน
2025-12-28T12:00:00Z,8.675,97.625,28.87,0.0,0.7000000000000001,1,หมู่เกาะสิมิลัน
2025-12-29T12:00:00Z,8.675,97.625,28.86,0.0,0.7000000000000001,1,หมู่เกาะสิมิลัน
2025-12-30T12:00:00Z,8.675,97.625,28.86,0.0,0.7000000000000001,1,หมู่เกาะสิมิลัน
2025-12-31T12:00:00Z,8.675,97.625,29.16,0.0,1.01,1,หมู่เกาะสิมิลัน
2026-01-01T12:00:00Z,8.675,97.625,29.16,0.0,1.01,1,หมู่เกาะสิมิลัน
2026-01-02T12:00:00Z,8.675,97.625,29.07,0.0,0.93,1,หมู่เกาะสิมิลัน
2026-01-03T12:00:00Z,8.675,97.625,28.97,0.0,0.84,1,หมู่เกาะสิมิลัน
2026-01-03T12:00:00Z,8.675,97.625,28.97,0.0,0.84,1,หมู่เกาะสิมิลัน
2026-01-04T12:00:00Z,8.675,97.625,28.900000000000002,0.0,0.77,1,หมู่เกาะสิมิลัน
2026-01-05T12:00:00Z,8.675,97.625,28.68,0.0,0.56,1,หมู่เกาะสิมิลัน
2026-01-06T12:00:00Z,8.675,97.625,28.67,0.0,0.55,1,หมู่เกาะสิมิลัน
2026-01-07T12:00:00Z,8.675,97.625,28.76,0.0,0.65,1,หมู่เกาะสิมิลัน
2026-01-08T12:00:00Z,8.675,97.625,28.72,0.0,0.62,1,หมู่เกาะสิมิลัน
2026-01-09T12:00:00Z,8.675,97.625,28.64,0.0,0.54,1,หมู่เกาะสิมิลัน
2026-01-10T12:00:00Z,8.675,97.625,28.61,0.0,0.52,1,หมู่เกาะสิมิลัน
2026-01-11T12:00:00Z,8.675,97.625,28.580000000000002,0.0,0.5,1,หมู่เกาะสิมิลัน
2026-01-12T12:00:00Z,8.675,97.625,28.53,0.0,0.45,1,หมู่เกาะสิมิลัน
2026-01-13T12:00:00Z,8.675,97.625,28.52,0.0,0.45,1,หมู่เกาะสิมิลัน
2026-01-14T12:00:00Z,8.675,97.625,28.62,0.0,0.55,1,หมู่เกาะสิมิลัน
2026-01-15T12:00:00Z,8.675,97.625,28.63,0.0,0.5700000000000001,1,หมู่เกาะสิมิลัน
2026-01-16T12:00:00Z,8.675,97.625,28.73,0.0,0.66,1,หมู่เกาะสิมิลัน
2026-01-17T12:00:00Z,8.675,97.625,28.69,0.0,0.61,1,หมู่เกาะสิมิลัน
2026-01-18T12:00:00Z,8.675,97.625,28.68,0.0,0.59,1,หมู่เกาะสิมิลัน
2026-01-19T12:00:00Z,8.675,97.625,28.580000000000002,0.0,0.48,1,หมู่เกาะสิมิลัน
2026-01-20T12:00:00Z,8.675,97.625,28.61,0.0,0.5,1,หมู่เกาะสิมิลัน
2026-01-21T12:00:00Z,8.675,97.625,28.77,0.0,0.64,1,หมู่เกาะสิมิลัน
2026-01-22T12:00:00Z,8.675,97.625,28.69,0.0,0.55,1,หมู่เกาะสิมิลัน
2026-01-23T12:00:00Z,8.675,97.625,28.63,0.0,0.48,1,หมู่เกาะสิมิลัน
2026-01-24T12:00:00Z,8.675,97.625,28.59,0.0,0.43,1,หมู่เกาะสิมิลัน
2026-01-25T12:00:00Z,8.675,97.625,28.63,0.0,0.46,1,หมู่เกาะสิมิลัน
2026-01-26T12:00:00Z,8.675,97.625,28.45,0.0,0.27,1,หมู่เกาะสิมิลัน
2026-01-27T12:00:00Z,8.675,97.625,28.66,0.0,0.47000000000000003,1,หมู่เกาะสิมิลัน
2026-01-28T12:00:00Z,8.675,97.625,28.47,0.0,0.27,1,หมู่เกาะสิมิลัน
2026-01-29T12:00:00Z,8.675,97.625,28.57,0.0,0.36,1,หมู่เกาะสิมิลัน
2026-01-30T12:00:00Z,8.675,97.625,28.650000000000002,0.0,0.43,1,หมู่เกาะสิมิลัน
2026-01-31T12:00:00Z,8.675,97.625,28.67,0.0,0.43,1,หมู่เกาะสิมิลัน
2026-02-01T12:00:00Z,8.675,97.625,28.7,0.0,0.45,1,หมู่เกาะสิมิลัน
2026-02-02T12:00:00Z,8.675,97.625,28.71,0.0,0.45,1,หมู่เกาะสิมิลัน
2026-02-03T12:00:00Z,8.675,97.625,28.76,0.0,0.49,1,หมู่เกาะสิมิลัน
2026-02-04T12:00:00Z,8.675,97.625,28.73,0.0,0.45,1,หมู่เกาะสิมิลัน
2026-02-05T12:00:00Z,8.675,97.625,28.740000000000002,0.0,0.45,1,หมู่เกาะสิมิลัน
2026-02-06T12:00:00Z,8.675,97.625,28.830000000000002,0.0,0.53,1,หมู่เกาะสิมิลัน
2026-02-07T12:00:00Z,8.675,97.625,28.68,0.0,0.37,1,หมู่เกาะสิมิลัน
2026-02-08T12:00:00Z,8.675,97.625,28.7,0.0,0.38,1,หมู่เกาะสิมิลัน
2026-02-09T12:00:00Z,8.675,97.625,28.830000000000002,0.0,0.5,1,หมู่เกาะสิมิลัน
2026-02-10T12:00:00Z,8.675,97.625,28.8,0.0,0.45,1,หมู่เกาะสิมิลัน
2026-02-11T12:00:00Z,8.675,97.625,28.830000000000002,0.0,0.47000000000000003,1,หมู่เกาะสิมิลัน
2026-02-12T12:00:00Z,8.675,97.625,29.18,0.0,0.81,1,หมู่เกาะสิมิลัน
2026-02-13T12:00:00Z,8.675,97.625,29.05,0.0,0.67,1,หมู่เกาะสิมิลัน
2026-02-14T12:00:00Z,8.675,97.625,29.13,0.0,0.74,1,หมู่เกาะสิมิลัน
2026-02-15T12:00:00Z,8.675,97.625,28.97,0.0,0.5700000000000001,1,หมู่เกาะสิมิลัน
2026-02-16T12:00:00Z,8.675,97.625,29.060000000000002,0.0,0.64,1,หมู่เกาะสิมิลัน
2026-02-17T12:00:00Z,8.675,97.625,28.86,0.0,0.41000000000000003,1,หมู่เกาะสิมิลัน
2026-02-18T12:00:00Z,8.675,97.625,29.28,0.0,0.81,1,หมู่เกาะสิมิลัน
2026-02-19T12:00:00Z,8.675,97.625,29.21,0.0,0.72,1,หมู่เกาะสิมิลัน
2026-02-20T12:00:00Z,8.675,97.625,29.05,0.0,0.53,1,หมู่เกาะสิมิลัน
2026-02-21T12:00:00Z,8.675,97.625,29.080000000000002,0.0,0.54,1,หมู่เกาะสิมิลัน
2026-02-22T12:00:00Z,8.675,97.625,29.27,0.0,0.71,1,หมู่เกาะสิมิลัน
2026-02-23T12:00:00Z,8.675,97.625,29.27,0.0,0.68,1,หมู่เกาะสิมิลัน
2026-02-24T12:00:00Z,8.675,97.625,29.38,0.0,0.77,1,หมู่เกาะสิมิลัน
2026-02-25T12:00:00Z,8.675,97.625,29.47,0.0,0.84,1,หมู่เกาะสิมิลัน
2026-02-26T12:00:00Z,8.675,97.625,29.400000000000002,0.0,0.74,1,หมู่เกาะสิมิลัน
2026-02-27T12:00:00Z,8.675,97.625,29.29,0.0,0.61,1,หมู่เกาะสิมิลัน
2026-02-28T12:00:00Z,8.675,97.625,29.34,0.0,0.64,1,หมู่เกาะสิมิลัน
2026-03-01T12:00:00Z,8.675,97.625,29.44,0.0,0.72,1,หมู่เกาะสิมิลัน
2026-03-02T12:00:00Z,8.675,97.625,29.57,0.0,0.8200000000000001,1,หมู่เกาะสิมิลัน
2026-03-03T12:00:00Z,8.675,97.625,29.5,0.0,0.73,1,หมู่เกาะสิมิลัน
2026-03-04T12:00:00Z,8.675,97.625,29.43,0.0,0.64,1,หมู่เกาะสิมิลัน
2026-03-05T12:00:00Z,8.675,97.625,29.400000000000002,0.0,0.58,1,หมู่เกาะสิมิลัน
2026-03-06T12:00:00Z,8.675,97.625,29.27,0.0,0.43,1,หมู่เกาะสิมิลัน
2026-03-07T12:00:00Z,8.675,97.625,29.39,0.0,0.53,1,หมู่เกาะสิมิลัน
2026-03-08T12:00:00Z,8.675,97.625,29.57,0.0,0.68,1,หมู่เกาะสิมิลัน
2026-03-09T12:00:00Z,8.675,97.625,29.61,0.0,0.7000000000000001,1,หมู่เกาะสิมิลัน
2026-03-10T12:00:00Z,8.675,97.625,29.47,0.0,0.54,1,หมู่เกาะสิมิลัน
2026-03-11T12:00:00Z,8.675,97.625,29.72,0.0,0.76,1,หมู่เกาะสิมิลัน
2026-03-12T12:00:00Z,8.675,97.625,29.75,0.0,0.77,1,หมู่เกาะสิมิลัน
2026-03-13T12:00:00Z,8.675,97.625,29.84,0.0,0.84,1,หมู่เกาะสิมิลัน
2026-03-14T12:00:00Z,8.675,97.625,29.8,0.0,0.77,1,หมู่เกาะสิมิลัน
2026-03-15T12:00:00Z,8.675,97.625,29.68,0.0,0.63,1,หมู่เกาะสิมิลัน
2026-03-16T12:00:00Z,8.675,97.625,29.87,0.0,0.81,1,หมู่เกาะสิมิลัน
2026-03-17T12:00:00Z,8.675,97.625,29.84,0.0,0.76,1,หมู่เกาะสิมิลัน
2026-03-18T12:00:00Z,8.675,97.625,29.94,0.0,0.85,1,หมู่เกาะสิมิลัน
2026-03-19T12:00:00Z,8.675,97.625,30.12,0.0,1.01,1,หมู่เกาะสิมิลัน
2026-03-20T12:00:00Z,8.675,97.625,30.14,0.0,1.02,1,หมู่เกาะสิมิลัน
2026-03-21T12:00:00Z,8.675,97.625,30.09,0.0,0.9500000000000001,1,หมู่เกาะสิมิลัน
2026-03-22T12:00:00Z,8.675,97.625,30.150000000000002,0.0,1.0,1,หมู่เกาะสิมิลัน
2026-03-23T12:00:00Z,8.675,97.625,30.14,0.0,0.97,1,หมู่เกาะสิมิลัน
2026-03-24T12:00:00Z,8.675,97.625,30.37,0.0,1.19,1,หมู่เกาะสิมิลัน
2026-03-25T12:00:00Z,8.675,97.625,30.330000000000002,0.0,1.1300000000000001,1,หมู่เกาะสิมิลัน
2026-03-26T12:00:00Z,8.675,97.625,30.3,0.0,1.09,1,หมู่เกาะสิมิลัน
2026-03-27T12:00:00Z,8.675,97.625,30.34,0.0,1.11,1,หมู่เกาะสิมิลัน
2026-03-28T12:00:00Z,8.675,97.625,30.25,0.0,1.01,1,หมู่เกาะสิมิลัน
2026-03-29T12:00:00Z,8.675,97.625,30.47,0.0,1.21,1,หมู่เกาะสิมิลัน
2026-03-30T12:00:00Z,8.675,97.625,30.43,0.0,1.16,1,หมู่เกาะสิมิลัน
2026-03-31T12:00:00Z,8.675,97.625,30.400000000000002,0.0,1.11,1,หมู่เกาะสิมิลัน
2026-04-01T12:00:00Z,8.675,97.625,30.64,0.16,1.34,1,หมู่เกาะสิมิลัน
2026-04-02T12:00:00Z,8.675,97.625,30.61,0.32,1.29,1,หมู่เกาะสิมิลัน
2026-04-03T12:00:00Z,8.675,97.625,30.54,0.47000000000000003,1.21,1,หมู่เกาะสิมิลัน
2026-04-03T12:00:00Z,8.675,97.625,30.54,0.47000000000000003,1.21,1,หมู่เกาะสิมิลัน
2026-04-04T12:00:00Z,8.675,97.625,30.67,0.63,1.32,1,หมู่เกาะสิมิลัน
2026-04-05T12:00:00Z,8.675,97.625,30.67,0.8,1.31,1,หมู่เกาะสิมิลัน
2026-04-06T12:00:00Z,8.675,97.625,30.51,0.9400000000000001,1.1300000000000001,1,หมู่เกาะสิมิลัน
2026-04-07T12:00:00Z,8.675,97.625,30.39,0.9400000000000001,1.0,1,หมู่เกาะสิมิลัน
2026-04-08T12:00:00Z,8.675,97.625,30.38,0.9400000000000001,0.97,1,หมู่เกาะสิมิลัน
2026-04-09T12:00:00Z,8.675,97.625,30.21,0.9400000000000001,0.79,1,หมู่เกาะสิมิลัน
2026-04-10T12:00:00Z,8.675,97.625,30.310000000000002,0.9400000000000001,0.87,1,หมู่เกาะสิมิลัน
2026-04-11T12:00:00Z,8.675,97.625,30.3,0.9400000000000001,0.85,1,หมู่เกาะสิมิลัน
2026-04-12T12:00:00Z,8.675,97.625,30.46,0.9400000000000001,0.99,1,หมู่เกาะสิมิลัน
2026-04-13T12:00:00Z,8.675,97.625,30.52,1.08,1.04,1,หมู่เกาะสิมิลัน
2026-04-14T12:00:00Z,8.675,97.625,30.3,1.08,0.8,1,หมู่เกาะสิมิลัน
2026-04-15T12:00:00Z,8.675,97.625,30.42,1.08,0.91,1,หมู่เกาะสิมิลัน
2026-04-16T12:00:00Z,8.675,97.625,30.490000000000002,1.08,0.98,1,หมู่เกาะสิมิลัน
2026-04-17T12:00:00Z,8.675,97.625,30.46,1.08,0.9500000000000001,1,หมู่เกาะสิมิลัน
2026-04-18T12:00:00Z,8.675,97.625,30.560000000000002,1.23,1.05,1,หมู่เกาะสิมิลัน
2026-04-19T12:00:00Z,8.675,97.625,30.69,1.4000000000000001,1.18,1,หมู่เกาะสิมิลัน
2026-04-20T12:00:00Z,8.675,97.625,30.52,1.55,1.01,1,หมู่เกาะสิมิลัน
2026-04-21T12:00:00Z,8.675,97.625,30.51,1.69,1.0,1,หมู่เกาะสิมิลัน
2026-04-22T12:00:00Z,8.675,97.625,30.62,1.85,1.11,1,หมู่เกาะสิมิลัน
2026-04-23T12:00:00Z,8.675,97.625,30.43,1.85,0.92,1,หมู่เกาะสิมิลัน
2026-04-24T12:00:00Z,8.675,97.625,30.79,2.0300000000000002,1.28,1,หมู่เกาะสิมิลัน
2026-04-26T12:00:00Z,8.675,97.625,30.900000000000002,2.43,1.3900000000000001,1,หมู่เกาะสิมิลัน
2026-04-27T12:00:00Z,8.675,97.625,31.02,2.64,1.51,1,หมู่เกาะสิมิลัน
2026-04-28T12:00:00Z,8.675,97.625,31.1,2.87,1.59,1,หมู่เกาะสิมิลัน
2026-04-29T12:00:00Z,8.675,97.625,31.09,3.1,1.58,1,หมู่เกาะสิมิลัน
2026-04-30T12:00:00Z,8.675,97.625,31.37,3.36,1.86,1,หมู่เกาะสิมิลัน
2026-05-01T12:00:00Z,8.675,97.625,31.05,3.58,1.54,1,หมู่เกาะสิมิลัน
2026-05-02T12:00:00Z,8.675,97.625,31.04,3.8000000000000003,1.53,1,หมู่เกาะสิมิลัน
2026-05-03T12:00:00Z,8.675,97.625,30.94,4.0,1.43,1,หมู่เกาะสิมิลัน
2026-05-04T12:00:00Z,8.675,97.625,31.02,4.22,1.51,1,หมู่เกาะสิมิลัน
2026-05-05T12:00:00Z,8.675,97.625,31.1,4.45,1.59,1,หมู่เกาะสิมิลัน
2026-05-06T12:00:00Z,8.675,97.625,31.38,4.71,1.87,1,หมู่เกาะสิมิลัน
2026-05-07T12:00:00Z,8.675,97.625,31.060000000000002,4.94,1.55,1,หมู่เกาะสิมิลัน
2026-05-08T12:00:00Z,8.675,97.625,31.23,5.18,1.72,1,หมู่เกาะสิมิลัน
2026-05-09T12:00:00Z,8.675,97.625,31.09,5.41,1.58,1,หมู่เกาะสิมิลัน
2026-05-10T12:00:00Z,8.675,97.625,30.93,5.61,1.42,1,หมู่เกาะสิมิลัน
2026-05-11T12:00:00Z,8.675,97.625,31.060000000000002,5.83,1.55,1,หมู่เกาะสิมิลัน
2026-05-12T12:00:00Z,8.675,97.625,31.2,6.07,1.69,1,หมู่เกาะสิมิลัน
2026-05-13T12:00:00Z,8.675,97.625,31.32,6.33,1.81,1,หมู่เกาะสิมิลัน
2026-05-14T12:00:00Z,8.675,97.625,31.3,6.59,1.79,1,หมู่เกาะสิมิลัน
2026-05-15T12:00:00Z,8.675,97.625,30.79,6.7700000000000005,1.28,1,หมู่เกาะสิมิลัน
2026-05-16T12:00:00Z,8.675,97.625,30.69,6.94,1.19,1,หมู่เกาะสิมิลัน
2026-05-17T12:00:00Z,8.675,97.625,30.53,7.08,1.05,1,หมู่เกาะสิมิลัน
2026-05-18T12:00:00Z,8.675,97.625,30.740000000000002,7.26,1.27,1,หมู่เกาะสิมิลัน
2026-05-19T12:00:00Z,8.675,97.625,30.51,7.4,1.06,1,หมู่เกาะสิมิลัน
2026-05-20T12:00:00Z,8.675,97.625,29.900000000000002,7.4,0.46,1,หมู่เกาะสิมิลัน
2026-05-21T12:00:00Z,8.675,97.625,30.1,7.4,0.67,1,หมู่เกาะสิมิลัน
2026-05-22T12:00:00Z,8.675,97.625,29.93,7.4,0.52,1,หมู่เกาะสิมิลัน
2026-05-23T12:00:00Z,8.675,97.625,29.900000000000002,7.4,0.5,1,หมู่เกาะสิมิลัน
2026-05-24T12:00:00Z,8.675,97.625,29.98,7.4,0.59,1,หมู่เกาะสิมิลัน
2026-05-25T12:00:00Z,8.675,97.625,29.87,7.4,0.5,1,หมู่เกาะสิมิลัน
2026-05-26T12:00:00Z,8.675,97.625,29.95,7.4,0.59,1,หมู่เกาะสิมิลัน
2026-05-27T12:00:00Z,8.675,97.625,30.02,7.4,0.68,1,หมู่เกาะสิมิลัน
2026-05-28T12:00:00Z,8.675,97.625,29.85,7.4,0.52,1,หมู่เกาะสิมิลัน
2026-05-29T12:00:00Z,8.675,97.625,29.69,7.4,0.37,1,หมู่เกาะสิมิลัน
2026-05-30T12:00:00Z,8.675,97.625,29.67,7.4,0.37,1,หมู่เกาะสิมิลัน
2026-05-31T12:00:00Z,8.675,97.625,29.650000000000002,7.4,0.36,1,หมู่เกาะสิมิลัน
2026-06-01T12:00:00Z,8.675,97.625,29.61,7.4,0.34,1,หมู่เกาะสิมิลัน
2026-06-02T12:00:00Z,8.675,97.625,29.53,7.4,0.27,1,หมู่เกาะสิมิลัน
2026-06-03T12:00:00Z,8.675,97.625,29.38,7.4,0.13,1,หมู่เกาะสิมิลัน
2026-06-04T12:00:00Z,8.675,97.625,29.400000000000002,7.4,0.17,1,หมู่เกาะสิมิลัน
2026-06-05T12:00:00Z,8.675,97.625,29.240000000000002,7.4,0.02,1,หมู่เกาะสิมิลัน
2026-06-06T12:00:00Z,8.675,97.625,29.25,7.4,0.05,1,หมู่เกาะสิมิลัน
2026-06-07T12:00:00Z,8.675,97.625,29.34,7.4,0.15,1,หมู่เกาะสิมิลัน
2026-06-08T12:00:00Z,8.675,97.625,29.55,7.4,0.37,1,หมู่เกาะสิมิลัน
2026-06-09T12:00:00Z,8.675,97.625,29.43,7.4,0.27,1,หมู่เกาะสิมิลัน
2026-06-10T12:00:00Z,8.675,97.625,29.34,7.4,0.19,1,หมู่เกาะสิมิลัน
2026-06-11T12:00:00Z,8.675,97.625,29.28,7.4,0.14,1,หมู่เกาะสิมิลัน
2026-06-12T12:00:00Z,8.675,97.625,29.61,7.4,0.49,1,หมู่เกาะสิมิลัน
2026-06-13T12:00:00Z,8.675,97.625,29.76,7.4,0.65,1,หมู่เกาะสิมิลัน
2026-06-14T12:00:00Z,8.675,97.625,29.75,7.4,0.66,1,หมู่เกาะสิมิลัน
2026-06-15T12:00:00Z,8.675,97.625,29.98,7.4,0.9,1,หมู่เกาะสิมิลัน
2026-06-16T12:00:00Z,8.675,97.625,29.990000000000002,7.4,0.92,1,หมู่เกาะสิมิลัน
2026-06-17T12:00:00Z,8.675,97.625,29.57,7.4,0.52,1,หมู่เกาะสิมิลัน
2026-06-18T12:00:00Z,8.675,97.625,29.900000000000002,7.4,0.86,1,หมู่เกาะสิมิลัน
2026-06-19T12:00:00Z,8.675,97.625,29.990000000000002,7.4,0.96,1,หมู่เกาะสิมิลัน
2026-06-20T12:00:00Z,8.675,97.625,30.310000000000002,7.4,1.3,1,หมู่เกาะสิมิลัน
2026-06-21T12:00:00Z,8.675,97.625,30.13,7.4,1.1300000000000001,1,หมู่เกาะสิมิลัน
2026-06-22T12:00:00Z,8.675,97.625,30.17,7.4,1.19,1,หมู่เกาะสิมิลัน
2026-06-23T12:00:00Z,8.675,97.625,30.23,7.4,1.26,1,หมู่เกาะสิมิลัน
2026-06-24T12:00:00Z,8.675,97.625,30.12,7.24,1.16,1,หมู่เกาะสิมิลัน
2026-06-25T12:00:00Z,8.675,97.625,30.17,7.08,1.23,1,หมู่เกาะสิมิลัน
2026-06-26T12:00:00Z,8.675,97.625,29.900000000000002,6.94,0.97,1,หมู่เกาะสิมิลัน
2026-06-27T12:00:00Z,8.675,97.625,29.8,6.7700000000000005,0.88,1,หมู่เกาะสิมิลัน
2026-06-28T12:00:00Z,8.675,97.625,29.6,6.61,0.7000000000000001,1,หมู่เกาะสิมิลัน
2026-06-29T12:00:00Z,8.675,97.625,29.5,6.46,0.61,1,หมู่เกาะสิมิลัน
2026-06-30T12:00:00Z,8.675,97.625,29.87,6.46,1.0,1,หมู่เกาะสิมิลัน
2026-07-01T12:00:00Z,8.675,97.625,29.63,6.46,0.77,1,หมู่เกาะสิมิลัน
2026-07-02T12:00:00Z,8.675,97.625,29.96,6.46,1.11,1,หมู่เกาะสิมิลัน
2026-07-02T12:00:00Z,8.675,97.625,29.96,6.46,1.11,1,หมู่เกาะสิมิลัน
2026-07-03T12:00:00Z,8.675,97.625,29.19,6.46,0.36,1,หมู่เกาะสิมิลัน
2026-07-04T12:00:00Z,8.675,97.625,28.990000000000002,6.46,0.17,1,หมู่เกาะสิมิลัน
2026-07-05T12:00:00Z,8.675,97.625,29.54,6.46,0.73,1,หมู่เกาะสิมิลัน
2026-07-06T12:00:00Z,8.675,97.625,29.740000000000002,6.32,0.9500000000000001,1,หมู่เกาะสิมิลัน
2026-07-07T12:00:00Z,8.675,97.625,29.66,6.32,0.88,1,หมู่เกาะสิมิลัน
2026-07-08T12:00:00Z,8.675,97.625,29.5,6.32,0.73,1,หมู่เกาะสิมิลัน
2026-07-09T12:00:00Z,8.675,97.625,29.79,6.32,1.04,1,หมู่เกาะสิมิลัน
2026-07-10T12:00:00Z,8.675,97.625,29.63,6.32,0.89,1,หมู่เกาะสิมิลัน
2026-07-11T12:00:00Z,8.675,97.625,29.63,6.17,0.91,1,หมู่เกาะสิมิลัน
2026-07-12T12:00:00Z,8.675,97.625,29.51,6.0,0.8,1,หมู่เกาะสิมิลัน
2024-07-12T12:00:00Z,10.075,99.825,30.080000000000002,7.8100000000000005,1.05,2,เกาะเต่า
2024-07-13T12:00:00Z,10.075,99.825,29.97,7.8100000000000005,0.96,2,เกาะเต่า
2024-07-14T12:00:00Z,10.075,99.825,29.89,7.8100000000000005,0.9,2,เกาะเต่า
2024-07-15T12:00:00Z,10.075,99.825,29.78,7.8100000000000005,0.81,2,เกาะเต่า
2024-07-16T12:00:00Z,10.075,99.825,29.7,7.8100000000000005,0.74,2,เกาะเต่า
2024-07-17T12:00:00Z,10.075,99.825,29.69,7.66,0.73,2,เกาะเต่า
2024-07-18T12:00:00Z,10.075,99.825,29.69,7.47,0.74,2,เกาะเต่า
2024-07-19T12:00:00Z,10.075,99.825,29.740000000000002,7.2700000000000005,0.8,2,เกาะเต่า
2024-07-20T12:00:00Z,10.075,99.825,29.740000000000002,7.0600000000000005,0.81,2,เกาะเต่า
2024-07-21T12:00:00Z,10.075,99.825,29.61,6.83,0.68,2,เกาะเต่า
2024-07-22T12:00:00Z,10.075,99.825,29.580000000000002,6.63,0.66,2,เกาะเต่า
2024-07-23T12:00:00Z,10.075,99.825,29.560000000000002,6.41,0.65,2,เกาะเต่า
2024-07-24T12:00:00Z,10.075,99.825,29.330000000000002,6.19,0.43,2,เกาะเต่า
2024-07-26T12:00:00Z,10.075,99.825,29.54,5.72,0.65,2,เกาะเต่า
2024-07-27T12:00:00Z,10.075,99.825,29.57,5.46,0.6900000000000001,2,เกาะเต่า
2024-07-28T12:00:00Z,10.075,99.825,29.62,5.22,0.75,2,เกาะเต่า
2024-07-29T12:00:00Z,10.075,99.825,29.62,5.05,0.75,2,เกาะเต่า
2024-07-30T12:00:00Z,10.075,99.825,29.560000000000002,4.89,0.7000000000000001,2,เกาะเต่า
2024-07-31T12:00:00Z,10.075,99.825,29.55,4.7,0.7000000000000001,2,เกาะเต่า
2024-08-01T12:00:00Z,10.075,99.825,29.6,4.7,0.76,2,เกาะเต่า
2024-08-02T12:00:00Z,10.075,99.825,29.75,4.55,0.91,2,เกาะเต่า
2024-08-03T12:00:00Z,10.075,99.825,30.07,4.38,1.24,2,เกาะเต่า
2024-08-04T12:00:00Z,10.075,99.825,29.71,4.2,0.89,2,เกาะเต่า
2024-08-05T12:00:00Z,10.075,99.825,29.810000000000002,4.05,1.0,2,เกาะเต่า
2024-08-06T12:00:00Z,10.075,99.825,30.1,3.87,1.29,2,เกาะเต่า
2024-08-07T12:00:00Z,10.075,99.825,30.02,3.63,1.22,2,เกาะเต่า
2024-08-08T12:00:00Z,10.075,99.825,29.85,3.45,1.06,2,เกาะเต่า
2024-08-09T12:00:00Z,10.075,99.825,30.240000000000002,3.2600000000000002,1.46,2,เกาะเต่า
2024-08-10T12:00:00Z,10.075,99.825,30.42,3.0500000000000003,1.6400000000000001,2,เกาะเต่า
2024-08-11T12:00:00Z,10.075,99.825,30.32,2.89,1.55,2,เกาะเต่า
2024-08-12T12:00:00Z,10.075,99.825,30.21,2.66,1.45,2,เกาะเต่า
2024-08-13T12:00:00Z,10.075,99.825,30.39,2.45,1.6400000000000001,2,เกาะเต่า
2024-08-14T12:00:00Z,10.075,99.825,30.54,2.25,1.79,2,เกาะเต่า
2024-08-15T12:00:00Z,10.075,99.825,30.69,2.07,1.95,2,เกาะเต่า
2024-08-16T12:00:00Z,10.075,99.825,30.53,1.87,1.79,2,เกาะเต่า
2024-08-17T12:00:00Z,10.075,99.825,30.330000000000002,1.7,1.6,2,เกาะเต่า
2024-08-18T12:00:00Z,10.075,99.825,30.63,1.51,1.9000000000000001,2,เกาะเต่า
2024-08-19T12:00:00Z,10.075,99.825,30.77,1.29,2.04,2,เกาะเต่า
2024-08-20T12:00:00Z,10.075,99.825,30.740000000000002,1.12,2.0100000000000002,2,เกาะเต่า
2024-08-21T12:00:00Z,10.075,99.825,30.490000000000002,0.97,1.77,2,เกาะเต่า
2024-08-22T12:00:00Z,10.075,99.825,30.17,0.8200000000000001,1.45,2,เกาะเต่า
2024-08-23T12:00:00Z,10.075,99.825,29.91,0.8200000000000001,1.19,2,เกาะเต่า
2024-08-24T12:00:00Z,10.075,99.825,30.38,0.8200000000000001,1.6600000000000001,2,เกาะเต่า
2024-08-25T12:00:00Z,10.075,99.825,29.95,0.8200000000000001,1.24,2,เกาะเต่า
2024-08-26T12:00:00Z,10.075,99.825,30.39,0.8200000000000001,1.68,2,เกาะเต่า
2024-08-27T12:00:00Z,10.075,99.825,30.28,0.65,1.57,2,เกาะเต่า
2024-08-28T12:00:00Z,10.075,99.825,30.07,0.5,1.36,2,เกาะเต่า
2024-08-29T12:00:00Z,10.075,99.825,30.29,0.32,1.59,2,เกาะเต่า
2024-08-30T12:00:00Z,10.075,99.825,30.150000000000002,0.15,1.45,2,เกาะเต่า
2024-08-31T12:00:00Z,10.075,99.825,30.36,0.0,1.6600000000000001,2,เกาะเต่า
2024-09-01T12:00:00Z,10.075,99.825,30.400000000000002,0.0,1.7,2,เกาะเต่า
2024-09-02T12:00:00Z,10.075,99.825,30.29,0.0,1.6,2,เกาะเต่า
2024-09-03T12:00:00Z,10.075,99.825,30.19,0.0,1.5,2,เกาะเต่า
2024-09-04T12:00:00Z,10.075,99.825,30.16,0.0,1.47,2,เกาะเต่า
2024-09-05T12:00:00Z,10.075,99.825,29.94,0.0,1.25,2,เกาะเต่า
2024-09-06T12:00:00Z,10.075,99.825,29.93,0.0,1.25,2,เกาะเต่า
2024-09-07T12:00:00Z,10.075,99.825,29.330000000000002,0.0,0.65,2,เกาะเต่า
2024-09-08T12:00:00Z,10.075,99.825,29.94,0.0,1.26,2,เกาะเต่า
2024-09-09T12:00:00Z,10.075,99.825,29.650000000000002,0.0,0.97,2,เกาะเต่า
2024-09-10T12:00:00Z,10.075,99.825,29.810000000000002,0.0,1.1400000000000001,2,เกาะเต่า
2024-09-11T12:00:00Z,10.075,99.825,29.54,0.0,0.87,2,เกาะเต่า
2024-09-12T12:00:00Z,10.075,99.825,29.38,0.0,0.71,2,เกาะเต่า
2024-09-13T12:00:00Z,10.075,99.825,29.84,0.0,1.17,2,เกาะเต่า
2024-09-14T12:00:00Z,10.075,99.825,29.82,0.0,1.16,2,เกาะเต่า
2024-09-15T12:00:00Z,10.075,99.825,29.810000000000002,0.0,1.1500000000000001,2,เกาะเต่า
2024-09-16T12:00:00Z,10.075,99.825,29.69,0.0,1.03,2,เกาะเต่า
2024-09-17T12:00:00Z,10.075,99.825,29.8,0.0,1.1400000000000001,2,เกาะเต่า
2024-09-18T12:00:00Z,10.075,99.825,29.18,0.0,0.52,2,เกาะเต่า
2024-09-19T12:00:00Z,10.075,99.825,29.47,0.0,0.81,2,เกาะเต่า
2024-09-20T12:00:00Z,10.075,99.825,29.53,0.0,0.87,2,เกาะเต่า
2024-09-21T12:00:00Z,10.075,99.825,29.47,0.0,0.81,2,เกาะเต่า
2024-09-22T12:00:00Z,10.075,99.825,29.37,0.0,0.71,2,เกาะเต่า
2024-09-23T12:00:00Z,10.075,99.825,29.35,0.0,0.6900000000000001,2,เกาะเต่า
2024-09-24T12:00:00Z,10.075,99.825,29.330000000000002,0.0,0.67,2,เกาะเต่า
2024-09-25T12:00:00Z,10.075,99.825,29.71,0.0,1.05,2,เกาะเต่า
2024-09-26T12:00:00Z,10.075,99.825,29.63,0.0,0.97,2,เกาะเต่า
2024-09-27T12:00:00Z,10.075,99.825,29.76,0.0,1.1,2,เกาะเต่า
2024-09-28T12:00:00Z,10.075,99.825,30.21,0.0,1.55,2,เกาะเต่า
2024-09-29T12:00:00Z,10.075,99.825,30.12,0.0,1.46,2,เกาะเต่า
2024-09-30T12:00:00Z,10.075,99.825,30.1,0.0,1.44,2,เกาะเต่า
2024-10-01T12:00:00Z,10.075,99.825,29.84,0.0,1.18,2,เกาะเต่า
2024-10-02T12:00:00Z,10.075,99.825,29.51,0.0,0.85,2,เกาะเต่า
2024-10-03T12:00:00Z,10.075,99.825,29.92,0.0,1.26,2,เกาะเต่า
2024-10-04T12:00:00Z,10.075,99.825,29.97,0.0,1.31,2,เกาะเต่า
2024-10-05T12:00:00Z,10.075,99.825,29.810000000000002,0.0,1.1500000000000001,2,เกาะเต่า
2024-10-06T12:00:00Z,10.075,99.825,29.93,0.0,1.27,2,เกาะเต่า
2024-10-07T12:00:00Z,10.075,99.825,29.95,0.0,1.29,2,เกาะเต่า
2024-10-08T12:00:00Z,10.075,99.825,29.89,0.0,1.23,2,เกาะเต่า
2024-10-09T12:00:00Z,10.075,99.825,29.84,0.0,1.18,2,เกาะเต่า
2024-10-10T12:00:00Z,10.075,99.825,29.84,0.0,1.18,2,เกาะเต่า
2024-10-10T12:00:00Z,10.075,99.825,29.84,0.0,1.18,2,เกาะเต่า
2024-10-11T12:00:00Z,10.075,99.825,30.0,0.0,1.34,2,เกาะเต่า
2024-10-12T12:00:00Z,10.075,99.825,29.740000000000002,0.0,1.08,2,เกาะเต่า
2024-10-13T12:00:00Z,10.075,99.825,29.79,0.0,1.1300000000000001,2,เกาะเต่า
2024-10-14T12:00:00Z,10.075,99.825,29.93,0.0,1.27,2,เกาะเต่า
2024-10-15T12:00:00Z,10.075,99.825,30.16,0.0,1.5,2,เกาะเต่า
2024-10-16T12:00:00Z,10.075,99.825,30.1,0.0,1.45,2,เกาะเต่า
2024-10-17T12:00:00Z,10.075,99.825,30.14,0.0,1.5,2,เกาะเต่า
2024-10-18T12:00:00Z,10.075,99.825,29.97,0.0,1.34,2,เกาะเต่า
2024-10-19T12:00:00Z,10.075,99.825,29.92,0.0,1.3,2,เกาะเต่า
2024-10-20T12:00:00Z,10.075,99.825,29.91,0.0,1.3,2,เกาะเต่า
2024-10-21T12:00:00Z,10.075,99.825,29.89,0.0,1.29,2,เกาะเต่า
2024-10-22T12:00:00Z,10.075,99.825,29.8,0.0,1.21,2,เกาะเต่า
2024-10-23T12:00:00Z,10.075,99.825,29.6,0.0,1.03,2,เกาะเต่า
2024-10-24T12:00:00Z,10.075,99.825,29.63,0.0,1.07,2,เกาะเต่า
2024-10-25T12:00:00Z,10.075,99.825,29.14,0.0,0.59,2,เกาะเต่า
2024-10-26T12:00:00Z,10.075,99.825,29.44,0.0,0.9,2,เกาะเต่า
2024-10-27T12:00:00Z,10.075,99.825,29.54,0.0,1.01,2,เกาะเต่า
2024-10-28T12:00:00Z,10.075,99.825,29.37,0.0,0.85,2,เกาะเต่า
2024-10-29T12:00:00Z,10.075,99.825,29.61,0.0,1.1,2,เกาะเต่า
2024-10-30T12:00:00Z,10.075,99.825,29.810000000000002,0.0,1.31,2,เกาะเต่า
2024-10-31T12:00:00Z,10.075,99.825,30.01,0.0,1.52,2,เกาะเต่า
2024-11-01T12:00:00Z,10.075,99.825,29.830000000000002,0.0,1.35,2,เกาะเต่า
2024-11-02T12:00:00Z,10.075,99.825,30.0,0.0,1.53,2,เกาะเต่า
2024-11-03T12:00:00Z,10.075,99.825,29.810000000000002,0.0,1.35,2,เกาะเต่า
2024-11-04T12:00:00Z,10.075,99.825,29.68,0.0,1.23,2,เกาะเต่า
2024-11-05T12:00:00Z,10.075,99.825,29.5,0.0,1.06,2,เกาะเต่า
2024-11-06T12:00:00Z,10.075,99.825,29.490000000000002,0.0,1.06,2,เกาะเต่า
2024-11-07T12:00:00Z,10.075,99.825,29.67,0.0,1.25,2,เกาะเต่า
2024-11-08T12:00:00Z,10.075,99.825,29.51,0.0,1.11,2,เกาะเต่า
2024-11-09T12:00:00Z,10.075,99.825,29.39,0.0,1.0,2,เกาะเต่า
2024-11-10T12:00:00Z,10.075,99.825,29.560000000000002,0.0,1.18,2,เกาะเต่า
2024-11-11T12:00:00Z,10.075,99.825,29.38,0.0,1.01,2,เกาะเต่า
2024-11-12T12:00:00Z,10.075,99.825,29.37,0.0,1.01,2,เกาะเต่า
2024-11-13T12:00:00Z,10.075,99.825,29.55,0.0,1.2,2,เกาะเต่า
2024-11-14T12:00:00Z,10.075,99.825,29.8,0.0,1.46,2,เกาะเต่า
2024-11-15T12:00:00Z,10.075,99.825,29.740000000000002,0.0,1.41,2,เกาะเต่า
2024-11-16T12:00:00Z,10.075,99.825,29.95,0.0,1.6500000000000001,2,เกาะเต่า
2024-11-17T12:00:00Z,10.075,99.825,30.03,0.0,1.76,2,เกาะเต่า
2024-11-18T12:00:00Z,10.075,99.825,29.82,0.0,1.57,2,เกาะเต่า
2024-11-19T12:00:00Z,10.075,99.825,29.68,0.0,1.46,2,เกาะเต่า
2024-11-20T12:00:00Z,10.075,99.825,29.66,0.0,1.47,2,เกาะเต่า
2024-11-21T12:00:00Z,10.075,99.825,29.57,0.0,1.41,2,เกาะเต่า
2024-11-22T12:00:00Z,10.075,99.825,29.650000000000002,0.0,1.52,2,เกาะเต่า
2024-11-23T12:00:00Z,10.075,99.825,29.580000000000002,0.0,1.47,2,เกาะเต่า
2024-11-24T12:00:00Z,10.075,99.825,28.990000000000002,0.0,0.91,2,เกาะเต่า
2024-11-25T12:00:00Z,10.075,99.825,28.92,0.0,0.87,2,เกาะเต่า
2024-11-26T12:00:00Z,10.075,99.825,29.2,0.0,1.18,2,เกาะเต่า
2024-11-27T12:00:00Z,10.075,99.825,29.12,0.0,1.1300000000000001,2,เกาะเต่า
2024-11-28T12:00:00Z,10.075,99.825,29.16,0.0,1.19,2,เกาะเต่า
2024-11-29T12:00:00Z,10.075,99.825,28.89,0.0,0.9500000000000001,2,เกาะเต่า
2024-11-30T12:00:00Z,10.075,99.825,28.92,0.0,1.01,2,เกาะเต่า
2024-12-01T12:00:00Z,10.075,99.825,28.76,0.0,0.88,2,เกาะเต่า
2024-12-02T12:00:00Z,10.075,99.825,28.650000000000002,0.0,0.8,2,เกาะเต่า
2024-12-03T12:00:00Z,10.075,99.825,28.6,0.0,0.77,2,เกาะเต่า
2024-12-04T12:00:00Z,10.075,99.825,28.62,0.0,0.8200000000000001,2,เกาะเต่า
2024-12-05T12:00:00Z,10.075,99.825,28.54,0.0,0.77,2,เกาะเต่า
2024-12-06T12:00:00Z,10.075,99.825,28.63,0.0,0.89,2,เกาะเต่า
2024-12-07T12:00:00Z,10.075,99.825,28.69,0.0,0.98,2,เกาะเต่า
2024-12-08T12:00:00Z,10.075,99.825,28.64,0.0,0.9500000000000001,2,เกาะเต่า
2024-12-09T12:00:00Z,10.075,99.825,28.69,0.0,1.03,2,เกาะเต่า
2024-12-10T12:00:00Z,10.075,99.825,28.61,0.0,0.98,2,เกาะเต่า
2024-12-11T12:00:00Z,10.075,99.825,28.75,0.0,1.1500000000000001,2,เกาะเต่า
2024-12-12T12:00:00Z,10.075,99.825,28.740000000000002,0.0,1.17,2,เกาะเต่า
2024-12-13T12:00:00Z,10.075,99.825,28.79,0.0,1.24,2,เกาะเต่า
2024-12-14T12:00:00Z,10.075,99.825,28.46,0.0,0.9400000000000001,2,เกาะเต่า
2024-12-15T12:00:00Z,10.075,99.825,28.62,0.0,1.1300000000000001,2,เกาะเต่า
2024-12-16T12:00:00Z,10.075,99.825,28.39,0.0,0.9,2,เกาะเต่า
2024-12-17T12:00:00Z,10.075,99.825,28.25,0.0,0.76,2,เกาะเต่า
2024-12-18T12:00:00Z,10.075,99.825,28.150000000000002,0.0,0.66,2,เกาะเต่า
2024-12-19T12:00:00Z,10.075,99.825,28.14,0.0,0.64,2,เกาะเต่า
2024-12-20T12:00:00Z,10.075,99.825,28.05,0.0,0.55,2,เกาะเต่า
2024-12-21T12:00:00Z,10.075,99.825,27.88,0.0,0.38,2,เกาะเต่า
2024-12-22T12:00:00Z,10.075,99.825,27.830000000000002,0.0,0.33,2,เกาะเต่า
2024-12-23T12:00:00Z,10.075,99.825,27.76,0.0,0.26,2,เกาะเต่า
2024-12-24T12:00:00Z,10.075,99.825,27.67,0.0,0.17,2,เกาะเต่า
2024-12-25T12:00:00Z,10.075,99.825,27.66,0.0,0.16,2,เกาะเต่า
2024-12-26T12:00:00Z,10.075,99.825,27.75,0.0,0.25,2,เกาะเต่า
2024-12-27T12:00:00Z,10.075,99.825,27.64,0.0,0.13,2,เกาะเต่า
2024-12-28T12:00:00Z,10.075,99.825,27.67,0.0,0.16,2,เกาะเต่า
2024-12-29T12:00:00Z,10.075,99.825,27.51,0.0,0.0,2,เกาะเต่า
2024-12-30T12:00:00Z,10.075,99.825,27.490000000000002,0.0,-0.02,2,เกาะเต่า
2024-12-31T12:00:00Z,10.075,99.825,27.48,0.0,-0.03,2,เกาะเต่า
2025-01-01T12:00:00Z,10.075,99.825,27.3,0.0,-0.21,2,เกาะเต่า
2025-01-02T12:00:00Z,10.075,99.825,27.45,0.0,-0.06,2,เกาะเต่า
2025-01-03T12:00:00Z,10.075,99.825,27.55,0.0,0.04,2,เกาะเต่า
2025-01-04T12:00:00Z,10.075,99.825,27.76,0.0,0.24,2,เกาะเต่า
2025-01-05T12:00:00Z,10.075,99.825,27.37,0.0,-0.15,2,เกาะเต่า
2025-01-06T12:00:00Z,10.075,99.825,27.28,0.0,-0.24,2,เกาะเต่า
2025-01-07T12:00:00Z,10.075,99.825,27.23,0.0,-0.29,2,เกาะเต่า
2025-01-08T12:00:00Z,10.075,99.825,27.38,0.0,-0.14,2,เกาะเต่า
2025-01-08T12:00:00Z,10.075,99.825,27.38,0.0,-0.14,2,เกาะเต่า
2025-01-09T12:00:00Z,10.075,99.825,27.55,0.0,0.03,2,เกาะเต่า
2025-01-10T12:00:00Z,10.075,99.825,27.52,0.0,0.0,2,เกาะเต่า
2025-01-11T12:00:00Z,10.075,99.825,27.41,0.0,-0.11,2,เกาะเต่า
2025-01-12T12:00:00Z,10.075,99.825,27.36,0.0,-0.17,2,เกาะเต่า
2025-01-13T12:00:00Z,10.075,99.825,27.13,0.0,-0.4,2,เกาะเต่า
2025-01-14T12:00:00Z,10.075,99.825,26.900000000000002,0.0,-0.63,2,เกาะเต่า
2025-01-15T12:00:00Z,10.075,99.825,26.94,0.0,-0.59,2,เกาะเต่า
2025-01-16T12:00:00Z,10.075,99.825,26.64,0.0,-0.91,2,เกาะเต่า
2025-01-17T12:00:00Z,10.075,99.825,26.580000000000002,0.0,-0.99,2,เกาะเต่า
2025-01-18T12:00:00Z,10.075,99.825,26.490000000000002,0.0,-1.1,2,เกาะเต่า
2025-01-19T12:00:00Z,10.075,99.825,26.66,0.0,-0.9400000000000001,2,เกาะเต่า
2025-01-20T12:00:00Z,10.075,99.825,26.740000000000002,0.0,-0.88,2,เกาะเต่า
2025-01-21T12:00:00Z,10.075,99.825,26.82,0.0,-0.8200000000000001,2,เกาะเต่า
2025-01-22T12:00:00Z,10.075,99.825,26.89,0.0,-0.77,2,เกาะเต่า
2025-01-23T12:00:00Z,10.075,99.825,27.01,0.0,-0.67,2,เกาะเต่า
2025-01-24T12:00:00Z,10.075,99.825,27.18,0.0,-0.52,2,เกาะเต่า
2025-01-25T12:00:00Z,10.075,99.825,27.44,0.0,-0.27,2,เกาะเต่า
2025-01-26T12:00:00Z,10.075,99.825,27.76,0.0,0.03,2,เกาะเต่า
2025-01-27T12:00:00Z,10.075,99.825,27.490000000000002,0.0,-0.26,2,เกาะเต่า
2025-01-28T12:00:00Z,10.075,99.825,27.490000000000002,0.0,-0.28,2,เกาะเต่า
2025-01-29T12:00:00Z,10.075,99.825,27.330000000000002,0.0,-0.46,2,เกาะเต่า
2025-01-30T12:00:00Z,10.075,99.825,27.14,0.0,-0.67,2,เกาะเต่า
2025-01-31T12:00:00Z,10.075,99.825,27.1,0.0,-0.72,2,เกาะเต่า
2025-02-01T12:00:00Z,10.075,99.825,27.05,0.0,-0.79,2,เกาะเต่า
2025-02-02T12:00:00Z,10.075,99.825,27.42,0.0,-0.44,2,เกาะเต่า
2025-02-03T12:00:00Z,10.075,99.825,27.67,0.0,-0.21,2,เกาะเต่า
2025-02-04T12:00:00Z,10.075,99.825,27.67,0.0,-0.23,2,เกาะเต่า
2025-02-05T12:00:00Z,10.075,99.825,27.6,0.0,-0.32,2,เกาะเต่า
2025-02-06T12:00:00Z,10.075,99.825,27.8,0.0,-0.13,2,เกาะเต่า
2025-02-07T12:00:00Z,10.075,99.825,27.95,0.0,0.0,2,เกาะเต่า
2025-02-08T12:00:00Z,10.075,99.825,27.98,0.0,0.01,2,เกาะเต่า
2025-02-09T12:00:00Z,10.075,99.825,27.98,0.0,-0.01,2,เกาะเต่า
2025-02-10T12:00:00Z,10.075,99.825,27.810000000000002,0.0,-0.2,2,เกาะเต่า
2025-02-11T12:00:00Z,10.075,99.825,28.02,0.0,-0.01,2,เกาะเต่า
2025-02-12T12:00:00Z,10.075,99.825,28.17,0.0,0.13,2,เกาะเต่า
2025-02-13T12:00:00Z,10.075,99.825,28.36,0.0,0.3,2,เกาะเต่า
2025-02-14T12:00:00Z,10.075,99.825,28.47,0.0,0.39,2,เกาะเต่า
2025-02-15T12:00:00Z,10.075,99.825,28.71,0.0,0.61,2,เกาะเต่า
2025-02-16T12:00:00Z,10.075,99.825,28.76,0.0,0.63,2,เกาะเต่า
2025-02-17T12:00:00Z,10.075,99.825,28.7,0.0,0.55,2,เกาะเต่า
2025-02-18T12:00:00Z,10.075,99.825,28.7,0.0,0.52,2,เกาะเต่า
2025-02-19T12:00:00Z,10.075,99.825,28.68,0.0,0.47000000000000003,2,เกาะเต่า
2025-02-20T12:00:00Z,10.075,99.825,28.560000000000002,0.0,0.33,2,เกาะเต่า
2025-02-21T12:00:00Z,10.075,99.825,28.48,0.0,0.22,2,เกาะเต่า
2025-02-22T12:00:00Z,10.075,99.825,28.36,0.0,0.07,2,เกาะเต่า
2025-02-23T12:00:00Z,10.075,99.825,28.55,0.0,0.24,2,เกาะเต่า
2025-02-24T12:00:00Z,10.075,99.825,28.560000000000002,0.0,0.22,2,เกาะเต่า
2025-02-25T12:00:00Z,10.075,99.825,28.44,0.0,0.07,2,เกาะเต่า
2025-02-26T12:00:00Z,10.075,99.825,28.22,0.0,-0.17,2,เกาะเต่า
2025-02-27T12:00:00Z,10.075,99.825,28.07,0.0,-0.35000000000000003,2,เกาะเต่า
2025-02-28T12:00:00Z,10.075,99.825,28.03,0.0,-0.42,2,เกาะเต่า
2025-03-01T12:00:00Z,10.075,99.825,28.28,0.0,-0.19,2,เกาะเต่า
2025-03-02T12:00:00Z,10.075,99.825,28.51,0.0,0.01,2,เกาะเต่า
2025-03-03T12:00:00Z,10.075,99.825,28.91,0.0,0.38,2,เกาะเต่า
2025-03-04T12:00:00Z,10.075,99.825,28.86,0.0,0.3,2,เกาะเต่า
2025-03-05T12:00:00Z,10.075,99.825,29.21,0.0,0.63,2,เกาะเต่า
2025-03-06T12:00:00Z,10.075,99.825,29.5,0.0,0.89,2,เกาะเต่า
2025-03-07T12:00:00Z,10.075,99.825,29.13,0.0,0.49,2,เกาะเต่า
2025-03-08T12:00:00Z,10.075,99.825,29.07,0.0,0.41000000000000003,2,เกาะเต่า
2025-03-09T12:00:00Z,10.075,99.825,28.94,0.0,0.25,2,เกาะเต่า
2025-03-10T12:00:00Z,10.075,99.825,28.87,0.0,0.15,2,เกาะเต่า
2025-03-11T12:00:00Z,10.075,99.825,28.86,0.0,0.12,2,เกาะเต่า
2025-03-12T12:00:00Z,10.075,99.825,28.740000000000002,0.0,-0.03,2,เกาะเต่า
2025-03-13T12:00:00Z,10.075,99.825,29.04,0.0,0.24,2,เกาะเต่า
2025-03-14T12:00:00Z,10.075,99.825,29.04,0.0,0.22,2,เกาะเต่า
2025-03-15T12:00:00Z,10.075,99.825,29.12,0.0,0.27,2,เกาะเต่า
2025-03-16T12:00:00Z,10.075,99.825,29.63,0.0,0.75,2,เกาะเต่า
2025-03-17T12:00:00Z,10.075,99.825,29.57,0.0,0.65,2,เกาะเต่า
2025-03-18T12:00:00Z,10.075,99.825,29.48,0.0,0.53,2,เกาะเต่า
2025-03-19T12:00:00Z,10.075,99.825,29.52,0.0,0.54,2,เกาะเต่า
2025-03-20T12:00:00Z,10.075,99.825,29.32,0.0,0.3,2,เกาะเต่า
2025-03-21T12:00:00Z,10.075,99.825,29.22,0.0,0.17,2,เกาะเต่า
2025-03-22T12:00:00Z,10.075,99.825,29.03,0.0,-0.05,2,เกาะเต่า
2025-03-23T12:00:00Z,10.075,99.825,29.3,0.0,0.18,2,เกาะเต่า
2025-03-24T12:00:00Z,10.075,99.825,29.39,0.0,0.24,2,เกาะเต่า
2025-03-25T12:00:00Z,10.075,99.825,29.46,0.0,0.28,2,เกาะเต่า
2025-03-26T12:00:00Z,10.075,99.825,29.580000000000002,0.0,0.36,2,เกาะเต่า
2025-03-27T12:00:00Z,10.075,99.825,29.85,0.0,0.6,2,เกาะเต่า
2025-03-28T12:00:00Z,10.075,99.825,29.67,0.0,0.39,2,เกาะเต่า
2025-03-29T12:00:00Z,10.075,99.825,29.98,0.0,0.66,2,เกาะเต่า
2025-03-30T12:00:00Z,10.075,99.825,29.810000000000002,0.0,0.46,2,เกาะเต่า
2025-03-31T12:00:00Z,10.075,99.825,29.72,0.0,0.34,2,เกาะเต่า
2025-04-01T12:00:00Z,10.075,99.825,29.400000000000002,0.0,-0.01,2,เกาะเต่า
2025-04-02T12:00:00Z,10.075,99.825,29.52,0.0,0.07,2,เกาะเต่า
2025-04-03T12:00:00Z,10.075,99.825,29.38,0.0,-0.1,2,เกาะเต่า
2025-04-04T12:00:00Z,10.075,99.825,29.2,0.0,-0.31,2,เกาะเต่า
2025-04-05T12:00:00Z,10.075,99.825,29.19,0.0,-0.36,2,เกาะเต่า
2025-04-06T12:00:00Z,10.075,99.825,29.52,0.0,-0.06,2,เกาะเต่า
2025-04-07T12:00:00Z,10.075,99.825,29.41,0.0,-0.2,2,เกาะเต่า
2025-04-08T12:00:00Z,10.075,99.825,29.310000000000002,0.0,-0.34,2,เกาะเต่า
2025-04-08T12:00:00Z,10.075,99.825,29.310000000000002,0.0,-0.34,2,เกาะเต่า
2025-04-09T12:00:00Z,10.075,99.825,29.41,0.0,-0.27,2,เกาะเต่า
2025-04-10T12:00:00Z,10.075,99.825,29.96,0.0,0.25,2,เกาะเต่า
2025-04-11T12:00:00Z,10.075,99.825,29.490000000000002,0.0,-0.26,2,เกาะเต่า
2025-04-12T12:00:00Z,10.075,99.825,29.98,0.0,0.2,2,เกาะเต่า
2025-04-13T12:00:00Z,10.075,99.825,30.19,0.0,0.38,2,เกาะเต่า
2025-04-14T12:00:00Z,10.075,99.825,30.0,0.0,0.15,2,เกาะเต่า
2025-04-15T12:00:00Z,10.075,99.825,30.310000000000002,0.0,0.43,2,เกาะเต่า
2025-04-16T12:00:00Z,10.075,99.825,30.240000000000002,0.0,0.35000000000000003,2,เกาะเต่า
2025-04-17T12:00:00Z,10.075,99.825,30.46,0.0,0.56,2,เกาะเต่า
2025-04-18T12:00:00Z,10.075,99.825,30.67,0.0,0.76,2,เกาะเต่า
2025-04-19T12:00:00Z,10.075,99.825,30.55,0.0,0.63,2,เกาะเต่า
2025-04-20T12:00:00Z,10.075,99.825,30.46,0.0,0.54,2,เกาะเต่า
2025-04-21T12:00:00Z,10.075,99.825,30.52,0.0,0.59,2,เกาะเต่า
2025-04-22T12:00:00Z,10.075,99.825,30.52,0.0,0.58,2,เกาะเต่า
2025-04-23T12:00:00Z,10.075,99.825,30.69,0.0,0.74,2,เกาะเต่า
2025-04-24T12:00:00Z,10.075,99.825,30.78,0.0,0.8200000000000001,2,เกาะเต่า
2025-04-25T12:00:00Z,10.075,99.825,31.11,0.0,1.1400000000000001,2,เกาะเต่า
2025-04-26T12:00:00Z,10.075,99.825,30.76,0.0,0.78,2,เกาะเต่า
2025-04-27T12:00:00Z,10.075,99.825,30.86,0.0,0.87,2,เกาะเต่า
2025-04-28T12:00:00Z,10.075,99.825,30.82,0.0,0.8200000000000001,2,เกาะเต่า
2025-04-29T12:00:00Z,10.075,99.825,31.07,0.0,1.06,2,เกาะเต่า
2025-04-30T12:00:00Z,10.075,99.825,31.02,0.0,1.01,2,เกาะเต่า
2025-05-01T12:00:00Z,10.075,99.825,31.07,0.0,1.05,2,เกาะเต่า
2025-05-02T12:00:00Z,10.075,99.825,31.23,0.15,1.2,2,เกาะเต่า
2025-05-03T12:00:00Z,10.075,99.825,31.05,0.15,1.01,2,เกาะเต่า
2025-05-04T12:00:00Z,10.075,99.825,30.92,0.15,0.87,2,เกาะเต่า
2025-05-05T12:00:00Z,10.075,99.825,31.02,0.15,0.96,2,เกาะเต่า
2025-05-06T12:00:00Z,10.075,99.825,30.92,0.15,0.85,2,เกาะเต่า
2025-05-07T12:00:00Z,10.075,99.825,30.76,0.15,0.68,2,เกาะเต่า
2025-05-08T12:00:00Z,10.075,99.825,30.77,0.15,0.68,2,เกาะเต่า
2025-05-09T12:00:00Z,10.075,99.825,30.89,0.15,0.79,2,เกาะเต่า
2025-05-10T12:00:00Z,10.075,99.825,30.79,0.15,0.6900000000000001,2,เกาะเต่า
2025-05-11T12:00:00Z,10.075,99.825,30.46,0.15,0.35000000000000003,2,เกาะเต่า
2025-05-12T12:00:00Z,10.075,99.825,30.29,0.15,0.17,2,เกาะเต่า
2025-05-13T12:00:00Z,10.075,99.825,30.62,0.15,0.49,2,เกาะเต่า
2025-05-14T12:00:00Z,10.075,99.825,30.63,0.15,0.49,2,เกาะเต่า
2025-05-15T12:00:00Z,10.075,99.825,30.490000000000002,0.15,0.34,2,เกาะเต่า
2025-05-16T12:00:00Z,10.075,99.825,30.52,0.15,0.39,2,เกาะเต่า
2025-05-17T12:00:00Z,10.075,99.825,30.35,0.15,0.24,2,เกาะเต่า
2025-05-18T12:00:00Z,10.075,99.825,30.560000000000002,0.15,0.47000000000000003,2,เกาะเต่า
2025-05-19T12:00:00Z,10.075,99.825,30.400000000000002,0.15,0.33,2,เกาะเต่า
2025-05-20T12:00:00Z,10.075,99.825,30.71,0.15,0.66,2,เกาะเต่า
2025-05-21T12:00:00Z,10.075,99.825,30.82,0.15,0.78,2,เกาะเต่า
2025-05-22T12:00:00Z,10.075,99.825,30.740000000000002,0.15,0.72,2,เกาะเต่า
2025-05-23T12:00:00Z,10.075,99.825,30.63,0.15,0.63,2,เกาะเต่า
2025-05-24T12:00:00Z,10.075,99.825,30.28,0.15,0.3,2,เกาะเต่า
2025-05-25T12:00:00Z,10.075,99.825,30.41,0.15,0.45,2,เกาะเต่า
2025-05-26T12:00:00Z,10.075,99.825,30.37,0.15,0.43,2,เกาะเต่า
2025-05-27T12:00:00Z,10.075,99.825,30.28,0.15,0.36,2,เกาะเต่า
2025-05-28T12:00:00Z,10.075,99.825,30.310000000000002,0.15,0.41000000000000003,2,เกาะเต่า
2025-05-29T12:00:00Z,10.075,99.825,30.1,0.15,0.22,2,เกาะเต่า
2025-05-30T12:00:00Z,10.075,99.825,30.11,0.15,0.25,2,เกาะเต่า
2025-05-31T12:00:00Z,10.075,99.825,30.09,0.15,0.24,2,เกาะเต่า
2025-06-01T12:00:00Z,10.075,99.825,30.310000000000002,0.15,0.48,2,เกาะเต่า
2025-06-02T12:00:00Z,10.075,99.825,30.51,0.15,0.7000000000000001,2,เกาะเต่า
2025-06-03T12:00:00Z,10.075,99.825,30.34,0.15,0.55,2,เกาะเต่า
2025-06-04T12:00:00Z,10.075,99.825,30.060000000000002,0.15,0.29,2,เกาะเต่า
2025-06-05T12:00:00Z,10.075,99.825,30.12,0.15,0.37,2,เกาะเต่า
2025-06-06T12:00:00Z,10.075,99.825,30.25,0.15,0.52,2,เกาะเต่า
2025-06-07T12:00:00Z,10.075,99.825,30.25,0.15,0.54,2,เกาะเต่า
2025-06-08T12:00:00Z,10.075,99.825,30.32,0.15,0.63,2,เกาะเต่า
2025-06-09T12:00:00Z,10.075,99.825,29.94,0.15,0.27,2,เกาะเต่า
2025-06-10T12:00:00Z,10.075,99.825,29.98,0.15,0.32,2,เกาะเต่า
2025-06-11T12:00:00Z,10.075,99.825,29.990000000000002,0.15,0.35000000000000003,2,เกาะเต่า
2025-06-12T12:00:00Z,10.075,99.825,30.060000000000002,0.15,0.44,2,เกาะเต่า
2025-06-13T12:00:00Z,10.075,99.825,29.740000000000002,0.15,0.14,2,เกาะเต่า
2025-06-14T12:00:00Z,10.075,99.825,29.84,0.15,0.26,2,เกาะเต่า
2025-06-15T12:00:00Z,10.075,99.825,29.79,0.15,0.23,2,เกาะเต่า
2025-06-16T12:00:00Z,10.075,99.825,30.12,0.15,0.58,2,เกาะเต่า
2025-06-17T12:00:00Z,10.075,99.825,30.13,0.15,0.61,2,เกาะเต่า
2025-06-18T12:00:00Z,10.075,99.825,29.93,0.15,0.43,2,เกาะเต่า
2025-06-19T12:00:00Z,10.075,99.825,29.8,0.15,0.32,2,เกาะเต่า
2025-06-20T12:00:00Z,10.075,99.825,29.77,0.15,0.31,2,เกาะเต่า
2025-06-21T12:00:00Z,10.075,99.825,29.75,0.15,0.31,2,เกาะเต่า
2025-06-22T12:00:00Z,10.075,99.825,29.68,0.15,0.26,2,เกาะเต่า
2025-06-23T12:00:00Z,10.075,99.825,29.7,0.15,0.3,2,เกาะเต่า
2025-06-24T12:00:00Z,10.075,99.825,29.66,0.15,0.28,2,เกาะเต่า
2025-06-25T12:00:00Z,10.075,99.825,29.51,0.15,0.15,2,เกาะเต่า
2025-06-26T12:00:00Z,10.075,99.825,28.96,0.15,-0.38,2,เกาะเต่า
2025-06-27T12:00:00Z,10.075,99.825,29.5,0.15,0.18,2,เกาะเต่า
2025-06-28T12:00:00Z,10.075,99.825,29.67,0.15,0.37,2,เกาะเต่า
2025-06-29T12:00:00Z,10.075,99.825,29.63,0.15,0.35000000000000003,2,เกาะเต่า
2025-06-30T12:00:00Z,10.075,99.825,29.84,0.15,0.58,2,เกาะเต่า
2025-07-01T12:00:00Z,10.075,99.825,29.57,0.15,0.32,2,เกาะเต่า
2025-07-02T12:00:00Z,10.075,99.825,29.62,0.15,0.39,2,เกาะเต่า
2025-07-03T12:00:00Z,10.075,99.825,29.62,0.15,0.41000000000000003,2,เกาะเต่า
2025-07-04T12:00:00Z,10.075,99.825,29.77,0.15,0.58,2,เกาะเต่า
2025-07-05T12:00:00Z,10.075,99.825,29.76,0.15,0.59,2,เกาะเต่า
2025-07-06T12:00:00Z,10.075,99.825,29.47,0.15,0.32,2,เกาะเต่า
2025-07-07T12:00:00Z,10.075,99.825,29.25,0.15,0.12,2,เกาะเต่า
2025-07-07T12:00:00Z,10.075,99.825,29.25,0.15,0.12,2,เกาะเต่า
2025-07-08T12:00:00Z,10.075,99.825,29.62,0.15,0.51,2,เกาะเต่า
2025-07-09T12:00:00Z,10.075,99.825,29.44,0.15,0.35000000000000003,2,เกาะเต่า
2025-07-10T12:00:00Z,10.075,99.825,29.87,0.15,0.8,2,เกาะเต่า
2025-07-11T12:00:00Z,10.075,99.825,29.63,0.15,0.58,2,เกาะเต่า
2025-07-12T12:00:00Z,10.075,99.825,29.52,0.15,0.49,2,เกาะเต่า
2025-07-13T12:00:00Z,10.075,99.825,29.37,0.15,0.36,2,เกาะเต่า
2025-07-14T12:00:00Z,10.075,99.825,29.45,0.15,0.46,2,เกาะเต่า
2025-07-15T12:00:00Z,10.075,99.825,29.53,0.15,0.56,2,เกาะเต่า
2025-07-16T12:00:00Z,10.075,99.825,29.44,0.15,0.48,2,เกาะเต่า
2025-07-17T12:00:00Z,10.075,99.825,29.79,0.15,0.8300000000000001,2,เกาะเต่า
2025-07-18T12:00:00Z,10.075,99.825,29.82,0.15,0.87,2,เกาะเต่า
2025-07-19T12:00:00Z,10.075,99.825,29.810000000000002,0.15,0.87,2,เกาะเต่า
2025-07-20T12:00:00Z,10.075,99.825,29.78,0.15,0.85,2,เกาะเต่า
2025-07-21T12:00:00Z,10.075,99.825,29.46,0.15,0.53,2,เกาะเต่า
2025-07-22T12:00:00Z,10.075,99.825,29.44,0.15,0.52,2,เกาะเต่า
2025-07-23T12:00:00Z,10.075,99.825,29.240000000000002,0.15,0.33,2,เกาะเต่า
2025-07-24T12:00:00Z,10.075,99.825,29.400000000000002,0.15,0.5,2,เกาะเต่า
2025-07-25T12:00:00Z,10.075,99.825,29.67,0.0,0.77,2,เกาะเต่า
2025-07-26T12:00:00Z,10.075,99.825,29.55,0.0,0.66,2,เกาะเต่า
2025-07-27T12:00:00Z,10.075,99.825,29.47,0.0,0.59,2,เกาะเต่า
2025-07-28T12:00:00Z,10.075,99.825,29.69,0.0,0.8200000000000001,2,เกาะเต่า
2025-07-29T12:00:00Z,10.075,99.825,29.560000000000002,0.0,0.6900000000000001,2,เกาะเต่า
2025-07-30T12:00:00Z,10.075,99.825,29.64,0.0,0.78,2,เกาะเต่า
2025-07-31T12:00:00Z,10.075,99.825,29.67,0.0,0.8200000000000001,2,เกาะเต่า
2025-08-01T12:00:00Z,10.075,99.825,29.84,0.0,1.0,2,เกาะเต่า
2025-08-02T12:00:00Z,10.075,99.825,29.69,0.0,0.85,2,เกาะเต่า
2025-08-03T12:00:00Z,10.075,99.825,30.36,0.0,1.53,2,เกาะเต่า
2025-08-04T12:00:00Z,10.075,99.825,30.47,0.0,1.6500000000000001,2,เกาะเต่า
2025-08-05T12:00:00Z,10.075,99.825,30.17,0.0,1.36,2,เกาะเต่า
2025-08-06T12:00:00Z,10.075,99.825,29.92,0.0,1.11,2,เกาะเต่า
2025-08-07T12:00:00Z,10.075,99.825,30.03,0.0,1.23,2,เกาะเต่า
2025-08-08T12:00:00Z,10.075,99.825,30.38,0.0,1.59,2,เกาะเต่า
2025-08-09T12:00:00Z,10.075,99.825,30.13,0.0,1.35,2,เกาะเต่า
2025-08-10T12:00:00Z,10.075,99.825,30.1,0.0,1.32,2,เกาะเต่า
2025-08-11T12:00:00Z,10.075,99.825,29.86,0.0,1.09,2,เกาะเต่า
2025-08-12T12:00:00Z,10.075,99.825,29.87,0.0,1.11,2,เกาะเต่า
2025-08-13T12:00:00Z,10.075,99.825,29.69,0.0,0.9400000000000001,2,เกาะเต่า
2025-08-14T12:00:00Z,10.075,99.825,29.810000000000002,0.0,1.06,2,เกาะเต่า
2025-08-15T12:00:00Z,10.075,99.825,29.7,0.0,0.96,2,เกาะเต่า
2025-08-16T12:00:00Z,10.075,99.825,29.61,0.0,0.87,2,เกาะเต่า
2025-08-17T12:00:00Z,10.075,99.825,29.29,0.0,0.56,2,เกาะเต่า
2025-08-18T12:00:00Z,10.075,99.825,29.580000000000002,0.0,0.85,2,เกาะเต่า
2025-08-19T12:00:00Z,10.075,99.825,29.8,0.0,1.07,2,เกาะเต่า
2025-08-20T12:00:00Z,10.075,99.825,29.87,0.0,1.1400000000000001,2,เกาะเต่า
2025-08-21T12:00:00Z,10.075,99.825,29.79,0.0,1.07,2,เกาะเต่า
2025-08-22T12:00:00Z,10.075,99.825,29.7,0.0,0.98,2,เกาะเต่า
2025-08-23T12:00:00Z,10.075,99.825,29.490000000000002,0.0,0.77,2,เกาะเต่า
2025-08-24T12:00:00Z,10.075,99.825,29.61,0.0,0.89,2,เกาะเต่า
2025-08-25T12:00:00Z,10.075,99.825,29.48,0.0,0.77,2,เกาะเต่า
2025-08-26T12:00:00Z,10.075,99.825,29.42,0.0,0.71,2,เกาะเต่า
2025-08-27T12:00:00Z,10.075,99.825,29.240000000000002,0.0,0.53,2,เกาะเต่า
2025-08-28T12:00:00Z,10.075,99.825,29.17,0.0,0.46,2,เกาะเต่า
2025-08-29T12:00:00Z,10.075,99.825,29.03,0.0,0.33,2,เกาะเต่า
2025-08-30T12:00:00Z,10.075,99.825,29.1,0.0,0.4,2,เกาะเต่า
2025-08-31T12:00:00Z,10.075,99.825,29.2,0.0,0.5,2,เกาะเต่า
2025-09-01T12:00:00Z,10.075,99.825,29.21,0.0,0.51,2,เกาะเต่า
2025-09-02T12:00:00Z,10.075,99.825,29.150000000000002,0.0,0.46,2,เกาะเต่า
2025-09-03T12:00:00Z,10.075,99.825,29.080000000000002,0.0,0.39,2,เกาะเต่า
2025-09-04T12:00:00Z,10.075,99.825,29.22,0.0,0.53,2,เกาะเต่า
2025-09-05T12:00:00Z,10.075,99.825,29.38,0.0,0.6900000000000001,2,เกาะเต่า
2025-09-06T12:00:00Z,10.075,99.825,29.28,0.0,0.6,2,เกาะเต่า
2025-09-07T12:00:00Z,10.075,99.825,28.86,0.0,0.18,2,เกาะเต่า
2025-09-08T12:00:00Z,10.075,99.825,28.75,0.0,0.07,2,เกาะเต่า
2025-09-09T12:00:00Z,10.075,99.825,28.52,0.0,-0.16,2,เกาะเต่า
2025-09-10T12:00:00Z,10.075,99.825,29.150000000000002,0.0,0.48,2,เกาะเต่า
2025-09-11T12:00:00Z,10.075,99.825,29.5,0.0,0.8300000000000001,2,เกาะเต่า
2025-09-12T12:00:00Z,10.075,99.825,29.46,0.0,0.79,2,เกาะเต่า
2025-09-13T12:00:00Z,10.075,99.825,29.41,0.0,0.74,2,เกาะเต่า
2025-09-14T12:00:00Z,10.075,99.825,29.23,0.0,0.5700000000000001,2,เกาะเต่า
2025-09-15T12:00:00Z,10.075,99.825,29.43,0.0,0.77,2,เกาะเต่า
2025-09-16T12:00:00Z,10.075,99.825,29.560000000000002,0.0,0.9,2,เกาะเต่า
2025-09-17T12:00:00Z,10.075,99.825,29.5,0.0,0.84,2,เกาะเต่า
2025-09-18T12:00:00Z,10.075,99.825,29.35,0.0,0.6900000000000001,2,เกาะเต่า
2025-09-19T12:00:00Z,10.075,99.825,29.36,0.0,0.7000000000000001,2,เกาะเต่า
2025-09-20T12:00:00Z,10.075,99.825,29.400000000000002,0.0,0.74,2,เกาะเต่า
2025-09-21T12:00:00Z,10.075,99.825,29.62,0.0,0.96,2,เกาะเต่า
2025-09-22T12:00:00Z,10.075,99.825,30.07,0.0,1.41,2,เกาะเต่า
2025-09-23T12:00:00Z,10.075,99.825,29.54,0.0,0.88,2,เกาะเต่า
2025-09-24T12:00:00Z,10.075,99.825,29.55,0.0,0.89,2,เกาะเต่า
2025-09-25T12:00:00Z,10.075,99.825,29.650000000000002,0.0,0.99,2,เกาะเต่า
2025-09-26T12:00:00Z,10.075,99.825,29.57,0.0,0.91,2,เกาะเต่า
2025-09-27T12:00:00Z,10.075,99.825,29.69,0.0,1.03,2,เกาะเต่า
2025-09-28T12:00:00Z,10.075,99.825,29.55,0.0,0.89,2,เกาะเต่า
2025-09-29T12:00:00Z,10.075,99.825,29.35,0.0,0.6900000000000001,2,เกาะเต่า
2025-09-30T12:00:00Z,10.075,99.825,29.09,0.0,0.43,2,เกาะเต่า
2025-10-01T12:00:00Z,10.075,99.825,29.44,0.0,0.78,2,เกาะเต่า
2025-10-02T12:00:00Z,10.075,99.825,29.580000000000002,0.0,0.92,2,เกาะเต่า
2025-10-03T12:00:00Z,10.075,99.825,29.330000000000002,0.0,0.67,2,เกาะเต่า
2025-10-04T12:00:00Z,10.075,99.825,29.37,0.0,0.71,2,เกาะเต่า
2025-10-05T12:00:00Z,10.075,99.825,29.48,0.0,0.8200000000000001,2,เกาะเต่า
2025-10-05T12:00:00Z,10.075,99.825,29.48,0.0,0.8200000000000001,2,เกาะเต่า
2025-10-06T12:00:00Z,10.075,99.825,29.54,0.0,0.88,2,เกาะเต่า
2025-10-07T12:00:00Z,10.075,99.825,29.48,0.0,0.8200000000000001,2,เกาะเต่า
2025-10-08T12:00:00Z,10.075,99.825,29.490000000000002,0.0,0.8300000000000001,2,เกาะเต่า
2025-10-09T12:00:00Z,10.075,99.825,29.26,0.0,0.6,2,เกาะเต่า
2025-10-10T12:00:00Z,10.075,99.825,29.32,0.0,0.66,2,เกาะเต่า
2025-10-11T12:00:00Z,10.075,99.825,29.19,0.0,0.53,2,เกาะเต่า
2025-10-12T12:00:00Z,10.075,99.825,29.22,0.0,0.56,2,เกาะเต่า
2025-10-13T12:00:00Z,10.075,99.825,29.22,0.0,0.56,2,เกาะเต่า
2025-10-14T12:00:00Z,10.075,99.825,29.45,0.0,0.79,2,เกาะเต่า
2025-10-15T12:00:00Z,10.075,99.825,29.51,0.0,0.85,2,เกาะเต่า
2025-10-16T12:00:00Z,10.075,99.825,29.61,0.0,0.96,2,เกาะเต่า
2025-10-17T12:00:00Z,10.075,99.825,29.59,0.0,0.9500000000000001,2,เกาะเต่า
2025-10-18T12:00:00Z,10.075,99.825,29.27,0.0,0.64,2,เกาะเต่า
2025-10-19T12:00:00Z,10.075,99.825,29.43,0.0,0.81,2,เกาะเต่า
2025-10-20T12:00:00Z,10.075,99.825,29.34,0.0,0.73,2,เกาะเต่า
2025-10-21T12:00:00Z,10.075,99.825,29.150000000000002,0.0,0.55,2,เกาะเต่า
2025-10-22T12:00:00Z,10.075,99.825,29.0,0.0,0.41000000000000003,2,เกาะเต่า
2025-10-23T12:00:00Z,10.075,99.825,29.150000000000002,0.0,0.58,2,เกาะเต่า
2025-10-24T12:00:00Z,10.075,99.825,29.09,0.0,0.53,2,เกาะเต่า
2025-10-25T12:00:00Z,10.075,99.825,29.05,0.0,0.5,2,เกาะเต่า
2025-10-26T12:00:00Z,10.075,99.825,29.060000000000002,0.0,0.52,2,เกาะเต่า
2025-10-27T12:00:00Z,10.075,99.825,28.900000000000002,0.0,0.37,2,เกาะเต่า
2025-10-28T12:00:00Z,10.075,99.825,28.79,0.0,0.27,2,เกาะเต่า
2025-10-29T12:00:00Z,10.075,99.825,28.67,0.0,0.16,2,เกาะเต่า
2025-10-30T12:00:00Z,10.075,99.825,28.79,0.0,0.29,2,เกาะเต่า
2025-10-31T12:00:00Z,10.075,99.825,28.7,0.0,0.21,2,เกาะเต่า
2025-11-01T12:00:00Z,10.075,99.825,28.41,0.0,-0.07,2,เกาะเต่า
2025-11-02T12:00:00Z,10.075,99.825,28.82,0.0,0.35000000000000003,2,เกาะเต่า
2025-11-03T12:00:00Z,10.075,99.825,28.830000000000002,0.0,0.37,2,เกาะเต่า
2025-11-04T12:00:00Z,10.075,99.825,29.04,0.0,0.59,2,เกาะเต่า
2025-11-05T12:00:00Z,10.075,99.825,28.96,0.0,0.52,2,เกาะเต่า
2025-11-06T12:00:00Z,10.075,99.825,29.12,0.0,0.6900000000000001,2,เกาะเต่า
2025-11-07T12:00:00Z,10.075,99.825,28.73,0.0,0.31,2,เกาะเต่า
2025-11-08T12:00:00Z,10.075,99.825,29.060000000000002,0.0,0.66,2,เกาะเต่า
2025-11-09T12:00:00Z,10.075,99.825,28.82,0.0,0.43,2,เกาะเต่า
2025-11-10T12:00:00Z,10.075,99.825,28.94,0.0,0.56,2,เกาะเต่า
2025-11-11T12:00:00Z,10.075,99.825,28.810000000000002,0.0,0.44,2,เกาะเต่า
2025-11-12T12:00:00Z,10.075,99.825,29.01,0.0,0.65,2,เกาะเต่า
2025-11-13T12:00:00Z,10.075,99.825,28.97,0.0,0.62,2,เกาะเต่า
2025-11-14T12:00:00Z,10.075,99.825,28.94,0.0,0.6,2,เกาะเต่า
2025-11-15T12:00:00Z,10.075,99.825,29.05,0.0,0.72,2,เกาะเต่า
2025-11-16T12:00:00Z,10.075,99.825,28.85,0.0,0.55,2,เกาะเต่า
2025-11-17T12:00:00Z,10.075,99.825,28.86,0.0,0.59,2,เกาะเต่า
2025-11-18T12:00:00Z,10.075,99.825,28.82,0.0,0.5700000000000001,2,เกาะเต่า
2025-11-19T12:00:00Z,10.075,99.825,28.85,0.0,0.63,2,เกาะเต่า
2025-11-20T12:00:00Z,10.075,99.825,28.76,0.0,0.5700000000000001,2,เกาะเต่า
2025-11-21T12:00:00Z,10.075,99.825,28.44,0.0,0.28,2,เกาะเต่า
2025-11-22T12:00:00Z,10.075,99.825,28.16,0.0,0.03,2,เกาะเต่า
2025-11-23T12:00:00Z,10.075,99.825,28.04,0.0,-0.07,2,เกาะเต่า
2025-11-24T12:00:00Z,10.075,99.825,28.03,0.0,-0.05,2,เกาะเต่า
2025-11-25T12:00:00Z,10.075,99.825,27.8,0.0,-0.25,2,เกาะเต่า
2025-11-26T12:00:00Z,10.075,99.825,27.63,0.0,-0.39,2,เกาะเต่า
2025-11-27T12:00:00Z,10.075,99.825,27.310000000000002,0.0,-0.68,2,เกาะเต่า
2025-11-28T12:00:00Z,10.075,99.825,27.42,0.0,-0.55,2,เกาะเต่า
2025-11-29T12:00:00Z,10.075,99.825,27.32,0.0,-0.62,2,เกาะเต่า
2025-11-30T12:00:00Z,10.075,99.825,27.41,0.0,-0.5,2,เกาะเต่า
2025-12-01T12:00:00Z,10.075,99.825,27.46,0.0,-0.42,2,เกาะเต่า
2025-12-02T12:00:00Z,10.075,99.825,27.54,0.0,-0.31,2,เกาะเต่า
2025-12-03T12:00:00Z,10.075,99.825,27.85,0.0,0.02,2,เกาะเต่า
2025-12-04T12:00:00Z,10.075,99.825,27.61,0.0,-0.19,2,เกาะเต่า
2025-12-05T12:00:00Z,10.075,99.825,27.39,0.0,-0.38,2,เกาะเต่า
2025-12-06T12:00:00Z,10.075,99.825,27.51,0.0,-0.23,2,เกาะเต่า
2025-12-07T12:00:00Z,10.075,99.825,27.5,0.0,-0.21,2,เกาะเต่า
2025-12-08T12:00:00Z,10.075,99.825,27.59,0.0,-0.1,2,เกาะเต่า
2025-12-09T12:00:00Z,10.075,99.825,27.57,0.0,-0.09,2,เกาะเต่า
2025-12-10T12:00:00Z,10.075,99.825,27.41,0.0,-0.22,2,เกาะเต่า
2025-12-11T12:00:00Z,10.075,99.825,27.3,0.0,-0.3,2,เกาะเต่า
2025-12-12T12:00:00Z,10.075,99.825,27.39,0.0,-0.18,2,เกาะเต่า
2025-12-13T12:00:00Z,10.075,99.825,27.080000000000002,0.0,-0.47000000000000003,2,เกาะเต่า
2025-12-14T12:00:00Z,10.075,99.825,27.19,0.0,-0.33,2,เกาะเต่า
2025-12-15T12:00:00Z,10.075,99.825,27.27,0.0,-0.22,2,เกาะเต่า
2025-12-16T12:00:00Z,10.075,99.825,27.28,0.0,-0.21,2,เกาะเต่า
2025-12-17T12:00:00Z,10.075,99.825,27.44,0.0,-0.05,2,เกาะเต่า
2025-12-18T12:00:00Z,10.075,99.825,27.52,0.0,0.03,2,เกาะเต่า
2025-12-19T12:00:00Z,10.075,99.825,27.34,0.0,-0.16,2,เกาะเต่า
2025-12-20T12:00:00Z,10.075,99.825,27.43,0.0,-0.07,2,เกาะเต่า
2025-12-21T12:00:00Z,10.075,99.825,27.46,0.0,-0.04,2,เกาะเต่า
2025-12-22T12:00:00Z,10.075,99.825,27.310000000000002,0.0,-0.19,2,เกาะเต่า
2025-12-23T12:00:00Z,10.075,99.825,27.66,0.0,0.16,2,เกาะเต่า
2025-12-24T12:00:00Z,10.075,99.825,27.810000000000002,0.0,0.31,2,เกาะเต่า
2025-12-25T12:00:00Z,10.075,99.825,27.740000000000002,0.0,0.24,2,เกาะเต่า
2025-12-26T12:00:00Z,10.075,99.825,27.67,0.0,0.17,2,เกาะเต่า
2025-12-27T12:00:00Z,10.075,99.825,27.59,0.0,0.08,2,เกาะเต่า
2025-12-28T12:00:00Z,10.075,99.825,27.63,0.0,0.12,2,เกาะเต่า
2025-12-29T12:00:00Z,10.075,99.825,27.830000000000002,0.0,0.32,2,เกาะเต่า
2025-12-30T12:00:00Z,10.075,99.825,27.97,0.0,0.46,2,เกาะเต่า
2025-12-31T12:00:00Z,10.075,99.825,28.080000000000002,0.0,0.5700000000000001,2,เกาะเต่า
2026-01-01T12:00:00Z,10.075,99.825,27.98,0.0,0.47000000000000003,2,เกาะเต่า
2026-01-02T12:00:00Z,10.075,99.825,27.95,0.0,0.44,2,เกาะเต่า
2026-01-03T12:00:00Z,10.075,99.825,27.560000000000002,0.0,0.05,2,เกาะเต่า
2026-01-03T12:00:00Z,10.075,99.825,27.560000000000002,0.0,0.05,2,เกาะเต่า
2026-01-04T12:00:00Z,10.075,99.825,27.63,0.0,0.11,2,เกาะเต่า
2026-01-05T12:00:00Z,10.075,99.825,27.46,0.0,-0.06,2,เกาะเต่า
2026-01-06T12:00:00Z,10.075,99.825,27.66,0.0,0.14,2,เกาะเต่า
2026-01-07T12:00:00Z,10.075,99.825,28.18,0.0,0.66,2,เกาะเต่า
2026-01-08T12:00:00Z,10.075,99.825,27.55,0.0,0.03,2,เกาะเต่า
2026-01-09T12:00:00Z,10.075,99.825,27.35,0.0,-0.17,2,เกาะเต่า
2026-01-10T12:00:00Z,10.075,99.825,27.17,0.0,-0.35000000000000003,2,เกาะเต่า
2026-01-11T12:00:00Z,10.075,99.825,27.23,0.0,-0.29,2,เกาะเต่า
2026-01-12T12:00:00Z,10.075,99.825,27.12,0.0,-0.41000000000000003,2,เกาะเต่า
2026-01-13T12:00:00Z,10.075,99.825,27.04,0.0,-0.49,2,เกาะเต่า
2026-01-14T12:00:00Z,10.075,99.825,27.22,0.0,-0.31,2,เกาะเต่า
2026-01-15T12:00:00Z,10.075,99.825,27.2,0.0,-0.33,2,เกาะเต่า
2026-01-16T12:00:00Z,10.075,99.825,27.34,0.0,-0.21,2,เกาะเต่า
2026-01-17T12:00:00Z,10.075,99.825,27.580000000000002,0.0,0.01,2,เกาะเต่า
2026-01-18T12:00:00Z,10.075,99.825,27.76,0.0,0.17,2,เกาะเต่า
2026-01-19T12:00:00Z,10.075,99.825,27.67,0.0,0.07,2,เกาะเต่า
2026-01-20T12:00:00Z,10.075,99.825,27.8,0.0,0.18,2,เกาะเต่า
2026-01-21T12:00:00Z,10.075,99.825,27.59,0.0,-0.05,2,เกาะเต่า
2026-01-22T12:00:00Z,10.075,99.825,27.38,0.0,-0.28,2,เกาะเต่า
2026-01-23T12:00:00Z,10.075,99.825,27.47,0.0,-0.21,2,เกาะเต่า
2026-01-24T12:00:00Z,10.075,99.825,27.5,0.0,-0.2,2,เกาะเต่า
2026-01-25T12:00:00Z,10.075,99.825,27.43,0.0,-0.28,2,เกาะเต่า
2026-01-26T12:00:00Z,10.075,99.825,27.52,0.0,-0.21,2,เกาะเต่า
2026-01-27T12:00:00Z,10.075,99.825,27.44,0.0,-0.31,2,เกาะเต่า
2026-01-28T12:00:00Z,10.075,99.825,27.54,0.0,-0.23,2,เกาะเต่า
2026-01-29T12:00:00Z,10.075,99.825,27.6,0.0,-0.19,2,เกาะเต่า
2026-01-30T12:00:00Z,10.075,99.825,27.7,0.0,-0.11,2,เกาะเต่า
2026-01-31T12:00:00Z,10.075,99.825,27.69,0.0,-0.13,2,เกาะเต่า
2026-02-01T12:00:00Z,10.075,99.825,27.79,0.0,-0.05,2,เกาะเต่า
2026-02-02T12:00:00Z,10.075,99.825,27.82,0.0,-0.04,2,เกาะเต่า
2026-02-03T12:00:00Z,10.075,99.825,27.740000000000002,0.0,-0.14,2,เกาะเต่า
2026-02-04T12:00:00Z,10.075,99.825,27.77,0.0,-0.13,2,เกาะเต่า
2026-02-05T12:00:00Z,10.075,99.825,27.91,0.0,-0.01,2,เกาะเต่า
2026-02-06T12:00:00Z,10.075,99.825,28.2,0.0,0.27,2,เกาะเต่า
2026-02-07T12:00:00Z,10.075,99.825,28.13,0.0,0.18,2,เกาะเต่า
2026-02-08T12:00:00Z,10.075,99.825,28.14,0.0,0.17,2,เกาะเต่า
2026-02-09T12:00:00Z,10.075,99.825,28.060000000000002,0.0,0.07,2,เกาะเต่า
2026-02-10T12:00:00Z,10.075,99.825,28.13,0.0,0.12,2,เกาะเต่า
2026-02-11T12:00:00Z,10.075,99.825,28.11,0.0,0.08,2,เกาะเต่า
2026-02-12T12:00:00Z,10.075,99.825,28.240000000000002,0.0,0.2,2,เกาะเต่า
2026-02-13T12:00:00Z,10.075,99.825,28.34,0.0,0.28,2,เกาะเต่า
2026-02-14T12:00:00Z,10.075,99.825,28.240000000000002,0.0,0.16,2,เกาะเต่า
2026-02-15T12:00:00Z,10.075,99.825,28.36,0.0,0.26,2,เกาะเต่า
2026-02-16T12:00:00Z,10.075,99.825,28.490000000000002,0.0,0.36,2,เกาะเต่า
2026-02-17T12:00:00Z,10.075,99.825,28.16,0.0,0.01,2,เกาะเต่า
2026-02-18T12:00:00Z,10.075,99.825,28.38,0.0,0.2,2,เกาะเต่า
2026-02-19T12:00:00Z,10.075,99.825,28.080000000000002,0.0,-0.13,2,เกาะเต่า
2026-02-20T12:00:00Z,10.075,99.825,28.18,0.0,-0.05,2,เกาะเต่า
2026-02-21T12:00:00Z,10.075,99.825,28.400000000000002,0.0,0.14,2,เกาะเต่า
2026-02-22T12:00:00Z,10.075,99.825,28.51,0.0,0.22,2,เกาะเต่า
2026-02-23T12:00:00Z,10.075,99.825,28.62,0.0,0.31,2,เกาะเต่า
2026-02-24T12:00:00Z,10.075,99.825,28.63,0.0,0.29,2,เกาะเต่า
2026-02-25T12:00:00Z,10.075,99.825,28.78,0.0,0.41000000000000003,2,เกาะเต่า
2026-02-26T12:00:00Z,10.075,99.825,28.740000000000002,0.0,0.35000000000000003,2,เกาะเต่า
2026-02-27T12:00:00Z,10.075,99.825,29.04,0.0,0.62,2,เกาะเต่า
2026-02-28T12:00:00Z,10.075,99.825,29.310000000000002,0.0,0.86,2,เกาะเต่า
2026-03-01T12:00:00Z,10.075,99.825,29.46,0.0,0.99,2,เกาะเต่า
2026-03-02T12:00:00Z,10.075,99.825,29.43,0.0,0.93,2,เกาะเต่า
2026-03-03T12:00:00Z,10.075,99.825,29.37,0.0,0.84,2,เกาะเต่า
2026-03-04T12:00:00Z,10.075,99.825,29.38,0.0,0.8200000000000001,2,เกาะเต่า
2026-03-05T12:00:00Z,10.075,99.825,29.28,0.0,0.7000000000000001,2,เกาะเต่า
2026-03-06T12:00:00Z,10.075,99.825,29.16,0.0,0.55,2,เกาะเต่า
2026-03-07T12:00:00Z,10.075,99.825,29.19,0.0,0.55,2,เกาะเต่า
2026-03-08T12:00:00Z,10.075,99.825,29.05,0.0,0.39,2,เกาะเต่า
2026-03-09T12:00:00Z,10.075,99.825,29.060000000000002,0.0,0.37,2,เกาะเต่า
2026-03-10T12:00:00Z,10.075,99.825,28.990000000000002,0.0,0.27,2,เกาะเต่า
2026-03-11T12:00:00Z,10.075,99.825,28.990000000000002,0.0,0.25,2,เกาะเต่า
2026-03-12T12:00:00Z,10.075,99.825,28.95,0.0,0.18,2,เกาะเต่า
2026-03-13T12:00:00Z,10.075,99.825,28.67,0.0,-0.13,2,เกาะเต่า
2026-03-14T12:00:00Z,10.075,99.825,28.61,0.0,-0.21,2,เกาะเต่า
2026-03-15T12:00:00Z,10.075,99.825,28.78,0.0,-0.07,2,เกาะเต่า
2026-03-16T12:00:00Z,10.075,99.825,28.69,0.0,-0.19,2,เกาะเต่า
2026-03-17T12:00:00Z,10.075,99.825,28.72,0.0,-0.2,2,เกาะเต่า
2026-03-18T12:00:00Z,10.075,99.825,28.72,0.0,-0.23,2,เกาะเต่า
2026-03-19T12:00:00Z,10.075,99.825,28.830000000000002,0.0,-0.15,2,เกาะเต่า
2026-03-20T12:00:00Z,10.075,99.825,28.93,0.0,-0.09,2,เกาะเต่า
2026-03-21T12:00:00Z,10.075,99.825,28.88,0.0,-0.17,2,เกาะเต่า
2026-03-22T12:00:00Z,10.075,99.825,28.92,0.0,-0.16,2,เกาะเต่า
2026-03-23T12:00:00Z,10.075,99.825,29.03,0.0,-0.09,2,เกาะเต่า
2026-03-24T12:00:00Z,10.075,99.825,29.32,0.0,0.17,2,เกาะเต่า
2026-03-25T12:00:00Z,10.075,99.825,29.310000000000002,0.0,0.13,2,เกาะเต่า
2026-03-26T12:00:00Z,10.075,99.825,29.22,0.0,0.0,2,เกาะเต่า
2026-03-27T12:00:00Z,10.075,99.825,29.330000000000002,0.0,0.08,2,เกาะเต่า
2026-03-28T12:00:00Z,10.075,99.825,29.25,0.0,-0.03,2,เกาะเต่า
2026-03-29T12:00:00Z,10.075,99.825,29.21,0.0,-0.11,2,เกาะเต่า
2026-03-30T12:00:00Z,10.075,99.825,29.26,0.0,-0.09,2,เกาะเต่า
2026-03-31T12:00:00Z,10.075,99.825,29.22,0.0,-0.16,2,เกาะเต่า
2026-04-01T12:00:00Z,10.075,99.825,29.64,0.0,0.23,2,เกาะเต่า
2026-04-02T12:00:00Z,10.075,99.825,29.75,0.0,0.3,2,เกาะเต่า
2026-04-03T12:00:00Z,10.075,99.825,29.69,0.0,0.21,2,เกาะเต่า
2026-04-03T12:00:00Z,10.075,99.825,29.69,0.0,0.21,2,เกาะเต่า
2026-04-04T12:00:00Z,10.075,99.825,29.66,0.0,0.15,2,เกาะเต่า
2026-04-05T12:00:00Z,10.075,99.825,29.990000000000002,0.0,0.44,2,เกาะเต่า
2026-04-06T12:00:00Z,10.075,99.825,29.89,0.0,0.31,2,เกาะเต่า
2026-04-07T12:00:00Z,10.075,99.825,30.13,0.0,0.52,2,เกาะเต่า
2026-04-08T12:00:00Z,10.075,99.825,30.07,0.0,0.42,2,เกาะเต่า
2026-04-09T12:00:00Z,10.075,99.825,30.21,0.0,0.53,2,เกาะเต่า
2026-04-10T12:00:00Z,10.075,99.825,30.38,0.0,0.67,2,เกาะเต่า
2026-04-11T12:00:00Z,10.075,99.825,30.36,0.0,0.61,2,เกาะเต่า
2026-04-12T12:00:00Z,10.075,99.825,30.54,0.0,0.76,2,เกาะเต่า
2026-04-13T12:00:00Z,10.075,99.825,30.66,0.0,0.85,2,เกาะเต่า
2026-04-14T12:00:00Z,10.075,99.825,30.77,0.0,0.92,2,เกาะเต่า
2026-04-15T12:00:00Z,10.075,99.825,30.72,0.0,0.84,2,เกาะเต่า
2026-04-16T12:00:00Z,10.075,99.825,30.79,0.0,0.9,2,เกาะเต่า
2026-04-17T12:00:00Z,10.075,99.825,31.01,0.0,1.11,2,เกาะเต่า
2026-04-18T12:00:00Z,10.075,99.825,30.95,0.0,1.04,2,เกาะเต่า
2026-04-19T12:00:00Z,10.075,99.825,31.05,0.0,1.1300000000000001,2,เกาะเต่า
2026-04-20T12:00:00Z,10.075,99.825,30.86,0.0,0.9400000000000001,2,เกาะเต่า
2026-04-21T12:00:00Z,10.075,99.825,30.85,0.0,0.92,2,เกาะเต่า
2026-04-22T12:00:00Z,10.075,99.825,31.16,0.14,1.22,2,เกาะเต่า
2026-04-23T12:00:00Z,10.075,99.825,31.03,0.14,1.08,2,เกาะเต่า
2026-04-24T12:00:00Z,10.075,99.825,31.060000000000002,0.14,1.1,2,เกาะเต่า
2026-04-26T12:00:00Z,10.075,99.825,30.86,0.14,0.88,2,เกาะเต่า
2026-04-27T12:00:00Z,10.075,99.825,30.92,0.14,0.93,2,เกาะเต่า
2026-04-28T12:00:00Z,10.075,99.825,30.560000000000002,0.14,0.56,2,เกาะเต่า
2026-04-29T12:00:00Z,10.075,99.825,30.89,0.14,0.88,2,เกาะเต่า
2026-04-30T12:00:00Z,10.075,99.825,31.02,0.14,1.01,2,เกาะเต่า
2026-05-01T12:00:00Z,10.075,99.825,30.76,0.14,0.74,2,เกาะเต่า
2026-05-02T12:00:00Z,10.075,99.825,30.87,0.14,0.84,2,เกาะเต่า
2026-05-03T12:00:00Z,10.075,99.825,30.92,0.14,0.88,2,เกาะเต่า
2026-05-04T12:00:00Z,10.075,99.825,30.92,0.14,0.87,2,เกาะเต่า
2026-05-05T12:00:00Z,10.075,99.825,31.0,0.14,0.9400000000000001,2,เกาะเต่า
2026-05-06T12:00:00Z,10.075,99.825,30.86,0.14,0.79,2,เกาะเต่า
2026-05-07T12:00:00Z,10.075,99.825,30.68,0.14,0.6,2,เกาะเต่า
2026-05-08T12:00:00Z,10.075,99.825,30.52,0.14,0.43,2,เกาะเต่า
2026-05-09T12:00:00Z,10.075,99.825,30.64,0.14,0.54,2,เกาะเต่า
2026-05-10T12:00:00Z,10.075,99.825,30.52,0.14,0.42,2,เกาะเต่า
2026-05-11T12:00:00Z,10.075,99.825,30.35,0.14,0.24,2,เกาะเต่า
2026-05-12T12:00:00Z,10.075,99.825,30.400000000000002,0.14,0.28,2,เกาะเต่า
2026-05-13T12:00:00Z,10.075,99.825,30.7,0.14,0.5700000000000001,2,เกาะเต่า
2026-05-14T12:00:00Z,10.075,99.825,30.73,0.14,0.59,2,เกาะเต่า
2026-05-15T12:00:00Z,10.075,99.825,30.63,0.14,0.48,2,เกาะเต่า
2026-05-16T12:00:00Z,10.075,99.825,30.11,0.14,-0.02,2,เกาะเต่า
2026-05-17T12:00:00Z,10.075,99.825,29.75,0.14,-0.36,2,เกาะเต่า
2026-05-18T12:00:00Z,10.075,99.825,29.85,0.14,-0.24,2,เกาะเต่า
2026-05-19T12:00:00Z,10.075,99.825,29.61,0.14,-0.46,2,เกาะเต่า
2026-05-20T12:00:00Z,10.075,99.825,29.92,0.14,-0.13,2,เกาะเต่า
2026-05-21T12:00:00Z,10.075,99.825,29.85,0.14,-0.19,2,เกาะเต่า
2026-05-22T12:00:00Z,10.075,99.825,30.17,0.14,0.15,2,เกาะเต่า
2026-05-23T12:00:00Z,10.075,99.825,29.85,0.14,-0.15,2,เกาะเต่า
2026-05-24T12:00:00Z,10.075,99.825,29.91,0.14,-0.07,2,เกาะเต่า
2026-05-25T12:00:00Z,10.075,99.825,30.23,0.14,0.27,2,เกาะเต่า
2026-05-26T12:00:00Z,10.075,99.825,30.330000000000002,0.14,0.39,2,เกาะเต่า
2026-05-27T12:00:00Z,10.075,99.825,30.52,0.14,0.6,2,เกาะเต่า
2026-05-28T12:00:00Z,10.075,99.825,30.6,0.14,0.7000000000000001,2,เกาะเต่า
2026-05-29T12:00:00Z,10.075,99.825,30.6,0.14,0.72,2,เกาะเต่า
2026-05-30T12:00:00Z,10.075,99.825,30.37,0.14,0.51,2,เกาะเต่า
2026-05-31T12:00:00Z,10.075,99.825,30.240000000000002,0.14,0.39,2,เกาะเต่า
2026-06-01T12:00:00Z,10.075,99.825,30.28,0.14,0.45,2,เกาะเต่า
2026-06-02T12:00:00Z,10.075,99.825,30.37,0.14,0.56,2,เกาะเต่า
2026-06-03T12:00:00Z,10.075,99.825,30.330000000000002,0.14,0.54,2,เกาะเต่า
2026-06-04T12:00:00Z,10.075,99.825,30.19,0.14,0.42,2,เกาะเต่า
2026-06-05T12:00:00Z,10.075,99.825,30.16,0.14,0.41000000000000003,2,เกาะเต่า
2026-06-06T12:00:00Z,10.075,99.825,29.95,0.14,0.22,2,เกาะเต่า
2026-06-07T12:00:00Z,10.075,99.825,30.060000000000002,0.14,0.35000000000000003,2,เกาะเต่า
2026-06-08T12:00:00Z,10.075,99.825,30.02,0.14,0.33,2,เกาะเต่า
2026-06-09T12:00:00Z,10.075,99.825,30.2,0.14,0.53,2,เกาะเต่า
2026-06-10T12:00:00Z,10.075,99.825,29.79,0.14,0.13,2,เกาะเต่า
2026-06-11T12:00:00Z,10.075,99.825,29.71,0.14,0.07,2,เกาะเต่า
2026-06-12T12:00:00Z,10.075,99.825,30.22,0.14,0.6,2,เกาะเต่า
2026-06-13T12:00:00Z,10.075,99.825,30.45,0.14,0.85,2,เกาะเต่า
2026-06-14T12:00:00Z,10.075,99.825,30.37,0.14,0.79,2,เกาะเต่า
2026-06-15T12:00:00Z,10.075,99.825,30.6,0.14,1.04,2,เกาะเต่า
2026-06-16T12:00:00Z,10.075,99.825,30.5,0.14,0.96,2,เกาะเต่า
2026-06-17T12:00:00Z,10.075,99.825,30.560000000000002,0.14,1.04,2,เกาะเต่า
2026-06-18T12:00:00Z,10.075,99.825,30.55,0.14,1.05,2,เกาะเต่า
2026-06-19T12:00:00Z,10.075,99.825,30.68,0.14,1.2,2,เกาะเต่า
2026-06-20T12:00:00Z,10.075,99.825,30.78,0.14,1.32,2,เกาะเต่า
2026-06-21T12:00:00Z,10.075,99.825,30.45,0.14,1.01,2,เกาะเต่า
2026-06-22T12:00:00Z,10.075,99.825,30.67,0.14,1.25,2,เกาะเต่า
2026-06-23T12:00:00Z,10.075,99.825,30.64,0.14,1.24,2,เกาะเต่า
2026-06-24T12:00:00Z,10.075,99.825,30.87,0.14,1.49,2,เกาะเต่า
2026-06-25T12:00:00Z,10.075,99.825,30.61,0.14,1.25,2,เกาะเต่า
2026-06-26T12:00:00Z,10.075,99.825,30.78,0.14,1.44,2,เกาะเต่า
2026-06-27T12:00:00Z,10.075,99.825,30.41,0.14,1.09,2,เกาะเต่า
2026-06-28T12:00:00Z,10.075,99.825,30.310000000000002,0.14,1.01,2,เกาะเต่า
2026-06-29T12:00:00Z,10.075,99.825,29.93,0.14,0.65,2,เกาะเต่า
2026-06-30T12:00:00Z,10.075,99.825,30.04,0.14,0.78,2,เกาะเต่า
2026-07-01T12:00:00Z,10.075,99.825,30.26,0.14,1.01,2,เกาะเต่า
2026-07-02T12:00:00Z,10.075,99.825,30.54,0.14,1.31,2,เกาะเต่า
2026-07-02T12:00:00Z,10.075,99.825,30.54,0.14,1.31,2,เกาะเต่า
2026-07-03T12:00:00Z,10.075,99.825,30.13,0.14,0.92,2,เกาะเต่า
2026-07-04T12:00:00Z,10.075,99.825,30.09,0.14,0.9,2,เกาะเต่า
2026-07-05T12:00:00Z,10.075,99.825,30.01,0.14,0.84,2,เกาะเต่า
2026-07-06T12:00:00Z,10.075,99.825,30.27,0.14,1.12,2,เกาะเต่า
2026-07-07T12:00:00Z,10.075,99.825,30.13,0.14,1.0,2,เกาะเต่า
2026-07-08T12:00:00Z,10.075,99.825,30.18,0.14,1.07,2,เกาะเต่า
2026-07-09T12:00:00Z,10.075,99.825,30.310000000000002,0.14,1.22,2,เกาะเต่า
2026-07-10T12:00:00Z,10.075,99.825,30.22,0.14,1.1500000000000001,2,เกาะเต่า
2026-07-11T12:00:00Z,10.075,99.825,30.14,0.14,1.09,2,เกาะเต่า
2026-07-12T12:00:00Z,10.075,99.825,29.95,0.14,0.92,2,เกาะเต่า
2024-07-12T12:00:00Z,6.475,99.325,30.43,7.21,0.71,3,เกาะหลีเป๊ะ
2024-07-13T12:00:00Z,6.475,99.325,30.34,7.21,0.64,3,เกาะหลีเป๊ะ
2024-07-14T12:00:00Z,6.475,99.325,30.36,7.21,0.67,3,เกาะหลีเป๊ะ
2024-07-15T12:00:00Z,6.475,99.325,30.51,7.21,0.84,3,เกาะหลีเป๊ะ
2024-07-16T12:00:00Z,6.475,99.325,30.38,7.21,0.72,3,เกาะหลีเป๊ะ
2024-07-17T12:00:00Z,6.475,99.325,30.22,7.21,0.5700000000000001,3,เกาะหลีเป๊ะ
2024-07-18T12:00:00Z,6.475,99.325,30.38,7.0600000000000005,0.74,3,เกาะหลีเป๊ะ
2024-07-19T12:00:00Z,6.475,99.325,30.11,6.87,0.48,3,เกาะหลีเป๊ะ
2024-07-20T12:00:00Z,6.475,99.325,30.150000000000002,6.640000000000001,0.53,3,เกาะหลีเป๊ะ
2024-07-21T12:00:00Z,6.475,99.325,30.27,6.44,0.67,3,เกาะหลีเป๊ะ
2024-07-22T12:00:00Z,6.475,99.325,30.22,6.23,0.63,3,เกาะหลีเป๊ะ
2024-07-23T12:00:00Z,6.475,99.325,30.52,5.96,0.9400000000000001,3,เกาะหลีเป๊ะ
2024-07-24T12:00:00Z,6.475,99.325,30.55,5.68,0.98,3,เกาะหลีเป๊ะ
2024-07-26T12:00:00Z,6.475,99.325,30.6,5.21,1.05,3,เกาะหลีเป๊ะ
2024-07-27T12:00:00Z,6.475,99.325,30.55,5.01,1.01,3,เกาะหลีเป๊ะ
2024-07-28T12:00:00Z,6.475,99.325,30.46,4.78,0.93,3,เกาะหลีเป๊ะ
2024-07-29T12:00:00Z,6.475,99.325,30.68,4.55,1.16,3,เกาะหลีเป๊ะ
2024-07-30T12:00:00Z,6.475,99.325,30.57,4.3500000000000005,1.06,3,เกาะหลีเป๊ะ
2024-07-31T12:00:00Z,6.475,99.325,30.42,4.14,0.93,3,เกาะหลีเป๊ะ
2024-08-01T12:00:00Z,6.475,99.325,30.23,3.92,0.75,3,เกาะหลีเป๊ะ
2024-08-02T12:00:00Z,6.475,99.325,30.41,3.72,0.9400000000000001,3,เกาะหลีเป๊ะ
2024-08-03T12:00:00Z,6.475,99.325,30.36,3.56,0.9,3,เกาะหลีเป๊ะ
2024-08-04T12:00:00Z,6.475,99.325,30.54,3.34,1.09,3,เกาะหลีเป๊ะ
2024-08-05T12:00:00Z,6.475,99.325,30.71,3.17,1.27,3,เกาะหลีเป๊ะ
2024-08-06T12:00:00Z,6.475,99.325,30.75,2.96,1.32,3,เกาะหลีเป๊ะ
2024-08-07T12:00:00Z,6.475,99.325,30.61,2.7800000000000002,1.19,3,เกาะหลีเป๊ะ
2024-08-08T12:00:00Z,6.475,99.325,30.7,2.7800000000000002,1.29,3,เกาะหลีเป๊ะ
2024-08-09T12:00:00Z,6.475,99.325,30.53,2.64,1.1300000000000001,3,เกาะหลีเป๊ะ
2024-08-10T12:00:00Z,6.475,99.325,30.61,2.44,1.23,3,เกาะหลีเป๊ะ
2024-08-11T12:00:00Z,6.475,99.325,30.400000000000002,2.27,1.03,3,เกาะหลีเป๊ะ
2024-08-12T12:00:00Z,6.475,99.325,30.78,2.27,1.42,3,เกาะหลีเป๊ะ
2024-08-13T12:00:00Z,6.475,99.325,30.63,2.27,1.28,3,เกาะหลีเป๊ะ
2024-08-14T12:00:00Z,6.475,99.325,30.69,2.08,1.35,3,เกาะหลีเป๊ะ
2024-08-15T12:00:00Z,6.475,99.325,30.8,1.9100000000000001,1.47,3,เกาะหลีเป๊ะ
2024-08-16T12:00:00Z,6.475,99.325,30.7,1.73,1.3800000000000001,3,เกาะหลีเป๊ะ
2024-08-17T12:00:00Z,6.475,99.325,30.71,1.55,1.41,3,เกาะหลีเป๊ะ
2024-08-18T12:00:00Z,6.475,99.325,30.740000000000002,1.31,1.45,3,เกาะหลีเป๊ะ
2024-08-19T12:00:00Z,6.475,99.325,30.71,1.12,1.44,3,เกาะหลีเป๊ะ
2024-08-20T12:00:00Z,6.475,99.325,30.71,0.96,1.45,3,เกาะหลีเป๊ะ
2024-08-21T12:00:00Z,6.475,99.325,30.75,0.79,1.51,3,เกาะหลีเป๊ะ
2024-08-22T12:00:00Z,6.475,99.325,30.650000000000002,0.65,1.42,3,เกาะหลีเป๊ะ
2024-08-23T12:00:00Z,6.475,99.325,30.48,0.65,1.27,3,เกาะหลีเป๊ะ
2024-08-24T12:00:00Z,6.475,99.325,30.42,0.65,1.22,3,เกาะหลีเป๊ะ
2024-08-25T12:00:00Z,6.475,99.325,30.41,0.65,1.23,3,เกาะหลีเป๊ะ
2024-08-26T12:00:00Z,6.475,99.325,30.42,0.65,1.25,3,เกาะหลีเป๊ะ
2024-08-27T12:00:00Z,6.475,99.325,30.310000000000002,0.65,1.1500000000000001,3,เกาะหลีเป๊ะ
2024-08-28T12:00:00Z,6.475,99.325,30.11,0.48,0.97,3,เกาะหลีเป๊ะ
2024-08-29T12:00:00Z,6.475,99.325,29.97,0.31,0.84,3,เกาะหลีเป๊ะ
2024-08-30T12:00:00Z,6.475,99.325,30.37,0.15,1.26,3,เกาะหลีเป๊ะ
2024-08-31T12:00:00Z,6.475,99.325,30.42,0.0,1.32,3,เกาะหลีเป๊ะ
2024-09-01T12:00:00Z,6.475,99.325,30.26,0.0,1.18,3,เกาะหลีเป๊ะ
2024-09-02T12:00:00Z,6.475,99.325,30.310000000000002,0.0,1.24,3,เกาะหลีเป๊ะ
2024-09-03T12:00:00Z,6.475,99.325,30.48,0.0,1.43,3,เกาะหลีเป๊ะ
2024-09-04T12:00:00Z,6.475,99.325,30.240000000000002,0.0,1.2,3,เกาะหลีเป๊ะ
2024-09-05T12:00:00Z,6.475,99.325,30.060000000000002,0.0,1.03,3,เกาะหลีเป๊ะ
2024-09-06T12:00:00Z,6.475,99.325,30.14,0.0,1.1300000000000001,3,เกาะหลีเป๊ะ
2024-09-07T12:00:00Z,6.475,99.325,30.09,0.0,1.09,3,เกาะหลีเป๊ะ
2024-09-08T12:00:00Z,6.475,99.325,29.990000000000002,0.0,1.01,3,เกาะหลีเป๊ะ
2024-09-09T12:00:00Z,6.475,99.325,30.150000000000002,0.0,1.18,3,เกาะหลีเป๊ะ
2024-09-10T12:00:00Z,6.475,99.325,29.78,0.0,0.8300000000000001,3,เกาะหลีเป๊ะ
2024-09-11T12:00:00Z,6.475,99.325,30.12,0.0,1.18,3,เกาะหลีเป๊ะ
2024-09-12T12:00:00Z,6.475,99.325,29.96,0.0,1.04,3,เกาะหลีเป๊ะ
2024-09-13T12:00:00Z,6.475,99.325,29.94,0.0,1.03,3,เกาะหลีเป๊ะ
2024-09-14T12:00:00Z,6.475,99.325,29.87,0.0,0.98,3,เกาะหลีเป๊ะ
2024-09-15T12:00:00Z,6.475,99.325,29.94,0.0,1.06,3,เกาะหลีเป๊ะ
2024-09-16T12:00:00Z,6.475,99.325,29.810000000000002,0.0,0.9400000000000001,3,เกาะหลีเป๊ะ
2024-09-17T12:00:00Z,6.475,99.325,29.75,0.0,0.88,3,เกาะหลีเป๊ะ
2024-09-18T12:00:00Z,6.475,99.325,29.45,0.0,0.59,3,เกาะหลีเป๊ะ
2024-09-19T12:00:00Z,6.475,99.325,29.35,0.0,0.49,3,เกาะหลีเป๊ะ
2024-09-20T12:00:00Z,6.475,99.325,29.22,0.0,0.37,3,เกาะหลีเป๊ะ
2024-09-21T12:00:00Z,6.475,99.325,29.28,0.0,0.44,3,เกาะหลีเป๊ะ
2024-09-22T12:00:00Z,6.475,99.325,29.330000000000002,0.0,0.49,3,เกาะหลีเป๊ะ
2024-09-23T12:00:00Z,6.475,99.325,29.5,0.0,0.67,3,เกาะหลีเป๊ะ
2024-09-24T12:00:00Z,6.475,99.325,29.400000000000002,0.0,0.5700000000000001,3,เกาะหลีเป๊ะ
2024-09-25T12:00:00Z,6.475,99.325,29.64,0.0,0.8200000000000001,3,เกาะหลีเป๊ะ
2024-09-26T12:00:00Z,6.475,99.325,29.64,0.0,0.8300000000000001,3,เกาะหลีเป๊ะ
2024-09-27T12:00:00Z,6.475,99.325,29.6,0.0,0.79,3,เกาะหลีเป๊ะ
2024-09-28T12:00:00Z,6.475,99.325,29.8,0.0,1.0,3,เกาะหลีเป๊ะ
2024-09-29T12:00:00Z,6.475,99.325,29.93,0.0,1.1300000000000001,3,เกาะหลีเป๊ะ
2024-09-30T12:00:00Z,6.475,99.325,29.86,0.0,1.07,3,เกาะหลีเป๊ะ
2024-10-01T12:00:00Z,6.475,99.325,30.03,0.0,1.25,3,เกาะหลีเป๊ะ
2024-10-02T12:00:00Z,6.475,99.325,29.97,0.0,1.19,3,เกาะหลีเป๊ะ
2024-10-03T12:00:00Z,6.475,99.325,30.02,0.0,1.25,3,เกาะหลีเป๊ะ
2024-10-04T12:00:00Z,6.475,99.325,29.64,0.0,0.87,3,เกาะหลีเป๊ะ
2024-10-05T12:00:00Z,6.475,99.325,29.46,0.0,0.7000000000000001,3,เกาะหลีเป๊ะ
2024-10-06T12:00:00Z,6.475,99.325,29.75,0.0,1.0,3,เกาะหลีเป๊ะ
2024-10-07T12:00:00Z,6.475,99.325,29.67,0.0,0.92,3,เกาะหลีเป๊ะ
2024-10-08T12:00:00Z,6.475,99.325,29.91,0.0,1.17,3,เกาะหลีเป๊ะ
2024-10-09T12:00:00Z,6.475,99.325,30.080000000000002,0.0,1.34,3,เกาะหลีเป๊ะ
2024-10-10T12:00:00Z,6.475,99.325,30.16,0.0,1.43,3,เกาะหลีเป๊ะ
2024-10-10T12:00:00Z,6.475,99.325,30.16,0.0,1.43,3,เกาะหลีเป๊ะ
2024-10-11T12:00:00Z,6.475,99.325,30.04,0.0,1.32,3,เกาะหลีเป๊ะ
2024-10-12T12:00:00Z,6.475,99.325,30.2,0.0,1.48,3,เกาะหลีเป๊ะ
2024-10-13T12:00:00Z,6.475,99.325,30.2,0.0,1.49,3,เกาะหลีเป๊ะ
2024-10-14T12:00:00Z,6.475,99.325,30.1,0.0,1.3900000000000001,3,เกาะหลีเป๊ะ
2024-10-15T12:00:00Z,6.475,99.325,30.2,0.0,1.5,3,เกาะหลีเป๊ะ
2024-10-16T12:00:00Z,6.475,99.325,30.3,0.0,1.6,3,เกาะหลีเป๊ะ
2024-10-17T12:00:00Z,6.475,99.325,30.26,0.0,1.55,3,เกาะหลีเป๊ะ
2024-10-18T12:00:00Z,6.475,99.325,30.35,0.0,1.6400000000000001,3,เกาะหลีเป๊ะ
2024-10-19T12:00:00Z,6.475,99.325,30.23,0.0,1.52,3,เกาะหลีเป๊ะ
2024-10-20T12:00:00Z,6.475,99.325,30.17,0.0,1.45,3,เกาะหลีเป๊ะ
2024-10-21T12:00:00Z,6.475,99.325,30.27,0.0,1.55,3,เกาะหลีเป๊ะ
2024-10-22T12:00:00Z,6.475,99.325,30.310000000000002,0.0,1.59,3,เกาะหลีเป๊ะ
2024-10-23T12:00:00Z,6.475,99.325,30.01,0.0,1.28,3,เกาะหลีเป๊ะ
2024-10-24T12:00:00Z,6.475,99.325,29.89,0.0,1.16,3,เกาะหลีเป๊ะ
2024-10-25T12:00:00Z,6.475,99.325,29.85,0.0,1.12,3,เกาะหลีเป๊ะ
2024-10-26T12:00:00Z,6.475,99.325,29.77,0.0,1.03,3,เกาะหลีเป๊ะ
2024-10-27T12:00:00Z,6.475,99.325,29.85,0.0,1.11,3,เกาะหลีเป๊ะ
2024-10-28T12:00:00Z,6.475,99.325,29.66,0.0,0.92,3,เกาะหลีเป๊ะ
2024-10-29T12:00:00Z,6.475,99.325,29.46,0.0,0.71,3,เกาะหลีเป๊ะ
2024-10-30T12:00:00Z,6.475,99.325,29.62,0.0,0.87,3,เกาะหลีเป๊ะ
2024-10-31T12:00:00Z,6.475,99.325,29.68,0.0,0.93,3,เกาะหลีเป๊ะ
2024-11-01T12:00:00Z,6.475,99.325,29.7,0.0,0.9500000000000001,3,เกาะหลีเป๊ะ
2024-11-02T12:00:00Z,6.475,99.325,29.51,0.0,0.75,3,เกาะหลีเป๊ะ
2024-11-03T12:00:00Z,6.475,99.325,29.66,0.0,0.9,3,เกาะหลีเป๊ะ
2024-11-04T12:00:00Z,6.475,99.325,29.54,0.0,0.78,3,เกาะหลีเป๊ะ
2024-11-05T12:00:00Z,6.475,99.325,29.77,0.0,1.0,3,เกาะหลีเป๊ะ
2024-11-06T12:00:00Z,6.475,99.325,29.88,0.0,1.11,3,เกาะหลีเป๊ะ
2024-11-07T12:00:00Z,6.475,99.325,30.11,0.0,1.34,3,เกาะหลีเป๊ะ
2024-11-08T12:00:00Z,6.475,99.325,30.11,0.0,1.33,3,เกาะหลีเป๊ะ
2024-11-09T12:00:00Z,6.475,99.325,30.060000000000002,0.0,1.28,3,เกาะหลีเป๊ะ
2024-11-10T12:00:00Z,6.475,99.325,30.16,0.0,1.3800000000000001,3,เกาะหลีเป๊ะ
2024-11-11T12:00:00Z,6.475,99.325,29.98,0.0,1.19,3,เกาะหลีเป๊ะ
2024-11-12T12:00:00Z,6.475,99.325,29.93,0.0,1.1400000000000001,3,เกาะหลีเป๊ะ
2024-11-13T12:00:00Z,6.475,99.325,30.150000000000002,0.0,1.36,3,เกาะหลีเป๊ะ
2024-11-14T12:00:00Z,6.475,99.325,30.29,0.0,1.49,3,เกาะหลีเป๊ะ
2024-11-15T12:00:00Z,6.475,99.325,30.2,0.0,1.4000000000000001,3,เกาะหลีเป๊ะ
2024-11-16T12:00:00Z,6.475,99.325,30.330000000000002,0.0,1.54,3,เกาะหลีเป๊ะ
2024-11-17T12:00:00Z,6.475,99.325,30.48,0.0,1.7,3,เกาะหลีเป๊ะ
2024-11-18T12:00:00Z,6.475,99.325,30.35,0.0,1.58,3,เกาะหลีเป๊ะ
2024-11-19T12:00:00Z,6.475,99.325,30.28,0.0,1.53,3,เกาะหลีเป๊ะ
2024-11-20T12:00:00Z,6.475,99.325,30.07,0.0,1.33,3,เกาะหลีเป๊ะ
2024-11-21T12:00:00Z,6.475,99.325,29.94,0.0,1.21,3,เกาะหลีเป๊ะ
2024-11-22T12:00:00Z,6.475,99.325,30.29,0.0,1.57,3,เกาะหลีเป๊ะ
2024-11-23T12:00:00Z,6.475,99.325,29.84,0.0,1.1300000000000001,3,เกาะหลีเป๊ะ
2024-11-24T12:00:00Z,6.475,99.325,29.71,0.0,1.01,3,เกาะหลีเป๊ะ
2024-11-25T12:00:00Z,6.475,99.325,29.87,0.0,1.18,3,เกาะหลีเป๊ะ
2024-11-26T12:00:00Z,6.475,99.325,29.86,0.0,1.18,3,เกาะหลีเป๊ะ
2024-11-27T12:00:00Z,6.475,99.325,29.8,0.0,1.1400000000000001,3,เกาะหลีเป๊ะ
2024-11-28T12:00:00Z,6.475,99.325,29.79,0.0,1.1400000000000001,3,เกาะหลีเป๊ะ
2024-11-29T12:00:00Z,6.475,99.325,29.64,0.0,1.0,3,เกาะหลีเป๊ะ
2024-11-30T12:00:00Z,6.475,99.325,29.6,0.0,0.97,3,เกาะหลีเป๊ะ
2024-12-01T12:00:00Z,6.475,99.325,29.59,0.0,0.97,3,เกาะหลีเป๊ะ
2024-12-02T12:00:00Z,6.475,99.325,29.310000000000002,0.0,0.7000000000000001,3,เกาะหลีเป๊ะ
2024-12-03T12:00:00Z,6.475,99.325,29.38,0.0,0.78,3,เกาะหลีเป๊ะ
2024-12-04T12:00:00Z,6.475,99.325,29.32,0.0,0.74,3,เกาะหลีเป๊ะ
2024-12-05T12:00:00Z,6.475,99.325,29.84,0.0,1.27,3,เกาะหลีเป๊ะ
2024-12-06T12:00:00Z,6.475,99.325,29.53,0.0,0.97,3,เกาะหลีเป๊ะ
2024-12-07T12:00:00Z,6.475,99.325,29.75,0.0,1.2,3,เกาะหลีเป๊ะ
2024-12-08T12:00:00Z,6.475,99.325,29.6,0.0,1.06,3,เกาะหลีเป๊ะ
2024-12-09T12:00:00Z,6.475,99.325,29.54,0.0,1.01,3,เกาะหลีเป๊ะ
2024-12-10T12:00:00Z,6.475,99.325,29.54,0.0,1.02,3,เกาะหลีเป๊ะ
2024-12-11T12:00:00Z,6.475,99.325,29.34,0.0,0.8300000000000001,3,เกาะหลีเป๊ะ
2024-12-12T12:00:00Z,6.475,99.325,29.38,0.0,0.89,3,เกาะหลีเป๊ะ
2024-12-13T12:00:00Z,6.475,99.325,29.26,0.0,0.78,3,เกาะหลีเป๊ะ
2024-12-14T12:00:00Z,6.475,99.325,29.61,0.0,1.1400000000000001,3,เกาะหลีเป๊ะ
2024-12-15T12:00:00Z,6.475,99.325,29.68,0.0,1.22,3,เกาะหลีเป๊ะ
2024-12-16T12:00:00Z,6.475,99.325,29.62,0.0,1.16,3,เกาะหลีเป๊ะ
2024-12-17T12:00:00Z,6.475,99.325,29.34,0.0,0.88,3,เกาะหลีเป๊ะ
2024-12-18T12:00:00Z,6.475,99.325,29.19,0.0,0.73,3,เกาะหลีเป๊ะ
2024-12-19T12:00:00Z,6.475,99.325,29.26,0.0,0.8,3,เกาะหลีเป๊ะ
2024-12-20T12:00:00Z,6.475,99.325,29.330000000000002,0.0,0.87,3,เกาะหลีเป๊ะ
2024-12-21T12:00:00Z,6.475,99.325,29.3,0.0,0.85,3,เกาะหลีเป๊ะ
2024-12-22T12:00:00Z,6.475,99.325,29.27,0.0,0.8200000000000001,3,เกาะหลีเป๊ะ
2024-12-23T12:00:00Z,6.475,99.325,29.21,0.0,0.76,3,เกาะหลีเป๊ะ
2024-12-24T12:00:00Z,6.475,99.325,29.05,0.0,0.6,3,เกาะหลีเป๊ะ
2024-12-25T12:00:00Z,6.475,99.325,29.330000000000002,0.0,0.88,3,เกาะหลีเป๊ะ
2024-12-26T12:00:00Z,6.475,99.325,29.5,0.0,1.05,3,เกาะหลีเป๊ะ
2024-12-27T12:00:00Z,6.475,99.325,29.490000000000002,0.0,1.04,3,เกาะหลีเป๊ะ
2024-12-28T12:00:00Z,6.475,99.325,29.560000000000002,0.0,1.11,3,เกาะหลีเป๊ะ
2024-12-29T12:00:00Z,6.475,99.325,29.38,0.0,0.93,3,เกาะหลีเป๊ะ
2024-12-30T12:00:00Z,6.475,99.325,29.41,0.0,0.96,3,เกาะหลีเป๊ะ
2024-12-31T12:00:00Z,6.475,99.325,29.41,0.0,0.97,3,เกาะหลีเป๊ะ
2025-01-01T12:00:00Z,6.475,99.325,29.41,0.0,0.97,3,เกาะหลีเป๊ะ
2025-01-02T12:00:00Z,6.475,99.325,29.57,0.0,1.1300000000000001,3,เกาะหลีเป๊ะ
2025-01-03T12:00:00Z,6.475,99.325,29.57,0.0,1.1300000000000001,3,เกาะหลีเป๊ะ
2025-01-04T12:00:00Z,6.475,99.325,29.47,0.0,1.03,3,เกาะหลีเป๊ะ
2025-01-05T12:00:00Z,6.475,99.325,29.45,0.0,1.01,3,เกาะหลีเป๊ะ
2025-01-06T12:00:00Z,6.475,99.325,29.47,0.0,1.03,3,เกาะหลีเป๊ะ
2025-01-07T12:00:00Z,6.475,99.325,29.44,0.0,1.0,3,เกาะหลีเป๊ะ
2025-01-08T12:00:00Z,6.475,99.325,29.42,0.0,0.98,3,เกาะหลีเป๊ะ
2025-01-08T12:00:00Z,6.475,99.325,29.42,0.0,0.98,3,เกาะหลีเป๊ะ
2025-01-09T12:00:00Z,6.475,99.325,29.55,0.0,1.11,3,เกาะหลีเป๊ะ
2025-01-10T12:00:00Z,6.475,99.325,29.1,0.0,0.67,3,เกาะหลีเป๊ะ
2025-01-11T12:00:00Z,6.475,99.325,29.22,0.0,0.79,3,เกาะหลีเป๊ะ
2025-01-12T12:00:00Z,6.475,99.325,29.03,0.0,0.6,3,เกาะหลีเป๊ะ
2025-01-13T12:00:00Z,6.475,99.325,28.92,0.0,0.49,3,เกาะหลีเป๊ะ
2025-01-14T12:00:00Z,6.475,99.325,28.8,0.0,0.37,3,เกาะหลีเป๊ะ
2025-01-15T12:00:00Z,6.475,99.325,28.71,0.0,0.28,3,เกาะหลีเป๊ะ
2025-01-16T12:00:00Z,6.475,99.325,28.54,0.0,0.1,3,เกาะหลีเป๊ะ
2025-01-17T12:00:00Z,6.475,99.325,28.44,0.0,-0.01,3,เกาะหลีเป๊ะ
2025-01-18T12:00:00Z,6.475,99.325,28.36,0.0,-0.1,3,เกาะหลีเป๊ะ
2025-01-19T12:00:00Z,6.475,99.325,28.41,0.0,-0.06,3,เกาะหลีเป๊ะ
2025-01-20T12:00:00Z,6.475,99.325,28.330000000000002,0.0,-0.15,3,เกาะหลีเป๊ะ
2025-01-21T12:00:00Z,6.475,99.325,28.64,0.0,0.15,3,เกาะหลีเป๊ะ
2025-01-22T12:00:00Z,6.475,99.325,28.240000000000002,0.0,-0.26,3,เกาะหลีเป๊ะ
2025-01-23T12:00:00Z,6.475,99.325,28.52,0.0,0.01,3,เกาะหลีเป๊ะ
2025-01-24T12:00:00Z,6.475,99.325,28.69,0.0,0.17,3,เกาะหลีเป๊ะ
2025-01-25T12:00:00Z,6.475,99.325,29.12,0.0,0.59,3,เกาะหลีเป๊ะ
2025-01-26T12:00:00Z,6.475,99.325,29.37,0.0,0.8300000000000001,3,เกาะหลีเป๊ะ
2025-01-27T12:00:00Z,6.475,99.325,29.13,0.0,0.58,3,เกาะหลีเป๊ะ
2025-01-28T12:00:00Z,6.475,99.325,28.740000000000002,0.0,0.18,3,เกาะหลีเป๊ะ
2025-01-29T12:00:00Z,6.475,99.325,28.94,0.0,0.37,3,เกาะหลีเป๊ะ
2025-01-30T12:00:00Z,6.475,99.325,28.66,0.0,0.08,3,เกาะหลีเป๊ะ
2025-01-31T12:00:00Z,6.475,99.325,28.64,0.0,0.06,3,เกาะหลีเป๊ะ
2025-02-01T12:00:00Z,6.475,99.325,28.53,0.0,-0.06,3,เกาะหลีเป๊ะ
2025-02-02T12:00:00Z,6.475,99.325,28.64,0.0,0.04,3,เกาะหลีเป๊ะ
2025-02-03T12:00:00Z,6.475,99.325,28.89,0.0,0.28,3,เกาะหลีเป๊ะ
2025-02-04T12:00:00Z,6.475,99.325,28.79,0.0,0.17,3,เกาะหลีเป๊ะ
2025-02-05T12:00:00Z,6.475,99.325,28.61,0.0,-0.02,3,เกาะหลีเป๊ะ
2025-02-06T12:00:00Z,6.475,99.325,28.740000000000002,0.0,0.1,3,เกาะหลีเป๊ะ
2025-02-07T12:00:00Z,6.475,99.325,28.85,0.0,0.2,3,เกาะหลีเป๊ะ
2025-02-08T12:00:00Z,6.475,99.325,28.62,0.0,-0.04,3,เกาะหลีเป๊ะ
2025-02-09T12:00:00Z,6.475,99.325,28.8,0.0,0.13,3,เกาะหลีเป๊ะ
2025-02-10T12:00:00Z,6.475,99.325,28.72,0.0,0.04,3,เกาะหลีเป๊ะ
2025-02-11T12:00:00Z,6.475,99.325,28.71,0.0,0.02,3,เกาะหลีเป๊ะ
2025-02-12T12:00:00Z,6.475,99.325,28.990000000000002,0.0,0.29,3,เกาะหลีเป๊ะ
2025-02-13T12:00:00Z,6.475,99.325,29.060000000000002,0.0,0.35000000000000003,3,เกาะหลีเป๊ะ
2025-02-14T12:00:00Z,6.475,99.325,29.04,0.0,0.32,3,เกาะหลีเป๊ะ
2025-02-15T12:00:00Z,6.475,99.325,29.36,0.0,0.63,3,เกาะหลีเป๊ะ
2025-02-16T12:00:00Z,6.475,99.325,29.310000000000002,0.0,0.56,3,เกาะหลีเป๊ะ
2025-02-17T12:00:00Z,6.475,99.325,29.17,0.0,0.4,3,เกาะหลีเป๊ะ
2025-02-18T12:00:00Z,6.475,99.325,29.14,0.0,0.35000000000000003,3,เกาะหลีเป๊ะ
2025-02-19T12:00:00Z,6.475,99.325,28.98,0.0,0.17,3,เกาะหลีเป๊ะ
2025-02-20T12:00:00Z,6.475,99.325,29.03,0.0,0.2,3,เกาะหลีเป๊ะ
2025-02-21T12:00:00Z,6.475,99.325,29.32,0.0,0.47000000000000003,3,เกาะหลีเป๊ะ
2025-02-22T12:00:00Z,6.475,99.325,29.32,0.0,0.45,3,เกาะหลีเป๊ะ
2025-02-23T12:00:00Z,6.475,99.325,28.89,0.0,0.0,3,เกาะหลีเป๊ะ
2025-02-24T12:00:00Z,6.475,99.325,28.59,0.0,-0.32,3,เกาะหลีเป๊ะ
2025-02-25T12:00:00Z,6.475,99.325,28.830000000000002,0.0,-0.1,3,เกาะหลีเป๊ะ
2025-02-26T12:00:00Z,6.475,99.325,29.05,0.0,0.1,3,เกาะหลีเป๊ะ
2025-02-27T12:00:00Z,6.475,99.325,29.02,0.0,0.05,3,เกาะหลีเป๊ะ
2025-02-28T12:00:00Z,6.475,99.325,29.28,0.0,0.29,3,เกาะหลีเป๊ะ
2025-03-01T12:00:00Z,6.475,99.325,29.310000000000002,0.0,0.31,3,เกาะหลีเป๊ะ
2025-03-02T12:00:00Z,6.475,99.325,29.43,0.0,0.41000000000000003,3,เกาะหลีเป๊ะ
2025-03-03T12:00:00Z,6.475,99.325,29.400000000000002,0.0,0.36,3,เกาะหลีเป๊ะ
2025-03-04T12:00:00Z,6.475,99.325,29.53,0.0,0.47000000000000003,3,เกาะหลีเป๊ะ
2025-03-05T12:00:00Z,6.475,99.325,29.490000000000002,0.0,0.41000000000000003,3,เกาะหลีเป๊ะ
2025-03-06T12:00:00Z,6.475,99.325,29.28,0.0,0.18,3,เกาะหลีเป๊ะ
2025-03-07T12:00:00Z,6.475,99.325,29.490000000000002,0.0,0.37,3,เกาะหลีเป๊ะ
2025-03-08T12:00:00Z,6.475,99.325,29.36,0.0,0.22,3,เกาะหลีเป๊ะ
2025-03-09T12:00:00Z,6.475,99.325,29.85,0.0,0.6900000000000001,3,เกาะหลีเป๊ะ
2025-03-10T12:00:00Z,6.475,99.325,29.73,0.0,0.55,3,เกาะหลีเป๊ะ
2025-03-11T12:00:00Z,6.475,99.325,29.6,0.0,0.4,3,เกาะหลีเป๊ะ
2025-03-12T12:00:00Z,6.475,99.325,29.36,0.0,0.14,3,เกาะหลีเป๊ะ
2025-03-13T12:00:00Z,6.475,99.325,29.05,0.0,-0.19,3,เกาะหลีเป๊ะ
2025-03-14T12:00:00Z,6.475,99.325,29.75,0.0,0.49,3,เกาะหลีเป๊ะ
2025-03-15T12:00:00Z,6.475,99.325,30.12,0.0,0.84,3,เกาะหลีเป๊ะ
2025-03-16T12:00:00Z,6.475,99.325,30.26,0.0,0.96,3,เกาะหลีเป๊ะ
2025-03-17T12:00:00Z,6.475,99.325,30.03,0.0,0.71,3,เกาะหลีเป๊ะ
2025-03-18T12:00:00Z,6.475,99.325,29.96,0.0,0.62,3,เกาะหลีเป๊ะ
2025-03-19T12:00:00Z,6.475,99.325,29.94,0.0,0.58,3,เกาะหลีเป๊ะ
2025-03-20T12:00:00Z,6.475,99.325,29.8,0.0,0.42,3,เกาะหลีเป๊ะ
2025-03-21T12:00:00Z,6.475,99.325,29.580000000000002,0.0,0.18,3,เกาะหลีเป๊ะ
2025-03-22T12:00:00Z,6.475,99.325,29.57,0.0,0.15,3,เกาะหลีเป๊ะ
2025-03-23T12:00:00Z,6.475,99.325,29.57,0.0,0.13,3,เกาะหลีเป๊ะ
2025-03-24T12:00:00Z,6.475,99.325,29.54,0.0,0.08,3,เกาะหลีเป๊ะ
2025-03-25T12:00:00Z,6.475,99.325,29.63,0.0,0.15,3,เกาะหลีเป๊ะ
2025-03-26T12:00:00Z,6.475,99.325,29.84,0.0,0.34,3,เกาะหลีเป๊ะ
2025-03-27T12:00:00Z,6.475,99.325,29.73,0.0,0.21,3,เกาะหลีเป๊ะ
2025-03-28T12:00:00Z,6.475,99.325,29.8,0.0,0.26,3,เกาะหลีเป๊ะ
2025-03-29T12:00:00Z,6.475,99.325,29.92,0.0,0.36,3,เกาะหลีเป๊ะ
2025-03-30T12:00:00Z,6.475,99.325,29.98,0.0,0.4,3,เกาะหลีเป๊ะ
2025-03-31T12:00:00Z,6.475,99.325,30.26,0.0,0.65,3,เกาะหลีเป๊ะ
2025-04-01T12:00:00Z,6.475,99.325,30.2,0.0,0.5700000000000001,3,เกาะหลีเป๊ะ
2025-04-02T12:00:00Z,6.475,99.325,30.22,0.0,0.5700000000000001,3,เกาะหลีเป๊ะ
2025-04-03T12:00:00Z,6.475,99.325,30.28,0.0,0.61,3,เกาะหลีเป๊ะ
2025-04-04T12:00:00Z,6.475,99.325,30.21,0.0,0.52,3,เกาะหลีเป๊ะ
2025-04-05T12:00:00Z,6.475,99.325,30.310000000000002,0.0,0.6,3,เกาะหลีเป๊ะ
2025-04-06T12:00:00Z,6.475,99.325,30.36,0.0,0.63,3,เกาะหลีเป๊ะ
2025-04-07T12:00:00Z,6.475,99.325,30.36,0.0,0.61,3,เกาะหลีเป๊ะ
2025-04-08T12:00:00Z,6.475,99.325,30.07,0.0,0.3,3,เกาะหลีเป๊ะ
2025-04-08T12:00:00Z,6.475,99.325,30.07,0.0,0.3,3,เกาะหลีเป๊ะ
2025-04-09T12:00:00Z,6.475,99.325,30.03,0.0,0.24,3,เกาะหลีเป๊ะ
2025-04-10T12:00:00Z,6.475,99.325,29.96,0.0,0.15,3,เกาะหลีเป๊ะ
2025-04-11T12:00:00Z,6.475,99.325,30.240000000000002,0.0,0.41000000000000003,3,เกาะหลีเป๊ะ
2025-04-12T12:00:00Z,6.475,99.325,30.0,0.0,0.15,3,เกาะหลีเป๊ะ
2025-04-13T12:00:00Z,6.475,99.325,30.04,0.0,0.17,3,เกาะหลีเป๊ะ
2025-04-14T12:00:00Z,6.475,99.325,30.150000000000002,0.0,0.26,3,เกาะหลีเป๊ะ
2025-04-15T12:00:00Z,6.475,99.325,29.93,0.0,0.02,3,เกาะหลีเป๊ะ
2025-04-16T12:00:00Z,6.475,99.325,30.400000000000002,0.0,0.49,3,เกาะหลีเป๊ะ
2025-04-17T12:00:00Z,6.475,99.325,30.46,0.0,0.54,3,เกาะหลีเป๊ะ
2025-04-18T12:00:00Z,6.475,99.325,30.63,0.0,0.71,3,เกาะหลีเป๊ะ
2025-04-19T12:00:00Z,6.475,99.325,30.44,0.0,0.51,3,เกาะหลีเป๊ะ
2025-04-20T12:00:00Z,6.475,99.325,30.37,0.0,0.44,3,เกาะหลีเป๊ะ
2025-04-21T12:00:00Z,6.475,99.325,30.45,0.0,0.52,3,เกาะหลีเป๊ะ
2025-04-22T12:00:00Z,6.475,99.325,30.47,0.0,0.53,3,เกาะหลีเป๊ะ
2025-04-23T12:00:00Z,6.475,99.325,30.5,0.0,0.56,3,เกาะหลีเป๊ะ
2025-04-24T12:00:00Z,6.475,99.325,30.6,0.0,0.65,3,เกาะหลีเป๊ะ
2025-04-25T12:00:00Z,6.475,99.325,30.580000000000002,0.0,0.63,3,เกาะหลีเป๊ะ
2025-04-26T12:00:00Z,6.475,99.325,30.560000000000002,0.0,0.61,3,เกาะหลีเป๊ะ
2025-04-27T12:00:00Z,6.475,99.325,29.98,0.0,0.02,3,เกาะหลีเป๊ะ
2025-04-28T12:00:00Z,6.475,99.325,30.35,0.0,0.39,3,เกาะหลีเป๊ะ
2025-04-29T12:00:00Z,6.475,99.325,30.650000000000002,0.0,0.68,3,เกาะหลีเป๊ะ
2025-04-30T12:00:00Z,6.475,99.325,30.740000000000002,0.0,0.77,3,เกาะหลีเป๊ะ
2025-05-01T12:00:00Z,6.475,99.325,30.91,0.0,0.9400000000000001,3,เกาะหลีเป๊ะ
2025-05-02T12:00:00Z,6.475,99.325,30.73,0.0,0.75,3,เกาะหลีเป๊ะ
2025-05-03T12:00:00Z,6.475,99.325,30.990000000000002,0.0,1.01,3,เกาะหลีเป๊ะ
2025-05-04T12:00:00Z,6.475,99.325,30.970000000000002,0.0,0.98,3,เกาะหลีเป๊ะ
2025-05-05T12:00:00Z,6.475,99.325,30.76,0.0,0.77,3,เกาะหลีเป๊ะ
2025-05-06T12:00:00Z,6.475,99.325,30.78,0.0,0.79,3,เกาะหลีเป๊ะ
2025-05-07T12:00:00Z,6.475,99.325,30.62,0.0,0.62,3,เกาะหลีเป๊ะ
2025-05-08T12:00:00Z,6.475,99.325,30.51,0.0,0.51,3,เกาะหลีเป๊ะ
2025-05-09T12:00:00Z,6.475,99.325,30.55,0.0,0.54,3,เกาะหลีเป๊ะ
2025-05-10T12:00:00Z,6.475,99.325,30.46,0.0,0.45,3,เกาะหลีเป๊ะ
2025-05-11T12:00:00Z,6.475,99.325,30.25,0.0,0.24,3,เกาะหลีเป๊ะ
2025-05-12T12:00:00Z,6.475,99.325,30.080000000000002,0.0,0.06,3,เกาะหลีเป๊ะ
2025-05-13T12:00:00Z,6.475,99.325,30.28,0.0,0.26,3,เกาะหลีเป๊ะ
2025-05-14T12:00:00Z,6.475,99.325,30.09,0.0,0.06,3,เกาะหลีเป๊ะ
2025-05-15T12:00:00Z,6.475,99.325,30.240000000000002,0.0,0.21,3,เกาะหลีเป๊ะ
2025-05-16T12:00:00Z,6.475,99.325,30.39,0.0,0.36,3,เกาะหลีเป๊ะ
2025-05-17T12:00:00Z,6.475,99.325,30.57,0.0,0.53,3,เกาะหลีเป๊ะ
2025-05-18T12:00:00Z,6.475,99.325,30.52,0.0,0.48,3,เกาะหลีเป๊ะ
2025-05-19T12:00:00Z,6.475,99.325,30.740000000000002,0.0,0.7000000000000001,3,เกาะหลีเป๊ะ
2025-05-20T12:00:00Z,6.475,99.325,30.650000000000002,0.0,0.6,3,เกาะหลีเป๊ะ
2025-05-21T12:00:00Z,6.475,99.325,30.7,0.0,0.65,3,เกาะหลีเป๊ะ
2025-05-22T12:00:00Z,6.475,99.325,30.650000000000002,0.0,0.6,3,เกาะหลีเป๊ะ
2025-05-23T12:00:00Z,6.475,99.325,30.44,0.0,0.38,3,เกาะหลีเป๊ะ
2025-05-24T12:00:00Z,6.475,99.325,30.34,0.0,0.28,3,เกาะหลีเป๊ะ
2025-05-25T12:00:00Z,6.475,99.325,30.330000000000002,0.0,0.26,3,เกาะหลีเป๊ะ
2025-05-26T12:00:00Z,6.475,99.325,30.45,0.0,0.38,3,เกาะหลีเป๊ะ
2025-05-27T12:00:00Z,6.475,99.325,30.29,0.0,0.22,3,เกาะหลีเป๊ะ
2025-05-28T12:00:00Z,6.475,99.325,30.47,0.0,0.39,3,เกาะหลีเป๊ะ
2025-05-29T12:00:00Z,6.475,99.325,30.38,0.0,0.3,3,เกาะหลีเป๊ะ
2025-05-30T12:00:00Z,6.475,99.325,30.43,0.0,0.35000000000000003,3,เกาะหลีเป๊ะ
2025-05-31T12:00:00Z,6.475,99.325,30.61,0.0,0.52,3,เกาะหลีเป๊ะ
2025-06-01T12:00:00Z,6.475,99.325,30.580000000000002,0.0,0.49,3,เกาะหลีเป๊ะ
2025-06-02T12:00:00Z,6.475,99.325,30.650000000000002,0.0,0.56,3,เกาะหลีเป๊ะ
2025-06-03T12:00:00Z,6.475,99.325,30.48,0.0,0.38,3,เกาะหลีเป๊ะ
2025-06-04T12:00:00Z,6.475,99.325,30.51,0.0,0.41000000000000003,3,เกาะหลีเป๊ะ
2025-06-05T12:00:00Z,6.475,99.325,30.29,0.0,0.19,3,เกาะหลีเป๊ะ
2025-06-06T12:00:00Z,6.475,99.325,30.34,0.0,0.23,3,เกาะหลีเป๊ะ
2025-06-07T12:00:00Z,6.475,99.325,30.07,0.0,-0.04,3,เกาะหลีเป๊ะ
2025-06-08T12:00:00Z,6.475,99.325,30.3,0.0,0.18,3,เกาะหลีเป๊ะ
2025-06-09T12:00:00Z,6.475,99.325,30.080000000000002,0.0,-0.04,3,เกาะหลีเป๊ะ
2025-06-10T12:00:00Z,6.475,99.325,30.38,0.0,0.26,3,เกาะหลีเป๊ะ
2025-06-11T12:00:00Z,6.475,99.325,30.22,0.0,0.09,3,เกาะหลีเป๊ะ
2025-06-12T12:00:00Z,6.475,99.325,29.98,0.0,-0.15,3,เกาะหลีเป๊ะ
2025-06-13T12:00:00Z,6.475,99.325,30.09,0.0,-0.04,3,เกาะหลีเป๊ะ
2025-06-14T12:00:00Z,6.475,99.325,30.03,0.0,-0.11,3,เกาะหลีเป๊ะ
2025-06-15T12:00:00Z,6.475,99.325,30.0,0.0,-0.14,3,เกาะหลีเป๊ะ
2025-06-16T12:00:00Z,6.475,99.325,30.060000000000002,0.0,-0.06,3,เกาะหลีเป๊ะ
2025-06-17T12:00:00Z,6.475,99.325,30.150000000000002,0.0,0.04,3,เกาะหลีเป๊ะ
2025-06-18T12:00:00Z,6.475,99.325,30.25,0.0,0.16,3,เกาะหลีเป๊ะ
2025-06-19T12:00:00Z,6.475,99.325,30.42,0.0,0.34,3,เกาะหลีเป๊ะ
2025-06-20T12:00:00Z,6.475,99.325,30.3,0.0,0.24,3,เกาะหลีเป๊ะ
2025-06-21T12:00:00Z,6.475,99.325,30.2,0.0,0.15,3,เกาะหลีเป๊ะ
2025-06-22T12:00:00Z,6.475,99.325,29.75,0.0,-0.28,3,เกาะหลีเป๊ะ
2025-06-23T12:00:00Z,6.475,99.325,29.47,0.0,-0.54,3,เกาะหลีเป๊ะ
2025-06-24T12:00:00Z,6.475,99.325,29.77,0.0,-0.23,3,เกาะหลีเป๊ะ
2025-06-25T12:00:00Z,6.475,99.325,30.03,0.0,0.05,3,เกาะหลีเป๊ะ
2025-06-26T12:00:00Z,6.475,99.325,29.79,0.0,-0.18,3,เกาะหลีเป๊ะ
2025-06-27T12:00:00Z,6.475,99.325,30.02,0.0,0.07,3,เกาะหลีเป๊ะ
2025-06-28T12:00:00Z,6.475,99.325,30.36,0.0,0.42,3,เกาะหลีเป๊ะ
2025-06-29T12:00:00Z,6.475,99.325,30.560000000000002,0.0,0.64,3,เกาะหลีเป๊ะ
2025-06-30T12:00:00Z,6.475,99.325,30.77,0.0,0.87,3,เกาะหลีเป๊ะ
2025-07-01T12:00:00Z,6.475,99.325,30.650000000000002,0.0,0.76,3,เกาะหลีเป๊ะ
2025-07-02T12:00:00Z,6.475,99.325,30.6,0.0,0.73,3,เกาะหลีเป๊ะ
2025-07-03T12:00:00Z,6.475,99.325,30.1,0.0,0.24,3,เกาะหลีเป๊ะ
2025-07-04T12:00:00Z,6.475,99.325,30.62,0.0,0.78,3,เกาะหลีเป๊ะ
2025-07-05T12:00:00Z,6.475,99.325,30.54,0.0,0.71,3,เกาะหลีเป๊ะ
2025-07-06T12:00:00Z,6.475,99.325,30.580000000000002,0.0,0.77,3,เกาะหลีเป๊ะ
2025-07-07T12:00:00Z,6.475,99.325,30.63,0.0,0.8300000000000001,3,เกาะหลีเป๊ะ
2025-07-07T12:00:00Z,6.475,99.325,30.63,0.0,0.8300000000000001,3,เกาะหลีเป๊ะ
2025-07-08T12:00:00Z,6.475,99.325,30.650000000000002,0.0,0.87,3,เกาะหลีเป๊ะ
2025-07-09T12:00:00Z,6.475,99.325,30.57,0.0,0.81,3,เกาะหลีเป๊ะ
2025-07-10T12:00:00Z,6.475,99.325,30.580000000000002,0.0,0.8300000000000001,3,เกาะหลีเป๊ะ
2025-07-11T12:00:00Z,6.475,99.325,30.52,0.0,0.79,3,เกาะหลีเป๊ะ
2025-07-12T12:00:00Z,6.475,99.325,30.490000000000002,0.0,0.77,3,เกาะหลีเป๊ะ
2025-07-13T12:00:00Z,6.475,99.325,30.25,0.0,0.55,3,เกาะหลีเป๊ะ
2025-07-14T12:00:00Z,6.475,99.325,30.3,0.0,0.61,3,เกาะหลีเป๊ะ
2025-07-15T12:00:00Z,6.475,99.325,30.080000000000002,0.0,0.41000000000000003,3,เกาะหลีเป๊ะ
2025-07-16T12:00:00Z,6.475,99.325,30.18,0.0,0.52,3,เกาะหลีเป๊ะ
2025-07-17T12:00:00Z,6.475,99.325,29.91,0.0,0.26,3,เกาะหลีเป๊ะ
2025-07-18T12:00:00Z,6.475,99.325,30.650000000000002,0.0,1.01,3,เกาะหลีเป๊ะ
2025-07-19T12:00:00Z,6.475,99.325,30.43,0.0,0.8,3,เกาะหลีเป๊ะ
2025-07-20T12:00:00Z,6.475,99.325,30.23,0.0,0.61,3,เกาะหลีเป๊ะ
2025-07-21T12:00:00Z,6.475,99.325,30.42,0.0,0.8200000000000001,3,เกาะหลีเป๊ะ
2025-07-22T12:00:00Z,6.475,99.325,30.47,0.0,0.88,3,เกาะหลีเป๊ะ
2025-07-23T12:00:00Z,6.475,99.325,30.8,0.0,1.22,3,เกาะหลีเป๊ะ
2025-07-24T12:00:00Z,6.475,99.325,30.86,0.0,1.29,3,เกาะหลีเป๊ะ
2025-07-25T12:00:00Z,6.475,99.325,30.78,0.0,1.22,3,เกาะหลีเป๊ะ
2025-07-26T12:00:00Z,6.475,99.325,30.85,0.0,1.3,3,เกาะหลีเป๊ะ
2025-07-27T12:00:00Z,6.475,99.325,30.75,0.0,1.21,3,เกาะหลีเป๊ะ
2025-07-28T12:00:00Z,6.475,99.325,30.62,0.0,1.09,3,เกาะหลีเป๊ะ
2025-07-29T12:00:00Z,6.475,99.325,30.740000000000002,0.0,1.22,3,เกาะหลีเป๊ะ
2025-07-30T12:00:00Z,6.475,99.325,30.560000000000002,0.0,1.05,3,เกาะหลีเป๊ะ
2025-07-31T12:00:00Z,6.475,99.325,30.76,0.0,1.27,3,เกาะหลีเป๊ะ
2025-08-01T12:00:00Z,6.475,99.325,30.87,0.0,1.3900000000000001,3,เกาะหลีเป๊ะ
2025-08-02T12:00:00Z,6.475,99.325,30.85,0.0,1.3800000000000001,3,เกาะหลีเป๊ะ
2025-08-03T12:00:00Z,6.475,99.325,30.95,0.0,1.49,3,เกาะหลีเป๊ะ
2025-08-04T12:00:00Z,6.475,99.325,30.67,0.0,1.22,3,เกาะหลีเป๊ะ
2025-08-05T12:00:00Z,6.475,99.325,30.86,0.0,1.42,3,เกาะหลีเป๊ะ
2025-08-06T12:00:00Z,6.475,99.325,30.740000000000002,0.0,1.31,3,เกาะหลีเป๊ะ
2025-08-07T12:00:00Z,6.475,99.325,30.79,0.0,1.37,3,เกาะหลีเป๊ะ
2025-08-08T12:00:00Z,6.475,99.325,30.73,0.0,1.32,3,เกาะหลีเป๊ะ
2025-08-09T12:00:00Z,6.475,99.325,30.68,0.0,1.28,3,เกาะหลีเป๊ะ
2025-08-10T12:00:00Z,6.475,99.325,30.61,0.0,1.23,3,เกาะหลีเป๊ะ
2025-08-11T12:00:00Z,6.475,99.325,30.53,0.0,1.16,3,เกาะหลีเป๊ะ
2025-08-12T12:00:00Z,6.475,99.325,30.36,0.0,1.0,3,เกาะหลีเป๊ะ
2025-08-13T12:00:00Z,6.475,99.325,30.2,0.0,0.85,3,เกาะหลีเป๊ะ
2025-08-14T12:00:00Z,6.475,99.325,30.34,0.0,1.0,3,เกาะหลีเป๊ะ
2025-08-15T12:00:00Z,6.475,99.325,30.42,0.0,1.09,3,เกาะหลีเป๊ะ
2025-08-16T12:00:00Z,6.475,99.325,30.310000000000002,0.0,0.99,3,เกาะหลีเป๊ะ
2025-08-17T12:00:00Z,6.475,99.325,30.37,0.0,1.07,3,เกาะหลีเป๊ะ
2025-08-18T12:00:00Z,6.475,99.325,30.560000000000002,0.0,1.27,3,เกาะหลีเป๊ะ
2025-08-19T12:00:00Z,6.475,99.325,30.59,0.0,1.32,3,เกาะหลีเป๊ะ
2025-08-20T12:00:00Z,6.475,99.325,30.44,0.0,1.18,3,เกาะหลีเป๊ะ
2025-08-21T12:00:00Z,6.475,99.325,30.35,0.0,1.11,3,เกาะหลีเป๊ะ
2025-08-22T12:00:00Z,6.475,99.325,30.5,0.0,1.27,3,เกาะหลีเป๊ะ
2025-08-23T12:00:00Z,6.475,99.325,30.37,0.0,1.16,3,เกาะหลีเป๊ะ
2025-08-24T12:00:00Z,6.475,99.325,30.29,0.0,1.09,3,เกาะหลีเป๊ะ
2025-08-25T12:00:00Z,6.475,99.325,30.05,0.0,0.87,3,เกาะหลีเป๊ะ
2025-08-26T12:00:00Z,6.475,99.325,29.95,0.0,0.78,3,เกาะหลีเป๊ะ
2025-08-27T12:00:00Z,6.475,99.325,30.41,0.0,1.25,3,เกาะหลีเป๊ะ
2025-08-28T12:00:00Z,6.475,99.325,30.12,0.0,0.98,3,เกาะหลีเป๊ะ
2025-08-29T12:00:00Z,6.475,99.325,30.05,0.0,0.92,3,เกาะหลีเป๊ะ
2025-08-30T12:00:00Z,6.475,99.325,29.67,0.0,0.56,3,เกาะหลีเป๊ะ
2025-08-31T12:00:00Z,6.475,99.325,30.01,0.0,0.91,3,เกาะหลีเป๊ะ
2025-09-01T12:00:00Z,6.475,99.325,29.85,0.0,0.77,3,เกาะหลีเป๊ะ
2025-09-02T12:00:00Z,6.475,99.325,30.060000000000002,0.0,0.99,3,เกาะหลีเป๊ะ
2025-09-03T12:00:00Z,6.475,99.325,30.12,0.0,1.07,3,เกาะหลีเป๊ะ
2025-09-04T12:00:00Z,6.475,99.325,29.89,0.0,0.85,3,เกาะหลีเป๊ะ
2025-09-05T12:00:00Z,6.475,99.325,29.82,0.0,0.79,3,เกาะหลีเป๊ะ
2025-09-06T12:00:00Z,6.475,99.325,29.75,0.0,0.74,3,เกาะหลีเป๊ะ
2025-09-07T12:00:00Z,6.475,99.325,29.84,0.0,0.84,3,เกาะหลีเป๊ะ
2025-09-08T12:00:00Z,6.475,99.325,29.8,0.0,0.8200000000000001,3,เกาะหลีเป๊ะ
2025-09-09T12:00:00Z,6.475,99.325,29.62,0.0,0.65,3,เกาะหลีเป๊ะ
2025-09-10T12:00:00Z,6.475,99.325,29.73,0.0,0.78,3,เกาะหลีเป๊ะ
2025-09-11T12:00:00Z,6.475,99.325,29.740000000000002,0.0,0.8,3,เกาะหลีเป๊ะ
2025-09-12T12:00:00Z,6.475,99.325,29.68,0.0,0.76,3,เกาะหลีเป๊ะ
2025-09-13T12:00:00Z,6.475,99.325,29.76,0.0,0.85,3,เกาะหลีเป๊ะ
2025-09-14T12:00:00Z,6.475,99.325,29.78,0.0,0.89,3,เกาะหลีเป๊ะ
2025-09-15T12:00:00Z,6.475,99.325,29.92,0.0,1.04,3,เกาะหลีเป๊ะ
2025-09-16T12:00:00Z,6.475,99.325,29.71,0.0,0.84,3,เกาะหลีเป๊ะ
2025-09-17T12:00:00Z,6.475,99.325,29.48,0.0,0.61,3,เกาะหลีเป๊ะ
2025-09-18T12:00:00Z,6.475,99.325,29.71,0.0,0.85,3,เกาะหลีเป๊ะ
2025-09-19T12:00:00Z,6.475,99.325,30.080000000000002,0.0,1.22,3,เกาะหลีเป๊ะ
2025-09-20T12:00:00Z,6.475,99.325,30.150000000000002,0.0,1.3,3,เกาะหลีเป๊ะ
2025-09-21T12:00:00Z,6.475,99.325,30.14,0.0,1.3,3,เกาะหลีเป๊ะ
2025-09-22T12:00:00Z,6.475,99.325,30.34,0.0,1.5,3,เกาะหลีเป๊ะ
2025-09-23T12:00:00Z,6.475,99.325,30.28,0.0,1.45,3,เกาะหลีเป๊ะ
2025-09-24T12:00:00Z,6.475,99.325,29.990000000000002,0.0,1.16,3,เกาะหลีเป๊ะ
2025-09-25T12:00:00Z,6.475,99.325,30.05,0.0,1.23,3,เกาะหลีเป๊ะ
2025-09-26T12:00:00Z,6.475,99.325,29.96,0.0,1.1500000000000001,3,เกาะหลีเป๊ะ
2025-09-27T12:00:00Z,6.475,99.325,30.16,0.0,1.35,3,เกาะหลีเป๊ะ
2025-09-28T12:00:00Z,6.475,99.325,30.1,0.0,1.3,3,เกาะหลีเป๊ะ
2025-09-29T12:00:00Z,6.475,99.325,29.76,0.0,0.96,3,เกาะหลีเป๊ะ
2025-09-30T12:00:00Z,6.475,99.325,29.77,0.0,0.98,3,เกาะหลีเป๊ะ
2025-10-01T12:00:00Z,6.475,99.325,29.89,0.0,1.11,3,เกาะหลีเป๊ะ
2025-10-02T12:00:00Z,6.475,99.325,29.97,0.0,1.19,3,เกาะหลีเป๊ะ
2025-10-03T12:00:00Z,6.475,99.325,29.93,0.0,1.16,3,เกาะหลีเป๊ะ
2025-10-04T12:00:00Z,6.475,99.325,29.95,0.0,1.18,3,เกาะหลีเป๊ะ
2025-10-05T12:00:00Z,6.475,99.325,30.1,0.0,1.34,3,เกาะหลีเป๊ะ
2025-10-05T12:00:00Z,6.475,99.325,30.1,0.0,1.34,3,เกาะหลีเป๊ะ
2025-10-06T12:00:00Z,6.475,99.325,29.740000000000002,0.0,0.99,3,เกาะหลีเป๊ะ
2025-10-07T12:00:00Z,6.475,99.325,30.18,0.0,1.43,3,เกาะหลีเป๊ะ
2025-10-08T12:00:00Z,6.475,99.325,30.1,0.0,1.36,3,เกาะหลีเป๊ะ
2025-10-09T12:00:00Z,6.475,99.325,30.17,0.0,1.43,3,เกาะหลีเป๊ะ
2025-10-10T12:00:00Z,6.475,99.325,29.900000000000002,0.0,1.17,3,เกาะหลีเป๊ะ
2025-10-11T12:00:00Z,6.475,99.325,29.79,0.0,1.07,3,เกาะหลีเป๊ะ
2025-10-12T12:00:00Z,6.475,99.325,29.61,0.0,0.89,3,เกาะหลีเป๊ะ
2025-10-13T12:00:00Z,6.475,99.325,30.05,0.0,1.34,3,เกาะหลีเป๊ะ
2025-10-14T12:00:00Z,6.475,99.325,29.92,0.0,1.21,3,เกาะหลีเป๊ะ
2025-10-15T12:00:00Z,6.475,99.325,29.55,0.0,0.85,3,เกาะหลีเป๊ะ
2025-10-16T12:00:00Z,6.475,99.325,29.46,0.0,0.76,3,เกาะหลีเป๊ะ
2025-10-17T12:00:00Z,6.475,99.325,29.650000000000002,0.0,0.9400000000000001,3,เกาะหลีเป๊ะ
2025-10-18T12:00:00Z,6.475,99.325,29.560000000000002,0.0,0.85,3,เกาะหลีเป๊ะ
2025-10-19T12:00:00Z,6.475,99.325,29.580000000000002,0.0,0.87,3,เกาะหลีเป๊ะ
2025-10-20T12:00:00Z,6.475,99.325,29.42,0.0,0.7000000000000001,3,เกาะหลีเป๊ะ
2025-10-21T12:00:00Z,6.475,99.325,29.36,0.0,0.64,3,เกาะหลีเป๊ะ
2025-10-22T12:00:00Z,6.475,99.325,29.26,0.0,0.54,3,เกาะหลีเป๊ะ
2025-10-23T12:00:00Z,6.475,99.325,29.16,0.0,0.43,3,เกาะหลีเป๊ะ
2025-10-24T12:00:00Z,6.475,99.325,29.02,0.0,0.29,3,เกาะหลีเป๊ะ
2025-10-25T12:00:00Z,6.475,99.325,29.38,0.0,0.65,3,เกาะหลีเป๊ะ
2025-10-26T12:00:00Z,6.475,99.325,29.400000000000002,0.0,0.66,3,เกาะหลีเป๊ะ
2025-10-27T12:00:00Z,6.475,99.325,29.3,0.0,0.56,3,เกาะหลีเป๊ะ
2025-10-28T12:00:00Z,6.475,99.325,29.26,0.0,0.52,3,เกาะหลีเป๊ะ
2025-10-29T12:00:00Z,6.475,99.325,29.22,0.0,0.47000000000000003,3,เกาะหลีเป๊ะ
2025-10-30T12:00:00Z,6.475,99.325,29.51,0.0,0.76,3,เกาะหลีเป๊ะ
2025-10-31T12:00:00Z,6.475,99.325,29.18,0.0,0.43,3,เกาะหลีเป๊ะ
2025-11-01T12:00:00Z,6.475,99.325,29.32,0.0,0.5700000000000001,3,เกาะหลีเป๊ะ
2025-11-02T12:00:00Z,6.475,99.325,29.16,0.0,0.4,3,เกาะหลีเป๊ะ
2025-11-03T12:00:00Z,6.475,99.325,29.18,0.0,0.42,3,เกาะหลีเป๊ะ
2025-11-04T12:00:00Z,6.475,99.325,29.44,0.0,0.68,3,เกาะหลีเป๊ะ
2025-11-05T12:00:00Z,6.475,99.325,29.150000000000002,0.0,0.38,3,เกาะหลีเป๊ะ
2025-11-06T12:00:00Z,6.475,99.325,29.2,0.0,0.43,3,เกาะหลีเป๊ะ
2025-11-07T12:00:00Z,6.475,99.325,29.02,0.0,0.25,3,เกาะหลีเป๊ะ
2025-11-08T12:00:00Z,6.475,99.325,28.91,0.0,0.13,3,เกาะหลีเป๊ะ
2025-11-09T12:00:00Z,6.475,99.325,29.060000000000002,0.0,0.28,3,เกาะหลีเป๊ะ
2025-11-10T12:00:00Z,6.475,99.325,28.98,0.0,0.2,3,เกาะหลีเป๊ะ
2025-11-11T12:00:00Z,6.475,99.325,28.91,0.0,0.12,3,เกาะหลีเป๊ะ
2025-11-12T12:00:00Z,6.475,99.325,28.46,0.0,-0.33,3,เกาะหลีเป๊ะ
2025-11-13T12:00:00Z,6.475,99.325,28.66,0.0,-0.13,3,เกาะหลีเป๊ะ
2025-11-14T12:00:00Z,6.475,99.325,29.37,0.0,0.5700000000000001,3,เกาะหลีเป๊ะ
2025-11-15T12:00:00Z,6.475,99.325,29.28,0.0,0.48,3,เกาะหลีเป๊ะ
2025-11-16T12:00:00Z,6.475,99.325,29.29,0.0,0.5,3,เกาะหลีเป๊ะ
2025-11-17T12:00:00Z,6.475,99.325,29.22,0.0,0.44,3,เกาะหลีเป๊ะ
2025-11-18T12:00:00Z,6.475,99.325,28.85,0.0,0.08,3,เกาะหลีเป๊ะ
2025-11-19T12:00:00Z,6.475,99.325,28.89,0.0,0.14,3,เกาะหลีเป๊ะ
2025-11-20T12:00:00Z,6.475,99.325,28.97,0.0,0.23,3,เกาะหลีเป๊ะ
2025-11-21T12:00:00Z,6.475,99.325,29.12,0.0,0.39,3,เกาะหลีเป๊ะ
2025-11-22T12:00:00Z,6.475,99.325,28.93,0.0,0.21,3,เกาะหลีเป๊ะ
2025-11-23T12:00:00Z,6.475,99.325,28.71,0.0,0.0,3,เกาะหลีเป๊ะ
2025-11-24T12:00:00Z,6.475,99.325,28.67,0.0,-0.03,3,เกาะหลีเป๊ะ
2025-11-25T12:00:00Z,6.475,99.325,28.68,0.0,-0.01,3,เกาะหลีเป๊ะ
2025-11-26T12:00:00Z,6.475,99.325,28.76,0.0,0.08,3,เกาะหลีเป๊ะ
2025-11-27T12:00:00Z,6.475,99.325,28.6,0.0,-0.06,3,เกาะหลีเป๊ะ
2025-11-28T12:00:00Z,6.475,99.325,28.68,0.0,0.03,3,เกาะหลีเป๊ะ
2025-11-29T12:00:00Z,6.475,99.325,28.61,0.0,-0.03,3,เกาะหลีเป๊ะ
2025-11-30T12:00:00Z,6.475,99.325,28.64,0.0,0.01,3,เกาะหลีเป๊ะ
2025-12-01T12:00:00Z,6.475,99.325,28.8,0.0,0.18,3,เกาะหลีเป๊ะ
2025-12-02T12:00:00Z,6.475,99.325,28.7,0.0,0.09,3,เกาะหลีเป๊ะ
2025-12-03T12:00:00Z,6.475,99.325,29.01,0.0,0.41000000000000003,3,เกาะหลีเป๊ะ
2025-12-04T12:00:00Z,6.475,99.325,29.35,0.0,0.77,3,เกาะหลีเป๊ะ
2025-12-05T12:00:00Z,6.475,99.325,29.3,0.0,0.73,3,เกาะหลีเป๊ะ
2025-12-06T12:00:00Z,6.475,99.325,29.16,0.0,0.6,3,เกาะหลีเป๊ะ
2025-12-07T12:00:00Z,6.475,99.325,29.14,0.0,0.59,3,เกาะหลีเป๊ะ
2025-12-08T12:00:00Z,6.475,99.325,29.02,0.0,0.48,3,เกาะหลีเป๊ะ
2025-12-09T12:00:00Z,6.475,99.325,28.98,0.0,0.45,3,เกาะหลีเป๊ะ
2025-12-10T12:00:00Z,6.475,99.325,29.04,0.0,0.52,3,เกาะหลีเป๊ะ
2025-12-11T12:00:00Z,6.475,99.325,28.96,0.0,0.45,3,เกาะหลีเป๊ะ
2025-12-12T12:00:00Z,6.475,99.325,29.060000000000002,0.0,0.5700000000000001,3,เกาะหลีเป๊ะ
2025-12-13T12:00:00Z,6.475,99.325,28.88,0.0,0.4,3,เกาะหลีเป๊ะ
2025-12-14T12:00:00Z,6.475,99.325,28.76,0.0,0.29,3,เกาะหลีเป๊ะ
2025-12-15T12:00:00Z,6.475,99.325,28.91,0.0,0.45,3,เกาะหลีเป๊ะ
2025-12-16T12:00:00Z,6.475,99.325,28.88,0.0,0.42,3,เกาะหลีเป๊ะ
2025-12-17T12:00:00Z,6.475,99.325,28.94,0.0,0.48,3,เกาะหลีเป๊ะ
2025-12-18T12:00:00Z,6.475,99.325,29.02,0.0,0.56,3,เกาะหลีเป๊ะ
2025-12-19T12:00:00Z,6.475,99.325,29.1,0.0,0.64,3,เกาะหลีเป๊ะ
2025-12-20T12:00:00Z,6.475,99.325,29.0,0.0,0.54,3,เกาะหลีเป๊ะ
2025-12-21T12:00:00Z,6.475,99.325,28.96,0.0,0.51,3,เกาะหลีเป๊ะ
2025-12-22T12:00:00Z,6.475,99.325,28.810000000000002,0.0,0.36,3,เกาะหลีเป๊ะ
2025-12-23T12:00:00Z,6.475,99.325,29.12,0.0,0.67,3,เกาะหลีเป๊ะ
2025-12-24T12:00:00Z,6.475,99.325,29.29,0.0,0.84,3,เกาะหลีเป๊ะ
2025-12-25T12:00:00Z,6.475,99.325,29.01,0.0,0.56,3,เกาะหลีเป๊ะ
2025-12-26T12:00:00Z,6.475,99.325,29.07,0.0,0.62,3,เกาะหลีเป๊ะ
2025-12-27T12:00:00Z,6.475,99.325,28.55,0.0,0.1,3,เกาะหลีเป๊ะ
2025-12-28T12:00:00Z,6.475,99.325,28.77,0.0,0.32,3,เกาะหลีเป๊ะ
2025-12-29T12:00:00Z,6.475,99.325,29.21,0.0,0.76,3,เกาะหลีเป๊ะ
2025-12-30T12:00:00Z,6.475,99.325,29.11,0.0,0.66,3,เกาะหลีเป๊ะ
2025-12-31T12:00:00Z,6.475,99.325,29.25,0.0,0.81,3,เกาะหลีเป๊ะ
2026-01-01T12:00:00Z,6.475,99.325,29.41,0.0,0.97,3,เกาะหลีเป๊ะ
2026-01-02T12:00:00Z,6.475,99.325,29.52,0.0,1.08,3,เกาะหลีเป๊ะ
2026-01-03T12:00:00Z,6.475,99.325,29.060000000000002,0.0,0.62,3,เกาะหลีเป๊ะ
2026-01-03T12:00:00Z,6.475,99.325,29.060000000000002,0.0,0.62,3,เกาะหลีเป๊ะ
2026-01-04T12:00:00Z,6.475,99.325,28.89,0.0,0.45,3,เกาะหลีเป๊ะ
2026-01-05T12:00:00Z,6.475,99.325,28.810000000000002,0.0,0.37,3,เกาะหลีเป๊ะ
2026-01-06T12:00:00Z,6.475,99.325,28.990000000000002,0.0,0.55,3,เกาะหลีเป๊ะ
2026-01-07T12:00:00Z,6.475,99.325,28.94,0.0,0.5,3,เกาะหลีเป๊ะ
2026-01-08T12:00:00Z,6.475,99.325,28.740000000000002,0.0,0.3,3,เกาะหลีเป๊ะ
2026-01-09T12:00:00Z,6.475,99.325,28.73,0.0,0.29,3,เกาะหลีเป๊ะ
2026-01-10T12:00:00Z,6.475,99.325,28.62,0.0,0.19,3,เกาะหลีเป๊ะ
2026-01-11T12:00:00Z,6.475,99.325,28.63,0.0,0.2,3,เกาะหลีเป๊ะ
2026-01-12T12:00:00Z,6.475,99.325,28.560000000000002,0.0,0.13,3,เกาะหลีเป๊ะ
2026-01-13T12:00:00Z,6.475,99.325,28.55,0.0,0.12,3,เกาะหลีเป๊ะ
2026-01-14T12:00:00Z,6.475,99.325,28.59,0.0,0.16,3,เกาะหลีเป๊ะ
2026-01-15T12:00:00Z,6.475,99.325,28.69,0.0,0.26,3,เกาะหลีเป๊ะ
2026-01-16T12:00:00Z,6.475,99.325,28.88,0.0,0.44,3,เกาะหลีเป๊ะ
2026-01-17T12:00:00Z,6.475,99.325,28.85,0.0,0.4,3,เกาะหลีเป๊ะ
2026-01-18T12:00:00Z,6.475,99.325,28.84,0.0,0.38,3,เกาะหลีเป๊ะ
2026-01-19T12:00:00Z,6.475,99.325,28.7,0.0,0.23,3,เกาะหลีเป๊ะ
2026-01-20T12:00:00Z,6.475,99.325,28.68,0.0,0.2,3,เกาะหลีเป๊ะ
2026-01-21T12:00:00Z,6.475,99.325,28.650000000000002,0.0,0.16,3,เกาะหลีเป๊ะ
2026-01-22T12:00:00Z,6.475,99.325,28.62,0.0,0.12,3,เกาะหลีเป๊ะ
2026-01-23T12:00:00Z,6.475,99.325,28.580000000000002,0.0,0.07,3,เกาะหลีเป๊ะ
2026-01-24T12:00:00Z,6.475,99.325,28.3,0.0,-0.22,3,เกาะหลีเป๊ะ
2026-01-25T12:00:00Z,6.475,99.325,28.240000000000002,0.0,-0.29,3,เกาะหลีเป๊ะ
2026-01-26T12:00:00Z,6.475,99.325,28.51,0.0,-0.03,3,เกาะหลีเป๊ะ
2026-01-27T12:00:00Z,6.475,99.325,28.55,0.0,0.0,3,เกาะหลีเป๊ะ
2026-01-28T12:00:00Z,6.475,99.325,28.63,0.0,0.07,3,เกาะหลีเป๊ะ
2026-01-29T12:00:00Z,6.475,99.325,28.51,0.0,-0.06,3,เกาะหลีเป๊ะ
2026-01-30T12:00:00Z,6.475,99.325,28.580000000000002,0.0,0.0,3,เกาะหลีเป๊ะ
2026-01-31T12:00:00Z,6.475,99.325,28.59,0.0,0.01,3,เกาะหลีเป๊ะ
2026-02-01T12:00:00Z,6.475,99.325,28.38,0.0,-0.21,3,เกาะหลีเป๊ะ
2026-02-02T12:00:00Z,6.475,99.325,28.38,0.0,-0.22,3,เกาะหลีเป๊ะ
2026-02-03T12:00:00Z,6.475,99.325,28.310000000000002,0.0,-0.3,3,เกาะหลีเป๊ะ
2026-02-04T12:00:00Z,6.475,99.325,28.45,0.0,-0.17,3,เกาะหลีเป๊ะ
2026-02-05T12:00:00Z,6.475,99.325,28.35,0.0,-0.28,3,เกาะหลีเป๊ะ
2026-02-06T12:00:00Z,6.475,99.325,28.6,0.0,-0.04,3,เกาะหลีเป๊ะ
2026-02-07T12:00:00Z,6.475,99.325,28.830000000000002,0.0,0.18,3,เกาะหลีเป๊ะ
2026-02-08T12:00:00Z,6.475,99.325,28.89,0.0,0.23,3,เกาะหลีเป๊ะ
2026-02-09T12:00:00Z,6.475,99.325,28.69,0.0,0.02,3,เกาะหลีเป๊ะ
2026-02-10T12:00:00Z,6.475,99.325,28.830000000000002,0.0,0.15,3,เกาะหลีเป๊ะ
2026-02-11T12:00:00Z,6.475,99.325,28.87,0.0,0.18,3,เกาะหลีเป๊ะ
2026-02-12T12:00:00Z,6.475,99.325,29.11,0.0,0.41000000000000003,3,เกาะหลีเป๊ะ
2026-02-13T12:00:00Z,6.475,99.325,29.05,0.0,0.34,3,เกาะหลีเป๊ะ
2026-02-14T12:00:00Z,6.475,99.325,29.05,0.0,0.33,3,เกาะหลีเป๊ะ
2026-02-15T12:00:00Z,6.475,99.325,28.85,0.0,0.12,3,เกาะหลีเป๊ะ
2026-02-16T12:00:00Z,6.475,99.325,29.04,0.0,0.29,3,เกาะหลีเป๊ะ
2026-02-17T12:00:00Z,6.475,99.325,29.19,0.0,0.42,3,เกาะหลีเป๊ะ
2026-02-18T12:00:00Z,6.475,99.325,29.310000000000002,0.0,0.52,3,เกาะหลีเป๊ะ
2026-02-19T12:00:00Z,6.475,99.325,29.310000000000002,0.0,0.5,3,เกาะหลีเป๊ะ
2026-02-20T12:00:00Z,6.475,99.325,29.28,0.0,0.45,3,เกาะหลีเป๊ะ
2026-02-21T12:00:00Z,6.475,99.325,29.35,0.0,0.5,3,เกาะหลีเป๊ะ
2026-02-22T12:00:00Z,6.475,99.325,29.11,0.0,0.24,3,เกาะหลีเป๊ะ
2026-02-23T12:00:00Z,6.475,99.325,29.07,0.0,0.18,3,เกาะหลีเป๊ะ
2026-02-24T12:00:00Z,6.475,99.325,29.05,0.0,0.14,3,เกาะหลีเป๊ะ
2026-02-25T12:00:00Z,6.475,99.325,29.330000000000002,0.0,0.4,3,เกาะหลีเป๊ะ
2026-02-26T12:00:00Z,6.475,99.325,29.54,0.0,0.59,3,เกาะหลีเป๊ะ
2026-02-27T12:00:00Z,6.475,99.325,29.46,0.0,0.49,3,เกาะหลีเป๊ะ
2026-02-28T12:00:00Z,6.475,99.325,29.47,0.0,0.48,3,เกาะหลีเป๊ะ
2026-03-01T12:00:00Z,6.475,99.325,29.53,0.0,0.53,3,เกาะหลีเป๊ะ
2026-03-02T12:00:00Z,6.475,99.325,29.5,0.0,0.48,3,เกาะหลีเป๊ะ
2026-03-03T12:00:00Z,6.475,99.325,29.67,0.0,0.63,3,เกาะหลีเป๊ะ
2026-03-04T12:00:00Z,6.475,99.325,29.64,0.0,0.58,3,เกาะหลีเป๊ะ
2026-03-05T12:00:00Z,6.475,99.325,29.310000000000002,0.0,0.23,3,เกาะหลีเป๊ะ
2026-03-06T12:00:00Z,6.475,99.325,29.23,0.0,0.13,3,เกาะหลีเป๊ะ
2026-03-07T12:00:00Z,6.475,99.325,29.54,0.0,0.42,3,เกาะหลีเป๊ะ
2026-03-08T12:00:00Z,6.475,99.325,29.57,0.0,0.43,3,เกาะหลีเป๊ะ
2026-03-09T12:00:00Z,6.475,99.325,29.35,0.0,0.19,3,เกาะหลีเป๊ะ
2026-03-10T12:00:00Z,6.475,99.325,29.45,0.0,0.27,3,เกาะหลีเป๊ะ
2026-03-11T12:00:00Z,6.475,99.325,29.3,0.0,0.1,3,เกาะหลีเป๊ะ
2026-03-12T12:00:00Z,6.475,99.325,29.41,0.0,0.19,3,เกาะหลีเป๊ะ
2026-03-13T12:00:00Z,6.475,99.325,29.48,0.0,0.24,3,เกาะหลีเป๊ะ
2026-03-14T12:00:00Z,6.475,99.325,29.47,0.0,0.21,3,เกาะหลีเป๊ะ
2026-03-15T12:00:00Z,6.475,99.325,29.46,0.0,0.18,3,เกาะหลีเป๊ะ
2026-03-16T12:00:00Z,6.475,99.325,29.46,0.0,0.16,3,เกาะหลีเป๊ะ
2026-03-17T12:00:00Z,6.475,99.325,29.63,0.0,0.31,3,เกาะหลีเป๊ะ
2026-03-18T12:00:00Z,6.475,99.325,29.650000000000002,0.0,0.31,3,เกาะหลีเป๊ะ
2026-03-19T12:00:00Z,6.475,99.325,29.85,0.0,0.49,3,เกาะหลีเป๊ะ
2026-03-20T12:00:00Z,6.475,99.325,29.82,0.0,0.44,3,เกาะหลีเป๊ะ
2026-03-21T12:00:00Z,6.475,99.325,29.810000000000002,0.0,0.41000000000000003,3,เกาะหลีเป๊ะ
2026-03-22T12:00:00Z,6.475,99.325,29.86,0.0,0.44,3,เกาะหลีเป๊ะ
2026-03-23T12:00:00Z,6.475,99.325,29.84,0.0,0.4,3,เกาะหลีเป๊ะ
2026-03-24T12:00:00Z,6.475,99.325,29.87,0.0,0.41000000000000003,3,เกาะหลีเป๊ะ
2026-03-25T12:00:00Z,6.475,99.325,29.75,0.0,0.27,3,เกาะหลีเป๊ะ
2026-03-26T12:00:00Z,6.475,99.325,29.86,0.0,0.36,3,เกาะหลีเป๊ะ
2026-03-27T12:00:00Z,6.475,99.325,29.86,0.0,0.34,3,เกาะหลีเป๊ะ
2026-03-28T12:00:00Z,6.475,99.325,29.8,0.0,0.26,3,เกาะหลีเป๊ะ
2026-03-29T12:00:00Z,6.475,99.325,29.740000000000002,0.0,0.18,3,เกาะหลีเป๊ะ
2026-03-30T12:00:00Z,6.475,99.325,29.57,0.0,-0.01,3,เกาะหลีเป๊ะ
2026-03-31T12:00:00Z,6.475,99.325,29.8,0.0,0.19,3,เกาะหลีเป๊ะ
2026-04-01T12:00:00Z,6.475,99.325,30.11,0.0,0.48,3,เกาะหลีเป๊ะ
2026-04-02T12:00:00Z,6.475,99.325,30.330000000000002,0.0,0.68,3,เกาะหลีเป๊ะ
2026-04-03T12:00:00Z,6.475,99.325,30.44,0.0,0.77,3,เกาะหลีเป๊ะ
2026-04-03T12:00:00Z,6.475,99.325,30.44,0.0,0.77,3,เกาะหลีเป๊ะ
2026-04-04T12:00:00Z,6.475,99.325,30.38,0.0,0.6900000000000001,3,เกาะหลีเป๊ะ
2026-04-05T12:00:00Z,6.475,99.325,30.21,0.0,0.5,3,เกาะหลีเป๊ะ
2026-04-06T12:00:00Z,6.475,99.325,30.19,0.0,0.46,3,เกาะหลีเป๊ะ
2026-04-07T12:00:00Z,6.475,99.325,30.32,0.0,0.5700000000000001,3,เกาะหลีเป๊ะ
2026-04-08T12:00:00Z,6.475,99.325,30.35,0.0,0.58,3,เกาะหลีเป๊ะ
2026-04-09T12:00:00Z,6.475,99.325,30.25,0.0,0.46,3,เกาะหลีเป๊ะ
2026-04-10T12:00:00Z,6.475,99.325,30.25,0.0,0.44,3,เกาะหลีเป๊ะ
2026-04-11T12:00:00Z,6.475,99.325,30.400000000000002,0.0,0.5700000000000001,3,เกาะหลีเป๊ะ
2026-04-12T12:00:00Z,6.475,99.325,30.43,0.0,0.58,3,เกาะหลีเป๊ะ
2026-04-13T12:00:00Z,6.475,99.325,30.6,0.0,0.73,3,เกาะหลีเป๊ะ
2026-04-14T12:00:00Z,6.475,99.325,30.45,0.0,0.56,3,เกาะหลีเป๊ะ
2026-04-15T12:00:00Z,6.475,99.325,30.77,0.0,0.86,3,เกาะหลีเป๊ะ
2026-04-16T12:00:00Z,6.475,99.325,30.72,0.0,0.81,3,เกาะหลีเป๊ะ
2026-04-17T12:00:00Z,6.475,99.325,30.8,0.0,0.88,3,เกาะหลีเป๊ะ
2026-04-18T12:00:00Z,6.475,99.325,30.94,0.0,1.02,3,เกาะหลีเป๊ะ
2026-04-19T12:00:00Z,6.475,99.325,30.85,0.0,0.92,3,เกาะหลีเป๊ะ
2026-04-20T12:00:00Z,6.475,99.325,31.13,0.0,1.2,3,เกาะหลีเป๊ะ
2026-04-21T12:00:00Z,6.475,99.325,31.11,0.0,1.18,3,เกาะหลีเป๊ะ
2026-04-22T12:00:00Z,6.475,99.325,31.25,0.16,1.31,3,เกาะหลีเป๊ะ
2026-04-23T12:00:00Z,6.475,99.325,31.44,0.34,1.5,3,เกาะหลีเป๊ะ
2026-04-24T12:00:00Z,6.475,99.325,31.37,0.52,1.42,3,เกาะหลีเป๊ะ
2026-04-26T12:00:00Z,6.475,99.325,31.34,0.85,1.3900000000000001,3,เกาะหลีเป๊ะ
2026-04-27T12:00:00Z,6.475,99.325,31.580000000000002,1.05,1.62,3,เกาะหลีเป๊ะ
2026-04-28T12:00:00Z,6.475,99.325,31.28,1.21,1.32,3,เกาะหลีเป๊ะ
2026-04-29T12:00:00Z,6.475,99.325,31.3,1.3800000000000001,1.33,3,เกาะหลีเป๊ะ
2026-04-30T12:00:00Z,6.475,99.325,31.63,1.59,1.6600000000000001,3,เกาะหลีเป๊ะ
2026-05-01T12:00:00Z,6.475,99.325,31.25,1.75,1.28,3,เกาะหลีเป๊ะ
2026-05-02T12:00:00Z,6.475,99.325,31.39,1.93,1.41,3,เกาะหลีเป๊ะ
2026-05-03T12:00:00Z,6.475,99.325,30.98,1.93,1.0,3,เกาะหลีเป๊ะ
2026-05-04T12:00:00Z,6.475,99.325,31.25,2.09,1.26,3,เกาะหลีเป๊ะ
2026-05-05T12:00:00Z,6.475,99.325,31.23,2.24,1.24,3,เกาะหลีเป๊ะ
2026-05-06T12:00:00Z,6.475,99.325,31.38,2.42,1.3900000000000001,3,เกาะหลีเป๊ะ
2026-05-07T12:00:00Z,6.475,99.325,31.310000000000002,2.59,1.31,3,เกาะหลีเป๊ะ
2026-05-08T12:00:00Z,6.475,99.325,31.3,2.75,1.3,3,เกาะหลีเป๊ะ
2026-05-09T12:00:00Z,6.475,99.325,31.39,2.93,1.3800000000000001,3,เกาะหลีเป๊ะ
2026-05-10T12:00:00Z,6.475,99.325,30.810000000000002,2.93,0.8,3,เกาะหลีเป๊ะ
2026-05-11T12:00:00Z,6.475,99.325,31.37,3.11,1.36,3,เกาะหลีเป๊ะ
2026-05-12T12:00:00Z,6.475,99.325,31.2,3.2600000000000002,1.18,3,เกาะหลีเป๊ะ
2026-05-13T12:00:00Z,6.475,99.325,31.55,3.46,1.53,3,เกาะหลีเป๊ะ
2026-05-14T12:00:00Z,6.475,99.325,31.45,3.65,1.42,3,เกาะหลีเป๊ะ
2026-05-15T12:00:00Z,6.475,99.325,31.28,3.81,1.25,3,เกาะหลีเป๊ะ
2026-05-16T12:00:00Z,6.475,99.325,30.88,3.81,0.85,3,เกาะหลีเป๊ะ
2026-05-17T12:00:00Z,6.475,99.325,31.28,3.97,1.24,3,เกาะหลีเป๊ะ
2026-05-18T12:00:00Z,6.475,99.325,31.150000000000002,4.12,1.11,3,เกาะหลีเป๊ะ
2026-05-19T12:00:00Z,6.475,99.325,31.03,4.12,0.99,3,เกาะหลีเป๊ะ
2026-05-20T12:00:00Z,6.475,99.325,30.43,4.12,0.38,3,เกาะหลีเป๊ะ
2026-05-21T12:00:00Z,6.475,99.325,30.39,4.12,0.34,3,เกาะหลีเป๊ะ
2026-05-22T12:00:00Z,6.475,99.325,30.970000000000002,4.12,0.92,3,เกาะหลีเป๊ะ
2026-05-23T12:00:00Z,6.475,99.325,30.76,4.12,0.7000000000000001,3,เกาะหลีเป๊ะ
2026-05-24T12:00:00Z,6.475,99.325,30.59,4.12,0.53,3,เกาะหลีเป๊ะ
2026-05-25T12:00:00Z,6.475,99.325,30.69,4.12,0.62,3,เกาะหลีเป๊ะ
2026-05-26T12:00:00Z,6.475,99.325,30.7,4.12,0.63,3,เกาะหลีเป๊ะ
2026-05-27T12:00:00Z,6.475,99.325,30.560000000000002,4.12,0.49,3,เกาะหลีเป๊ะ
2026-05-28T12:00:00Z,6.475,99.325,30.740000000000002,4.12,0.66,3,เกาะหลีเป๊ะ
2026-05-29T12:00:00Z,6.475,99.325,30.25,4.12,0.17,3,เกาะหลีเป๊ะ
2026-05-30T12:00:00Z,6.475,99.325,30.37,4.12,0.29,3,เกาะหลีเป๊ะ
2026-05-31T12:00:00Z,6.475,99.325,30.68,4.12,0.59,3,เกาะหลีเป๊ะ
2026-06-01T12:00:00Z,6.475,99.325,30.330000000000002,4.12,0.24,3,เกาะหลีเป๊ะ
2026-06-02T12:00:00Z,6.475,99.325,30.45,4.12,0.36,3,เกาะหลีเป๊ะ
2026-06-03T12:00:00Z,6.475,99.325,30.32,4.12,0.22,3,เกาะหลีเป๊ะ
2026-06-04T12:00:00Z,6.475,99.325,30.2,4.12,0.1,3,เกาะหลีเป๊ะ
2026-06-05T12:00:00Z,6.475,99.325,29.88,4.12,-0.22,3,เกาะหลีเป๊ะ
2026-06-06T12:00:00Z,6.475,99.325,30.6,4.12,0.49,3,เกาะหลีเป๊ะ
2026-06-07T12:00:00Z,6.475,99.325,30.45,4.12,0.34,3,เกาะหลีเป๊ะ
2026-06-08T12:00:00Z,6.475,99.325,30.59,4.12,0.47000000000000003,3,เกาะหลีเป๊ะ
2026-06-09T12:00:00Z,6.475,99.325,30.51,4.12,0.39,3,เกาะหลีเป๊ะ
2026-06-10T12:00:00Z,6.475,99.325,30.37,4.12,0.25,3,เกาะหลีเป๊ะ
2026-06-11T12:00:00Z,6.475,99.325,30.580000000000002,4.12,0.45,3,เกาะหลีเป๊ะ
2026-06-12T12:00:00Z,6.475,99.325,30.89,4.12,0.76,3,เกาะหลีเป๊ะ
2026-06-13T12:00:00Z,6.475,99.325,30.85,4.12,0.72,3,เกาะหลีเป๊ะ
2026-06-14T12:00:00Z,6.475,99.325,30.75,4.12,0.61,3,เกาะหลีเป๊ะ
2026-06-15T12:00:00Z,6.475,99.325,30.310000000000002,4.12,0.17,3,เกาะหลีเป๊ะ
2026-06-16T12:00:00Z,6.475,99.325,30.8,4.12,0.68,3,เกาะหลีเป๊ะ
2026-06-17T12:00:00Z,6.475,99.325,30.92,4.12,0.81,3,เกาะหลีเป๊ะ
2026-06-18T12:00:00Z,6.475,99.325,30.3,4.12,0.21,3,เกาะหลีเป๊ะ
2026-06-19T12:00:00Z,6.475,99.325,30.44,4.12,0.36,3,เกาะหลีเป๊ะ
2026-06-20T12:00:00Z,6.475,99.325,30.88,4.12,0.8200000000000001,3,เกาะหลีเป๊ะ
2026-06-21T12:00:00Z,6.475,99.325,30.41,4.12,0.36,3,เกาะหลีเป๊ะ
2026-06-22T12:00:00Z,6.475,99.325,30.72,4.12,0.6900000000000001,3,เกาะหลีเป๊ะ
2026-06-23T12:00:00Z,6.475,99.325,30.53,4.12,0.52,3,เกาะหลีเป๊ะ
2026-06-24T12:00:00Z,6.475,99.325,30.51,4.12,0.51,3,เกาะหลีเป๊ะ
2026-06-25T12:00:00Z,6.475,99.325,30.36,4.12,0.38,3,เกาะหลีเป๊ะ
2026-06-26T12:00:00Z,6.475,99.325,30.740000000000002,4.12,0.77,3,เกาะหลีเป๊ะ
2026-06-27T12:00:00Z,6.475,99.325,30.48,4.12,0.53,3,เกาะหลีเป๊ะ
2026-06-28T12:00:00Z,6.475,99.325,30.44,4.12,0.5,3,เกาะหลีเป๊ะ
2026-06-29T12:00:00Z,6.475,99.325,30.21,4.12,0.29,3,เกาะหลีเป๊ะ
2026-06-30T12:00:00Z,6.475,99.325,30.54,4.12,0.64,3,เกาะหลีเป๊ะ
2026-07-01T12:00:00Z,6.475,99.325,30.54,4.12,0.65,3,เกาะหลีเป๊ะ
2026-07-02T12:00:00Z,6.475,99.325,30.52,4.12,0.65,3,เกาะหลีเป๊ะ
2026-07-02T12:00:00Z,6.475,99.325,30.52,4.12,0.65,3,เกาะหลีเป๊ะ
2026-07-03T12:00:00Z,6.475,99.325,29.98,4.12,0.12,3,เกาะหลีเป๊ะ
2026-07-04T12:00:00Z,6.475,99.325,30.080000000000002,4.12,0.24,3,เกาะหลีเป๊ะ
2026-07-05T12:00:00Z,6.475,99.325,30.42,4.12,0.59,3,เกาะหลีเป๊ะ
2026-07-06T12:00:00Z,6.475,99.325,30.57,4.12,0.76,3,เกาะหลีเป๊ะ
2026-07-07T12:00:00Z,6.475,99.325,30.71,4.12,0.91,3,เกาะหลีเป๊ะ
2026-07-08T12:00:00Z,6.475,99.325,30.67,4.12,0.89,3,เกาะหลีเป๊ะ
2026-07-09T12:00:00Z,6.475,99.325,30.85,4.12,1.09,3,เกาะหลีเป๊ะ
2026-07-10T12:00:00Z,6.475,99.325,30.89,4.12,1.1400000000000001,3,เกาะหลีเป๊ะ
2026-07-11T12:00:00Z,6.475,99.325,30.52,4.12,0.79,3,เกาะหลีเป๊ะ
2026-07-12T12:00:00Z,6.475,99.325,30.6,4.12,0.88,3,เกาะหลีเป๊ะ
2024-07-12T12:00:00Z,9.475,100.075,30.35,8.71,0.91,4,เกาะสมุย (Coral Cove)
2024-07-13T12:00:00Z,9.475,100.075,30.150000000000002,8.56,0.73,4,เกาะสมุย (Coral Cove)
2024-07-14T12:00:00Z,9.475,100.075,30.35,8.41,0.9400000000000001,4,เกาะสมุย (Coral Cove)
2024-07-15T12:00:00Z,9.475,100.075,30.09,8.41,0.7000000000000001,4,เกาะสมุย (Coral Cove)
2024-07-16T12:00:00Z,9.475,100.075,29.97,8.26,0.59,4,เกาะสมุย (Coral Cove)
2024-07-17T12:00:00Z,9.475,100.075,29.95,8.09,0.58,4,เกาะสมุย (Coral Cove)
2024-07-18T12:00:00Z,9.475,100.075,29.900000000000002,7.890000000000001,0.54,4,เกาะสมุย (Coral Cove)
2024-07-19T12:00:00Z,9.475,100.075,29.85,7.67,0.5,4,เกาะสมุย (Coral Cove)
2024-07-20T12:00:00Z,9.475,100.075,29.86,7.44,0.52,4,เกาะสมุย (Coral Cove)
2024-07-21T12:00:00Z,9.475,100.075,30.060000000000002,7.21,0.73,4,เกาะสมุย (Coral Cove)
2024-07-22T12:00:00Z,9.475,100.075,30.11,6.99,0.79,4,เกาะสมุย (Coral Cove)
2024-07-23T12:00:00Z,9.475,100.075,30.02,6.7700000000000005,0.71,4,เกาะสมุย (Coral Cove)
2024-07-24T12:00:00Z,9.475,100.075,29.8,6.53,0.5,4,เกาะสมุย (Coral Cove)
2024-07-26T12:00:00Z,9.475,100.075,29.73,6.0200000000000005,0.45,4,เกาะสมุย (Coral Cove)
2024-07-27T12:00:00Z,9.475,100.075,29.68,5.75,0.41000000000000003,4,เกาะสมุย (Coral Cove)
2024-07-28T12:00:00Z,9.475,100.075,29.63,5.49,0.37,4,เกาะสมุย (Coral Cove)
2024-07-29T12:00:00Z,9.475,100.075,29.72,5.26,0.47000000000000003,4,เกาะสมุย (Coral Cove)
2024-07-30T12:00:00Z,9.475,100.075,29.95,5.07,0.71,4,เกาะสมุย (Coral Cove)
2024-07-31T12:00:00Z,9.475,100.075,29.63,4.87,0.39,4,เกาะสมุย (Coral Cove)
2024-08-01T12:00:00Z,9.475,100.075,29.64,4.67,0.41000000000000003,4,เกาะสมุย (Coral Cove)
2024-08-02T12:00:00Z,9.475,100.075,29.990000000000002,4.51,0.77,4,เกาะสมุย (Coral Cove)
2024-08-03T12:00:00Z,9.475,100.075,30.17,4.34,0.96,4,เกาะสมุย (Coral Cove)
2024-08-04T12:00:00Z,9.475,100.075,29.900000000000002,4.14,0.7000000000000001,4,เกาะสมุย (Coral Cove)
2024-08-05T12:00:00Z,9.475,100.075,29.97,4.14,0.78,4,เกาะสมุย (Coral Cove)
2024-08-06T12:00:00Z,9.475,100.075,30.1,3.93,0.92,4,เกาะสมุย (Coral Cove)
2024-08-07T12:00:00Z,9.475,100.075,30.38,3.71,1.21,4,เกาะสมุย (Coral Cove)
2024-08-08T12:00:00Z,9.475,100.075,30.59,3.52,1.43,4,เกาะสมุย (Coral Cove)
2024-08-09T12:00:00Z,9.475,100.075,30.66,3.3200000000000003,1.51,4,เกาะสมุย (Coral Cove)
2024-08-10T12:00:00Z,9.475,100.075,30.77,3.08,1.6300000000000001,4,เกาะสมุย (Coral Cove)
2024-08-11T12:00:00Z,9.475,100.075,30.650000000000002,2.84,1.52,4,เกาะสมุย (Coral Cove)
2024-08-12T12:00:00Z,9.475,100.075,30.66,2.61,1.54,4,เกาะสมุย (Coral Cove)
2024-08-13T12:00:00Z,9.475,100.075,30.63,2.39,1.52,4,เกาะสมุย (Coral Cove)
2024-08-14T12:00:00Z,9.475,100.075,30.67,2.17,1.57,4,เกาะสมุย (Coral Cove)
2024-08-15T12:00:00Z,9.475,100.075,30.8,1.97,1.71,4,เกาะสมุย (Coral Cove)
2024-08-16T12:00:00Z,9.475,100.075,30.8,1.76,1.72,4,เกาะสมุย (Coral Cove)
2024-08-17T12:00:00Z,9.475,100.075,30.52,1.57,1.44,4,เกาะสมุย (Coral Cove)
2024-08-18T12:00:00Z,9.475,100.075,30.94,1.34,1.87,4,เกาะสมุย (Coral Cove)
2024-08-19T12:00:00Z,9.475,100.075,30.95,1.1400000000000001,1.8800000000000001,4,เกาะสมุย (Coral Cove)
2024-08-20T12:00:00Z,9.475,100.075,30.740000000000002,0.98,1.68,4,เกาะสมุย (Coral Cove)
2024-08-21T12:00:00Z,9.475,100.075,30.810000000000002,0.8300000000000001,1.75,4,เกาะสมุย (Coral Cove)
2024-08-22T12:00:00Z,9.475,100.075,30.43,0.68,1.3800000000000001,4,เกาะสมุย (Coral Cove)
2024-08-23T12:00:00Z,9.475,100.075,30.25,0.68,1.21,4,เกาะสมุย (Coral Cove)
2024-08-24T12:00:00Z,9.475,100.075,30.64,0.68,1.6,4,เกาะสมุย (Coral Cove)
2024-08-25T12:00:00Z,9.475,100.075,30.330000000000002,0.68,1.3,4,เกาะสมุย (Coral Cove)
2024-08-26T12:00:00Z,9.475,100.075,30.68,0.53,1.6500000000000001,4,เกาะสมุย (Coral Cove)
2024-08-27T12:00:00Z,9.475,100.075,30.61,0.32,1.59,4,เกาะสมุย (Coral Cove)
2024-08-28T12:00:00Z,9.475,100.075,30.32,0.14,1.31,4,เกาะสมุย (Coral Cove)
2024-08-29T12:00:00Z,9.475,100.075,30.61,0.0,1.6,4,เกาะสมุย (Coral Cove)
2024-08-30T12:00:00Z,9.475,100.075,30.48,0.0,1.48,4,เกาะสมุย (Coral Cove)
2024-08-31T12:00:00Z,9.475,100.075,30.53,0.0,1.53,4,เกาะสมุย (Coral Cove)
2024-09-01T12:00:00Z,9.475,100.075,30.39,0.0,1.4000000000000001,4,เกาะสมุย (Coral Cove)
2024-09-02T12:00:00Z,9.475,100.075,30.28,0.0,1.29,4,เกาะสมุย (Coral Cove)
2024-09-03T12:00:00Z,9.475,100.075,30.25,0.0,1.27,4,เกาะสมุย (Coral Cove)
2024-09-04T12:00:00Z,9.475,100.075,30.12,0.0,1.1500000000000001,4,เกาะสมุย (Coral Cove)
2024-09-05T12:00:00Z,9.475,100.075,29.95,0.0,0.98,4,เกาะสมุย (Coral Cove)
2024-09-06T12:00:00Z,9.475,100.075,29.98,0.0,1.02,4,เกาะสมุย (Coral Cove)
2024-09-07T12:00:00Z,9.475,100.075,29.97,0.0,1.01,4,เกาะสมุย (Coral Cove)
2024-09-08T12:00:00Z,9.475,100.075,30.03,0.0,1.08,4,เกาะสมุย (Coral Cove)
2024-09-09T12:00:00Z,9.475,100.075,29.98,0.0,1.04,4,เกาะสมุย (Coral Cove)
2024-09-10T12:00:00Z,9.475,100.075,30.01,0.0,1.07,4,เกาะสมุย (Coral Cove)
2024-09-11T12:00:00Z,9.475,100.075,29.73,0.0,0.8,4,เกาะสมุย (Coral Cove)
2024-09-12T12:00:00Z,9.475,100.075,29.52,0.0,0.59,4,เกาะสมุย (Coral Cove)
2024-09-13T12:00:00Z,9.475,100.075,29.79,0.0,0.87,4,เกาะสมุย (Coral Cove)
2024-09-14T12:00:00Z,9.475,100.075,29.88,0.0,0.96,4,เกาะสมุย (Coral Cove)
2024-09-15T12:00:00Z,9.475,100.075,29.98,0.0,1.07,4,เกาะสมุย (Coral Cove)
2024-09-16T12:00:00Z,9.475,100.075,29.93,0.0,1.02,4,เกาะสมุย (Coral Cove)
2024-09-17T12:00:00Z,9.475,100.075,29.96,0.0,1.06,4,เกาะสมุย (Coral Cove)
2024-09-18T12:00:00Z,9.475,100.075,29.55,0.0,0.65,4,เกาะสมุย (Coral Cove)
2024-09-19T12:00:00Z,9.475,100.075,29.79,0.0,0.89,4,เกาะสมุย (Coral Cove)
2024-09-20T12:00:00Z,9.475,100.075,29.64,0.0,0.74,4,เกาะสมุย (Coral Cove)
2024-09-21T12:00:00Z,9.475,100.075,29.61,0.0,0.72,4,เกาะสมุย (Coral Cove)
2024-09-22T12:00:00Z,9.475,100.075,29.650000000000002,0.0,0.76,4,เกาะสมุย (Coral Cove)
2024-09-23T12:00:00Z,9.475,100.075,29.6,0.0,0.71,4,เกาะสมุย (Coral Cove)
2024-09-24T12:00:00Z,9.475,100.075,29.45,0.0,0.5700000000000001,4,เกาะสมุย (Coral Cove)
2024-09-25T12:00:00Z,9.475,100.075,29.84,0.0,0.96,4,เกาะสมุย (Coral Cove)
2024-09-26T12:00:00Z,9.475,100.075,29.71,0.0,0.8300000000000001,4,เกาะสมุย (Coral Cove)
2024-09-27T12:00:00Z,9.475,100.075,29.96,0.0,1.09,4,เกาะสมุย (Coral Cove)
2024-09-28T12:00:00Z,9.475,100.075,30.36,0.0,1.49,4,เกาะสมุย (Coral Cove)
2024-09-29T12:00:00Z,9.475,100.075,30.3,0.0,1.43,4,เกาะสมุย (Coral Cove)
2024-09-30T12:00:00Z,9.475,100.075,30.18,0.0,1.32,4,เกาะสมุย (Coral Cove)
2024-10-01T12:00:00Z,9.475,100.075,30.26,0.0,1.4000000000000001,4,เกาะสมุย (Coral Cove)
2024-10-02T12:00:00Z,9.475,100.075,29.96,0.0,1.1,4,เกาะสมุย (Coral Cove)
2024-10-03T12:00:00Z,9.475,100.075,30.09,0.0,1.23,4,เกาะสมุย (Coral Cove)
2024-10-04T12:00:00Z,9.475,100.075,30.080000000000002,0.0,1.23,4,เกาะสมุย (Coral Cove)
2024-10-05T12:00:00Z,9.475,100.075,30.13,0.0,1.28,4,เกาะสมุย (Coral Cove)
2024-10-06T12:00:00Z,9.475,100.075,30.18,0.0,1.33,4,เกาะสมุย (Coral Cove)
2024-10-07T12:00:00Z,9.475,100.075,30.19,0.0,1.35,4,เกาะสมุย (Coral Cove)
2024-10-08T12:00:00Z,9.475,100.075,30.09,0.0,1.25,4,เกาะสมุย (Coral Cove)
2024-10-09T12:00:00Z,9.475,100.075,30.1,0.0,1.26,4,เกาะสมุย (Coral Cove)
2024-10-10T12:00:00Z,9.475,100.075,30.01,0.0,1.18,4,เกาะสมุย (Coral Cove)
2024-10-10T12:00:00Z,9.475,100.075,30.01,0.0,1.18,4,เกาะสมุย (Coral Cove)
2024-10-11T12:00:00Z,9.475,100.075,30.1,0.0,1.27,4,เกาะสมุย (Coral Cove)
2024-10-12T12:00:00Z,9.475,100.075,29.650000000000002,0.0,0.8200000000000001,4,เกาะสมุย (Coral Cove)
2024-10-13T12:00:00Z,9.475,100.075,29.88,0.0,1.05,4,เกาะสมุย (Coral Cove)
2024-10-14T12:00:00Z,9.475,100.075,30.19,0.0,1.37,4,เกาะสมุย (Coral Cove)
2024-10-15T12:00:00Z,9.475,100.075,30.150000000000002,0.0,1.33,4,เกาะสมุย (Coral Cove)
2024-10-16T12:00:00Z,9.475,100.075,30.37,0.0,1.57,4,เกาะสมุย (Coral Cove)
2024-10-17T12:00:00Z,9.475,100.075,30.57,0.0,1.78,4,เกาะสมุย (Coral Cove)
2024-10-18T12:00:00Z,9.475,100.075,30.3,0.0,1.53,4,เกาะสมุย (Coral Cove)
2024-10-19T12:00:00Z,9.475,100.075,30.25,0.0,1.5,4,เกาะสมุย (Coral Cove)
2024-10-20T12:00:00Z,9.475,100.075,30.23,0.0,1.5,4,เกาะสมุย (Coral Cove)
2024-10-21T12:00:00Z,9.475,100.075,30.14,0.0,1.42,4,เกาะสมุย (Coral Cove)
2024-10-22T12:00:00Z,9.475,100.075,30.01,0.0,1.31,4,เกาะสมุย (Coral Cove)
2024-10-23T12:00:00Z,9.475,100.075,29.96,0.0,1.28,4,เกาะสมุย (Coral Cove)
2024-10-24T12:00:00Z,9.475,100.075,29.900000000000002,0.0,1.23,4,เกาะสมุย (Coral Cove)
2024-10-25T12:00:00Z,9.475,100.075,29.48,0.0,0.8300000000000001,4,เกาะสมุย (Coral Cove)
2024-10-26T12:00:00Z,9.475,100.075,29.63,0.0,1.0,4,เกาะสมุย (Coral Cove)
2024-10-27T12:00:00Z,9.475,100.075,29.55,0.0,0.9400000000000001,4,เกาะสมุย (Coral Cove)
2024-10-28T12:00:00Z,9.475,100.075,29.560000000000002,0.0,0.96,4,เกาะสมุย (Coral Cove)
2024-10-29T12:00:00Z,9.475,100.075,29.72,0.0,1.1400000000000001,4,เกาะสมุย (Coral Cove)
2024-10-30T12:00:00Z,9.475,100.075,29.89,0.0,1.33,4,เกาะสมุย (Coral Cove)
2024-10-31T12:00:00Z,9.475,100.075,30.0,0.0,1.45,4,เกาะสมุย (Coral Cove)
2024-11-01T12:00:00Z,9.475,100.075,30.01,0.0,1.48,4,เกาะสมุย (Coral Cove)
2024-11-02T12:00:00Z,9.475,100.075,29.89,0.0,1.3800000000000001,4,เกาะสมุย (Coral Cove)
2024-11-03T12:00:00Z,9.475,100.075,30.080000000000002,0.0,1.58,4,เกาะสมุย (Coral Cove)
2024-11-04T12:00:00Z,9.475,100.075,29.85,0.0,1.37,4,เกาะสมุย (Coral Cove)
2024-11-05T12:00:00Z,9.475,100.075,29.560000000000002,0.0,1.1,4,เกาะสมุย (Coral Cove)
2024-11-06T12:00:00Z,9.475,100.075,29.580000000000002,0.0,1.1400000000000001,4,เกาะสมุย (Coral Cove)
2024-11-07T12:00:00Z,9.475,100.075,29.87,0.0,1.44,4,เกาะสมุย (Coral Cove)
2024-11-08T12:00:00Z,9.475,100.075,29.740000000000002,0.0,1.33,4,เกาะสมุย (Coral Cove)
2024-11-09T12:00:00Z,9.475,100.075,29.68,0.0,1.29,4,เกาะสมุย (Coral Cove)
2024-11-10T12:00:00Z,9.475,100.075,29.6,0.0,1.22,4,เกาะสมุย (Coral Cove)
2024-11-11T12:00:00Z,9.475,100.075,29.52,0.0,1.16,4,เกาะสมุย (Coral Cove)
2024-11-12T12:00:00Z,9.475,100.075,29.3,0.0,0.96,4,เกาะสมุย (Coral Cove)
2024-11-13T12:00:00Z,9.475,100.075,29.44,0.0,1.12,4,เกาะสมุย (Coral Cove)
2024-11-14T12:00:00Z,9.475,100.075,29.59,0.0,1.28,4,เกาะสมุย (Coral Cove)
2024-11-15T12:00:00Z,9.475,100.075,29.61,0.0,1.32,4,เกาะสมุย (Coral Cove)
2024-11-16T12:00:00Z,9.475,100.075,29.830000000000002,0.0,1.56,4,เกาะสมุย (Coral Cove)
2024-11-17T12:00:00Z,9.475,100.075,29.810000000000002,0.0,1.56,4,เกาะสมุย (Coral Cove)
2024-11-18T12:00:00Z,9.475,100.075,29.63,0.0,1.4000000000000001,4,เกาะสมุย (Coral Cove)
2024-11-19T12:00:00Z,9.475,100.075,29.68,0.0,1.47,4,เกาะสมุย (Coral Cove)
2024-11-20T12:00:00Z,9.475,100.075,29.37,0.0,1.19,4,เกาะสมุย (Coral Cove)
2024-11-21T12:00:00Z,9.475,100.075,29.400000000000002,0.0,1.24,4,เกาะสมุย (Coral Cove)
2024-11-22T12:00:00Z,9.475,100.075,29.34,0.0,1.2,4,เกาะสมุย (Coral Cove)
2024-11-23T12:00:00Z,9.475,100.075,29.48,0.0,1.36,4,เกาะสมุย (Coral Cove)
2024-11-24T12:00:00Z,9.475,100.075,28.97,0.0,0.87,4,เกาะสมุย (Coral Cove)
2024-11-25T12:00:00Z,9.475,100.075,29.07,0.0,0.99,4,เกาะสมุย (Coral Cove)
2024-11-26T12:00:00Z,9.475,100.075,29.19,0.0,1.1300000000000001,4,เกาะสมุย (Coral Cove)
2024-11-27T12:00:00Z,9.475,100.075,29.060000000000002,0.0,1.02,4,เกาะสมุย (Coral Cove)
2024-11-28T12:00:00Z,9.475,100.075,29.13,0.0,1.11,4,เกาะสมุย (Coral Cove)
2024-11-29T12:00:00Z,9.475,100.075,29.07,0.0,1.07,4,เกาะสมุย (Coral Cove)
2024-11-30T12:00:00Z,9.475,100.075,28.91,0.0,0.9400000000000001,4,เกาะสมุย (Coral Cove)
2024-12-01T12:00:00Z,9.475,100.075,28.89,0.0,0.9400000000000001,4,เกาะสมุย (Coral Cove)
2024-12-02T12:00:00Z,9.475,100.075,28.8,0.0,0.87,4,เกาะสมุย (Coral Cove)
2024-12-03T12:00:00Z,9.475,100.075,28.85,0.0,0.9400000000000001,4,เกาะสมุย (Coral Cove)
2024-12-04T12:00:00Z,9.475,100.075,28.97,0.0,1.08,4,เกาะสมุย (Coral Cove)
2024-12-05T12:00:00Z,9.475,100.075,28.82,0.0,0.9500000000000001,4,เกาะสมุย (Coral Cove)
2024-12-06T12:00:00Z,9.475,100.075,28.95,0.0,1.1,4,เกาะสมุย (Coral Cove)
2024-12-07T12:00:00Z,9.475,100.075,28.96,0.0,1.1300000000000001,4,เกาะสมุย (Coral Cove)
2024-12-08T12:00:00Z,9.475,100.075,28.86,0.0,1.05,4,เกาะสมุย (Coral Cove)
2024-12-09T12:00:00Z,9.475,100.075,28.91,0.0,1.12,4,เกาะสมุย (Coral Cove)
2024-12-10T12:00:00Z,9.475,100.075,28.740000000000002,0.0,0.98,4,เกาะสมุย (Coral Cove)
2024-12-11T12:00:00Z,9.475,100.075,28.64,0.0,0.9,4,เกาะสมุย (Coral Cove)
2024-12-12T12:00:00Z,9.475,100.075,28.67,0.0,0.9500000000000001,4,เกาะสมุย (Coral Cove)
2024-12-13T12:00:00Z,9.475,100.075,29.03,0.0,1.33,4,เกาะสมุย (Coral Cove)
2024-12-14T12:00:00Z,9.475,100.075,28.650000000000002,0.0,0.97,4,เกาะสมุย (Coral Cove)
2024-12-15T12:00:00Z,9.475,100.075,28.77,0.0,1.11,4,เกาะสมุย (Coral Cove)
2024-12-16T12:00:00Z,9.475,100.075,28.52,0.0,0.86,4,เกาะสมุย (Coral Cove)
2024-12-17T12:00:00Z,9.475,100.075,28.35,0.0,0.6900000000000001,4,เกาะสมุย (Coral Cove)
2024-12-18T12:00:00Z,9.475,100.075,28.27,0.0,0.61,4,เกาะสมุย (Coral Cove)
2024-12-19T12:00:00Z,9.475,100.075,28.26,0.0,0.6,4,เกาะสมุย (Coral Cove)
2024-12-20T12:00:00Z,9.475,100.075,28.14,0.0,0.48,4,เกาะสมุย (Coral Cove)
2024-12-21T12:00:00Z,9.475,100.075,28.18,0.0,0.52,4,เกาะสมุย (Coral Cove)
2024-12-22T12:00:00Z,9.475,100.075,28.0,0.0,0.34,4,เกาะสมุย (Coral Cove)
2024-12-23T12:00:00Z,9.475,100.075,27.900000000000002,0.0,0.24,4,เกาะสมุย (Coral Cove)
2024-12-24T12:00:00Z,9.475,100.075,27.810000000000002,0.0,0.15,4,เกาะสมุย (Coral Cove)
2024-12-25T12:00:00Z,9.475,100.075,27.94,0.0,0.28,4,เกาะสมุย (Coral Cove)
2024-12-26T12:00:00Z,9.475,100.075,27.990000000000002,0.0,0.33,4,เกาะสมุย (Coral Cove)
2024-12-27T12:00:00Z,9.475,100.075,27.96,0.0,0.3,4,เกาะสมุย (Coral Cove)
2024-12-28T12:00:00Z,9.475,100.075,27.96,0.0,0.3,4,เกาะสมุย (Coral Cove)
2024-12-29T12:00:00Z,9.475,100.075,27.84,0.0,0.18,4,เกาะสมุย (Coral Cove)
2024-12-30T12:00:00Z,9.475,100.075,27.73,0.0,0.07,4,เกาะสมุย (Coral Cove)
2024-12-31T12:00:00Z,9.475,100.075,27.650000000000002,0.0,-0.01,4,เกาะสมุย (Coral Cove)
2025-01-01T12:00:00Z,9.475,100.075,27.59,0.0,-0.07,4,เกาะสมุย (Coral Cove)
2025-01-02T12:00:00Z,9.475,100.075,27.73,0.0,0.07,4,เกาะสมุย (Coral Cove)
2025-01-03T12:00:00Z,9.475,100.075,27.900000000000002,0.0,0.24,4,เกาะสมุย (Coral Cove)
2025-01-04T12:00:00Z,9.475,100.075,27.98,0.0,0.32,4,เกาะสมุย (Coral Cove)
2025-01-05T12:00:00Z,9.475,100.075,27.77,0.0,0.11,4,เกาะสมุย (Coral Cove)
2025-01-06T12:00:00Z,9.475,100.075,27.62,0.0,-0.04,4,เกาะสมุย (Coral Cove)
2025-01-07T12:00:00Z,9.475,100.075,27.76,0.0,0.1,4,เกาะสมุย (Coral Cove)
2025-01-08T12:00:00Z,9.475,100.075,27.91,0.0,0.25,4,เกาะสมุย (Coral Cove)
2025-01-08T12:00:00Z,9.475,100.075,27.91,0.0,0.25,4,เกาะสมุย (Coral Cove)
2025-01-09T12:00:00Z,9.475,100.075,28.02,0.0,0.36,4,เกาะสมุย (Coral Cove)
2025-01-10T12:00:00Z,9.475,100.075,27.93,0.0,0.27,4,เกาะสมุย (Coral Cove)
2025-01-11T12:00:00Z,9.475,100.075,27.88,0.0,0.22,4,เกาะสมุย (Coral Cove)
2025-01-12T12:00:00Z,9.475,100.075,27.69,0.0,0.03,4,เกาะสมุย (Coral Cove)
2025-01-13T12:00:00Z,9.475,100.075,27.48,0.0,-0.18,4,เกาะสมุย (Coral Cove)
2025-01-14T12:00:00Z,9.475,100.075,27.38,0.0,-0.28,4,เกาะสมุย (Coral Cove)
2025-01-15T12:00:00Z,9.475,100.075,27.37,0.0,-0.29,4,เกาะสมุย (Coral Cove)
2025-01-16T12:00:00Z,9.475,100.075,27.25,0.0,-0.42,4,เกาะสมุย (Coral Cove)
2025-01-17T12:00:00Z,9.475,100.075,27.21,0.0,-0.48,4,เกาะสมุย (Coral Cove)
2025-01-18T12:00:00Z,9.475,100.075,27.13,0.0,-0.5700000000000001,4,เกาะสมุย (Coral Cove)
2025-01-19T12:00:00Z,9.475,100.075,27.12,0.0,-0.6,4,เกาะสมุย (Coral Cove)
2025-01-20T12:00:00Z,9.475,100.075,27.45,0.0,-0.28,4,เกาะสมุย (Coral Cove)
2025-01-21T12:00:00Z,9.475,100.075,27.38,0.0,-0.37,4,เกาะสมุย (Coral Cove)
2025-01-22T12:00:00Z,9.475,100.075,27.57,0.0,-0.19,4,เกาะสมุย (Coral Cove)
2025-01-23T12:00:00Z,9.475,100.075,27.28,0.0,-0.49,4,เกาะสมุย (Coral Cove)
2025-01-24T12:00:00Z,9.475,100.075,27.73,0.0,-0.06,4,เกาะสมุย (Coral Cove)
2025-01-25T12:00:00Z,9.475,100.075,27.77,0.0,-0.03,4,เกาะสมุย (Coral Cove)
2025-01-26T12:00:00Z,9.475,100.075,27.900000000000002,0.0,0.08,4,เกาะสมุย (Coral Cove)
2025-01-27T12:00:00Z,9.475,100.075,27.86,0.0,0.03,4,เกาะสมุย (Coral Cove)
2025-01-28T12:00:00Z,9.475,100.075,27.740000000000002,0.0,-0.1,4,เกาะสมุย (Coral Cove)
2025-01-29T12:00:00Z,9.475,100.075,27.7,0.0,-0.16,4,เกาะสมุย (Coral Cove)
2025-01-30T12:00:00Z,9.475,100.075,27.740000000000002,0.0,-0.13,4,เกาะสมุย (Coral Cove)
2025-01-31T12:00:00Z,9.475,100.075,27.650000000000002,0.0,-0.24,4,เกาะสมุย (Coral Cove)
2025-02-01T12:00:00Z,9.475,100.075,27.67,0.0,-0.23,4,เกาะสมุย (Coral Cove)
2025-02-02T12:00:00Z,9.475,100.075,27.900000000000002,0.0,-0.02,4,เกาะสมุย (Coral Cove)
2025-02-03T12:00:00Z,9.475,100.075,27.98,0.0,0.05,4,เกาะสมุย (Coral Cove)
2025-02-04T12:00:00Z,9.475,100.075,28.02,0.0,0.08,4,เกาะสมุย (Coral Cove)
2025-02-05T12:00:00Z,9.475,100.075,28.04,0.0,0.08,4,เกาะสมุย (Coral Cove)
2025-02-06T12:00:00Z,9.475,100.075,28.25,0.0,0.28,4,เกาะสมุย (Coral Cove)
2025-02-07T12:00:00Z,9.475,100.075,28.29,0.0,0.3,4,เกาะสมุย (Coral Cove)
2025-02-08T12:00:00Z,9.475,100.075,28.37,0.0,0.37,4,เกาะสมุย (Coral Cove)
2025-02-09T12:00:00Z,9.475,100.075,28.330000000000002,0.0,0.32,4,เกาะสมุย (Coral Cove)
2025-02-10T12:00:00Z,9.475,100.075,28.28,0.0,0.25,4,เกาะสมุย (Coral Cove)
2025-02-11T12:00:00Z,9.475,100.075,28.44,0.0,0.4,4,เกาะสมุย (Coral Cove)
2025-02-12T12:00:00Z,9.475,100.075,28.63,0.0,0.5700000000000001,4,เกาะสมุย (Coral Cove)
2025-02-13T12:00:00Z,9.475,100.075,28.71,0.0,0.64,4,เกาะสมุย (Coral Cove)
2025-02-14T12:00:00Z,9.475,100.075,28.87,0.0,0.78,4,เกาะสมุย (Coral Cove)
2025-02-15T12:00:00Z,9.475,100.075,28.95,0.0,0.85,4,เกาะสมุย (Coral Cove)
2025-02-16T12:00:00Z,9.475,100.075,28.93,0.0,0.8,4,เกาะสมุย (Coral Cove)
2025-02-17T12:00:00Z,9.475,100.075,28.95,0.0,0.79,4,เกาะสมุย (Coral Cove)
2025-02-18T12:00:00Z,9.475,100.075,28.89,0.0,0.7000000000000001,4,เกาะสมุย (Coral Cove)
2025-02-19T12:00:00Z,9.475,100.075,28.68,0.0,0.46,4,เกาะสมุย (Coral Cove)
2025-02-20T12:00:00Z,9.475,100.075,28.59,0.0,0.35000000000000003,4,เกาะสมุย (Coral Cove)
2025-02-21T12:00:00Z,9.475,100.075,28.53,0.0,0.26,4,เกาะสมุย (Coral Cove)
2025-02-22T12:00:00Z,9.475,100.075,28.560000000000002,0.0,0.26,4,เกาะสมุย (Coral Cove)
2025-02-23T12:00:00Z,9.475,100.075,28.7,0.0,0.37,4,เกาะสมุย (Coral Cove)
2025-02-24T12:00:00Z,9.475,100.075,28.6,0.0,0.24,4,เกาะสมุย (Coral Cove)
2025-02-25T12:00:00Z,9.475,100.075,28.400000000000002,0.0,0.01,4,เกาะสมุย (Coral Cove)
2025-02-26T12:00:00Z,9.475,100.075,28.400000000000002,0.0,-0.02,4,เกาะสมุย (Coral Cove)
2025-02-27T12:00:00Z,9.475,100.075,28.29,0.0,-0.16,4,เกาะสมุย (Coral Cove)
2025-02-28T12:00:00Z,9.475,100.075,28.35,0.0,-0.13,4,เกาะสมุย (Coral Cove)
2025-03-01T12:00:00Z,9.475,100.075,28.55,0.0,0.05,4,เกาะสมุย (Coral Cove)
2025-03-02T12:00:00Z,9.475,100.075,28.66,0.0,0.13,4,เกาะสมุย (Coral Cove)
2025-03-03T12:00:00Z,9.475,100.075,29.04,0.0,0.48,4,เกาะสมุย (Coral Cove)
2025-03-04T12:00:00Z,9.475,100.075,28.98,0.0,0.39,4,เกาะสมุย (Coral Cove)
2025-03-05T12:00:00Z,9.475,100.075,29.23,0.0,0.61,4,เกาะสมุย (Coral Cove)
2025-03-06T12:00:00Z,9.475,100.075,29.29,0.0,0.64,4,เกาะสมุย (Coral Cove)
2025-03-07T12:00:00Z,9.475,100.075,29.11,0.0,0.43,4,เกาะสมุย (Coral Cove)
2025-03-08T12:00:00Z,9.475,100.075,29.150000000000002,0.0,0.44,4,เกาะสมุย (Coral Cove)
2025-03-09T12:00:00Z,9.475,100.075,29.09,0.0,0.35000000000000003,4,เกาะสมุย (Coral Cove)
2025-03-10T12:00:00Z,9.475,100.075,28.92,0.0,0.15,4,เกาะสมุย (Coral Cove)
2025-03-11T12:00:00Z,9.475,100.075,29.080000000000002,0.0,0.29,4,เกาะสมุย (Coral Cove)
2025-03-12T12:00:00Z,9.475,100.075,29.150000000000002,0.0,0.33,4,เกาะสมุย (Coral Cove)
2025-03-13T12:00:00Z,9.475,100.075,29.11,0.0,0.26,4,เกาะสมุย (Coral Cove)
2025-03-14T12:00:00Z,9.475,100.075,29.04,0.0,0.16,4,เกาะสมุย (Coral Cove)
2025-03-15T12:00:00Z,9.475,100.075,29.240000000000002,0.0,0.33,4,เกาะสมุย (Coral Cove)
2025-03-16T12:00:00Z,9.475,100.075,29.6,0.0,0.66,4,เกาะสมุย (Coral Cove)
2025-03-17T12:00:00Z,9.475,100.075,29.52,0.0,0.54,4,เกาะสมุย (Coral Cove)
2025-03-18T12:00:00Z,9.475,100.075,29.44,0.0,0.43,4,เกาะสมุย (Coral Cove)
2025-03-19T12:00:00Z,9.475,100.075,29.51,0.0,0.47000000000000003,4,เกาะสมุย (Coral Cove)
2025-03-20T12:00:00Z,9.475,100.075,29.12,0.0,0.05,4,เกาะสมุย (Coral Cove)
2025-03-21T12:00:00Z,9.475,100.075,29.17,0.0,0.06,4,เกาะสมุย (Coral Cove)
2025-03-22T12:00:00Z,9.475,100.075,29.2,0.0,0.06,4,เกาะสมุย (Coral Cove)
2025-03-23T12:00:00Z,9.475,100.075,29.23,0.0,0.06,4,เกาะสมุย (Coral Cove)
2025-03-24T12:00:00Z,9.475,100.075,29.36,0.0,0.15,4,เกาะสมุย (Coral Cove)
2025-03-25T12:00:00Z,9.475,100.075,29.54,0.0,0.3,4,เกาะสมุย (Coral Cove)
2025-03-26T12:00:00Z,9.475,100.075,29.67,0.0,0.4,4,เกาะสมุย (Coral Cove)
2025-03-27T12:00:00Z,9.475,100.075,29.740000000000002,0.0,0.44,4,เกาะสมุย (Coral Cove)
2025-03-28T12:00:00Z,9.475,100.075,29.62,0.0,0.28,4,เกาะสมุย (Coral Cove)
2025-03-29T12:00:00Z,9.475,100.075,29.87,0.0,0.5,4,เกาะสมุย (Coral Cove)
2025-03-30T12:00:00Z,9.475,100.075,29.93,0.0,0.53,4,เกาะสมุย (Coral Cove)
2025-03-31T12:00:00Z,9.475,100.075,29.810000000000002,0.0,0.37,4,เกาะสมุย (Coral Cove)
2025-04-01T12:00:00Z,9.475,100.075,29.52,0.0,0.05,4,เกาะสมุย (Coral Cove)
2025-04-02T12:00:00Z,9.475,100.075,29.51,0.0,0.01,4,เกาะสมุย (Coral Cove)
2025-04-03T12:00:00Z,9.475,100.075,29.54,0.0,0.0,4,เกาะสมุย (Coral Cove)
2025-04-04T12:00:00Z,9.475,100.075,29.35,0.0,-0.22,4,เกาะสมุย (Coral Cove)
2025-04-05T12:00:00Z,9.475,100.075,29.41,0.0,-0.19,4,เกาะสมุย (Coral Cove)
2025-04-06T12:00:00Z,9.475,100.075,29.66,0.0,0.03,4,เกาะสมุย (Coral Cove)
2025-04-07T12:00:00Z,9.475,100.075,29.71,0.0,0.04,4,เกาะสมุย (Coral Cove)
2025-04-08T12:00:00Z,9.475,100.075,29.59,0.0,-0.11,4,เกาะสมุย (Coral Cove)
2025-04-08T12:00:00Z,9.475,100.075,29.59,0.0,-0.11,4,เกาะสมุย (Coral Cove)
2025-04-09T12:00:00Z,9.475,100.075,29.75,0.0,0.02,4,เกาะสมุย (Coral Cove)
2025-04-10T12:00:00Z,9.475,100.075,29.87,0.0,0.1,4,เกาะสมุย (Coral Cove)
2025-04-11T12:00:00Z,9.475,100.075,29.79,0.0,-0.01,4,เกาะสมุย (Coral Cove)
2025-04-12T12:00:00Z,9.475,100.075,30.240000000000002,0.0,0.41000000000000003,4,เกาะสมุย (Coral Cove)
2025-04-13T12:00:00Z,9.475,100.075,30.52,0.0,0.66,4,เกาะสมุย (Coral Cove)
2025-04-14T12:00:00Z,9.475,100.075,30.580000000000002,0.0,0.68,4,เกาะสมุย (Coral Cove)
2025-04-15T12:00:00Z,9.475,100.075,30.41,0.0,0.48,4,เกาะสมุย (Coral Cove)
2025-04-16T12:00:00Z,9.475,100.075,30.330000000000002,0.0,0.39,4,เกาะสมุย (Coral Cove)
2025-04-17T12:00:00Z,9.475,100.075,30.68,0.0,0.73,4,เกาะสมุย (Coral Cove)
2025-04-18T12:00:00Z,9.475,100.075,30.7,0.0,0.75,4,เกาะสมุย (Coral Cove)
2025-04-19T12:00:00Z,9.475,100.075,30.88,0.0,0.92,4,เกาะสมุย (Coral Cove)
2025-04-20T12:00:00Z,9.475,100.075,30.66,0.0,0.6900000000000001,4,เกาะสมุย (Coral Cove)
2025-04-21T12:00:00Z,9.475,100.075,30.63,0.0,0.65,4,เกาะสมุย (Coral Cove)
2025-04-22T12:00:00Z,9.475,100.075,30.41,0.0,0.42,4,เกาะสมุย (Coral Cove)
2025-04-23T12:00:00Z,9.475,100.075,30.53,0.0,0.53,4,เกาะสมุย (Coral Cove)
2025-04-24T12:00:00Z,9.475,100.075,30.810000000000002,0.0,0.81,4,เกาะสมุย (Coral Cove)
2025-04-25T12:00:00Z,9.475,100.075,31.1,0.0,1.09,4,เกาะสมุย (Coral Cove)
2025-04-26T12:00:00Z,9.475,100.075,31.04,0.0,1.02,4,เกาะสมุย (Coral Cove)
2025-04-27T12:00:00Z,9.475,100.075,30.740000000000002,0.0,0.71,4,เกาะสมุย (Coral Cove)
2025-04-28T12:00:00Z,9.475,100.075,30.71,0.0,0.67,4,เกาะสมุย (Coral Cove)
2025-04-29T12:00:00Z,9.475,100.075,30.86,0.0,0.81,4,เกาะสมุย (Coral Cove)
2025-04-30T12:00:00Z,9.475,100.075,30.84,0.0,0.79,4,เกาะสมุย (Coral Cove)
2025-05-01T12:00:00Z,9.475,100.075,30.830000000000002,0.0,0.77,4,เกาะสมุย (Coral Cove)
2025-05-02T12:00:00Z,9.475,100.075,30.82,0.0,0.75,4,เกาะสมุย (Coral Cove)
2025-05-03T12:00:00Z,9.475,100.075,30.87,0.0,0.79,4,เกาะสมุย (Coral Cove)
2025-05-04T12:00:00Z,9.475,100.075,30.96,0.0,0.87,4,เกาะสมุย (Coral Cove)
2025-05-05T12:00:00Z,9.475,100.075,30.900000000000002,0.0,0.8,4,เกาะสมุย (Coral Cove)
2025-05-06T12:00:00Z,9.475,100.075,30.95,0.0,0.85,4,เกาะสมุย (Coral Cove)
2025-05-07T12:00:00Z,9.475,100.075,30.67,0.0,0.56,4,เกาะสมุย (Coral Cove)
2025-05-08T12:00:00Z,9.475,100.075,30.740000000000002,0.0,0.62,4,เกาะสมุย (Coral Cove)
2025-05-09T12:00:00Z,9.475,100.075,30.85,0.0,0.72,4,เกาะสมุย (Coral Cove)
2025-05-10T12:00:00Z,9.475,100.075,30.900000000000002,0.0,0.76,4,เกาะสมุย (Coral Cove)
2025-05-11T12:00:00Z,9.475,100.075,30.67,0.0,0.52,4,เกาะสมุย (Coral Cove)
2025-05-12T12:00:00Z,9.475,100.075,30.59,0.0,0.44,4,เกาะสมุย (Coral Cove)
2025-05-13T12:00:00Z,9.475,100.075,30.67,0.0,0.51,4,เกาะสมุย (Coral Cove)
2025-05-14T12:00:00Z,9.475,100.075,30.68,0.0,0.51,4,เกาะสมุย (Coral Cove)
2025-05-15T12:00:00Z,9.475,100.075,30.59,0.0,0.41000000000000003,4,เกาะสมุย (Coral Cove)
2025-05-16T12:00:00Z,9.475,100.075,30.64,0.0,0.47000000000000003,4,เกาะสมุย (Coral Cove)
2025-05-17T12:00:00Z,9.475,100.075,30.490000000000002,0.0,0.33,4,เกาะสมุย (Coral Cove)
2025-05-18T12:00:00Z,9.475,100.075,30.75,0.0,0.6,4,เกาะสมุย (Coral Cove)
2025-05-19T12:00:00Z,9.475,100.075,30.77,0.0,0.62,4,เกาะสมุย (Coral Cove)
2025-05-20T12:00:00Z,9.475,100.075,30.84,0.0,0.7000000000000001,4,เกาะสมุย (Coral Cove)
2025-05-21T12:00:00Z,9.475,100.075,30.830000000000002,0.0,0.7000000000000001,4,เกาะสมุย (Coral Cove)
2025-05-22T12:00:00Z,9.475,100.075,30.79,0.0,0.67,4,เกาะสมุย (Coral Cove)
2025-05-23T12:00:00Z,9.475,100.075,30.72,0.0,0.61,4,เกาะสมุย (Coral Cove)
2025-05-24T12:00:00Z,9.475,100.075,30.69,0.0,0.59,4,เกาะสมุย (Coral Cove)
2025-05-25T12:00:00Z,9.475,100.075,30.6,0.0,0.51,4,เกาะสมุย (Coral Cove)
2025-05-26T12:00:00Z,9.475,100.075,30.330000000000002,0.0,0.25,4,เกาะสมุย (Coral Cove)
2025-05-27T12:00:00Z,9.475,100.075,30.34,0.0,0.26,4,เกาะสมุย (Coral Cove)
2025-05-28T12:00:00Z,9.475,100.075,30.35,0.0,0.28,4,เกาะสมุย (Coral Cove)
2025-05-29T12:00:00Z,9.475,100.075,30.23,0.0,0.17,4,เกาะสมุย (Coral Cove)
2025-05-30T12:00:00Z,9.475,100.075,30.27,0.0,0.22,4,เกาะสมุย (Coral Cove)
2025-05-31T12:00:00Z,9.475,100.075,30.490000000000002,0.0,0.45,4,เกาะสมุย (Coral Cove)
2025-06-01T12:00:00Z,9.475,100.075,30.28,0.0,0.25,4,เกาะสมุย (Coral Cove)
2025-06-02T12:00:00Z,9.475,100.075,30.57,0.0,0.55,4,เกาะสมุย (Coral Cove)
2025-06-03T12:00:00Z,9.475,100.075,30.44,0.0,0.43,4,เกาะสมุย (Coral Cove)
2025-06-04T12:00:00Z,9.475,100.075,30.29,0.0,0.28,4,เกาะสมุย (Coral Cove)
2025-06-05T12:00:00Z,9.475,100.075,30.42,0.0,0.42,4,เกาะสมุย (Coral Cove)
2025-06-06T12:00:00Z,9.475,100.075,30.36,0.0,0.37,4,เกาะสมุย (Coral Cove)
2025-06-07T12:00:00Z,9.475,100.075,30.36,0.0,0.38,4,เกาะสมุย (Coral Cove)
2025-06-08T12:00:00Z,9.475,100.075,30.39,0.0,0.42,4,เกาะสมุย (Coral Cove)
2025-06-09T12:00:00Z,9.475,100.075,30.080000000000002,0.0,0.12,4,เกาะสมุย (Coral Cove)
2025-06-10T12:00:00Z,9.475,100.075,30.16,0.0,0.21,4,เกาะสมุย (Coral Cove)
2025-06-11T12:00:00Z,9.475,100.075,30.14,0.0,0.2,4,เกาะสมุย (Coral Cove)
2025-06-12T12:00:00Z,9.475,100.075,30.27,0.0,0.33,4,เกาะสมุย (Coral Cove)
2025-06-13T12:00:00Z,9.475,100.075,30.16,0.0,0.23,4,เกาะสมุย (Coral Cove)
2025-06-14T12:00:00Z,9.475,100.075,30.17,0.0,0.25,4,เกาะสมุย (Coral Cove)
2025-06-15T12:00:00Z,9.475,100.075,30.18,0.0,0.27,4,เกาะสมุย (Coral Cove)
2025-06-16T12:00:00Z,9.475,100.075,30.54,0.0,0.65,4,เกาะสมุย (Coral Cove)
2025-06-17T12:00:00Z,9.475,100.075,30.17,0.0,0.29,4,เกาะสมุย (Coral Cove)
2025-06-18T12:00:00Z,9.475,100.075,30.41,0.0,0.55,4,เกาะสมุย (Coral Cove)
2025-06-19T12:00:00Z,9.475,100.075,30.150000000000002,0.0,0.31,4,เกาะสมุย (Coral Cove)
2025-06-20T12:00:00Z,9.475,100.075,30.03,0.0,0.21,4,เกาะสมุย (Coral Cove)
2025-06-21T12:00:00Z,9.475,100.075,30.03,0.0,0.22,4,เกาะสมุย (Coral Cove)
2025-06-22T12:00:00Z,9.475,100.075,29.95,0.0,0.16,4,เกาะสมุย (Coral Cove)
2025-06-23T12:00:00Z,9.475,100.075,29.740000000000002,0.0,-0.03,4,เกาะสมุย (Coral Cove)
2025-06-24T12:00:00Z,9.475,100.075,29.71,0.0,-0.04,4,เกาะสมุย (Coral Cove)
2025-06-25T12:00:00Z,9.475,100.075,29.67,0.0,-0.07,4,เกาะสมุย (Coral Cove)
2025-06-26T12:00:00Z,9.475,100.075,29.28,0.0,-0.44,4,เกาะสมุย (Coral Cove)
2025-06-27T12:00:00Z,9.475,100.075,29.62,0.0,-0.08,4,เกาะสมุย (Coral Cove)
2025-06-28T12:00:00Z,9.475,100.075,29.75,0.0,0.07,4,เกาะสมุย (Coral Cove)
2025-06-29T12:00:00Z,9.475,100.075,29.96,0.0,0.29,4,เกาะสมุย (Coral Cove)
2025-06-30T12:00:00Z,9.475,100.075,29.84,0.0,0.19,4,เกาะสมุย (Coral Cove)
2025-07-01T12:00:00Z,9.475,100.075,29.66,0.0,0.03,4,เกาะสมุย (Coral Cove)
2025-07-02T12:00:00Z,9.475,100.075,29.67,0.0,0.05,4,เกาะสมุย (Coral Cove)
2025-07-03T12:00:00Z,9.475,100.075,28.900000000000002,0.0,-0.7000000000000001,4,เกาะสมุย (Coral Cove)
2025-07-04T12:00:00Z,9.475,100.075,29.740000000000002,0.0,0.16,4,เกาะสมุย (Coral Cove)
2025-07-05T12:00:00Z,9.475,100.075,29.79,0.0,0.23,4,เกาะสมุย (Coral Cove)
2025-07-06T12:00:00Z,9.475,100.075,29.35,0.0,-0.2,4,เกาะสมุย (Coral Cove)
2025-07-07T12:00:00Z,9.475,100.075,29.54,0.0,0.01,4,เกาะสมุย (Coral Cove)
2025-07-07T12:00:00Z,9.475,100.075,29.54,0.0,0.01,4,เกาะสมุย (Coral Cove)
2025-07-08T12:00:00Z,9.475,100.075,29.82,0.0,0.31,4,เกาะสมุย (Coral Cove)
2025-07-09T12:00:00Z,9.475,100.075,29.91,0.0,0.42,4,เกาะสมุย (Coral Cove)
2025-07-10T12:00:00Z,9.475,100.075,30.07,0.0,0.59,4,เกาะสมุย (Coral Cove)
2025-07-11T12:00:00Z,9.475,100.075,29.86,0.0,0.4,4,เกาะสมุย (Coral Cove)
2025-07-12T12:00:00Z,9.475,100.075,29.72,0.0,0.28,4,เกาะสมุย (Coral Cove)
2025-07-13T12:00:00Z,9.475,100.075,29.62,0.0,0.2,4,เกาะสมุย (Coral Cove)
2025-07-14T12:00:00Z,9.475,100.075,29.93,0.0,0.52,4,เกาะสมุย (Coral Cove)
2025-07-15T12:00:00Z,9.475,100.075,29.92,0.0,0.53,4,เกาะสมุย (Coral Cove)
2025-07-16T12:00:00Z,9.475,100.075,29.740000000000002,0.0,0.36,4,เกาะสมุย (Coral Cove)
2025-07-17T12:00:00Z,9.475,100.075,29.92,0.0,0.55,4,เกาะสมุย (Coral Cove)
2025-07-18T12:00:00Z,9.475,100.075,29.810000000000002,0.0,0.45,4,เกาะสมุย (Coral Cove)
2025-07-19T12:00:00Z,9.475,100.075,29.86,0.0,0.51,4,เกาะสมุย (Coral Cove)
2025-07-20T12:00:00Z,9.475,100.075,29.740000000000002,0.0,0.4,4,เกาะสมุย (Coral Cove)
2025-07-21T12:00:00Z,9.475,100.075,29.47,0.0,0.14,4,เกาะสมุย (Coral Cove)
2025-07-22T12:00:00Z,9.475,100.075,29.42,0.0,0.1,4,เกาะสมุย (Coral Cove)
2025-07-23T12:00:00Z,9.475,100.075,29.39,0.0,0.08,4,เกาะสมุย (Coral Cove)
2025-07-24T12:00:00Z,9.475,100.075,29.43,0.0,0.13,4,เกาะสมุย (Coral Cove)
2025-07-25T12:00:00Z,9.475,100.075,29.64,0.0,0.35000000000000003,4,เกาะสมุย (Coral Cove)
2025-07-26T12:00:00Z,9.475,100.075,29.55,0.0,0.27,4,เกาะสมุย (Coral Cove)
2025-07-27T12:00:00Z,9.475,100.075,29.330000000000002,0.0,0.06,4,เกาะสมุย (Coral Cove)
2025-07-28T12:00:00Z,9.475,100.075,29.59,0.0,0.33,4,เกาะสมุย (Coral Cove)
2025-07-29T12:00:00Z,9.475,100.075,29.62,0.0,0.37,4,เกาะสมุย (Coral Cove)
2025-07-30T12:00:00Z,9.475,100.075,29.69,0.0,0.45,4,เกาะสมุย (Coral Cove)
2025-07-31T12:00:00Z,9.475,100.075,29.79,0.0,0.55,4,เกาะสมุย (Coral Cove)
2025-08-01T12:00:00Z,9.475,100.075,29.92,0.0,0.6900000000000001,4,เกาะสมุย (Coral Cove)
2025-08-02T12:00:00Z,9.475,100.075,30.21,0.0,0.99,4,เกาะสมุย (Coral Cove)
2025-08-03T12:00:00Z,9.475,100.075,30.52,0.0,1.31,4,เกาะสมุย (Coral Cove)
2025-08-04T12:00:00Z,9.475,100.075,30.54,0.0,1.34,4,เกาะสมุย (Coral Cove)
2025-08-05T12:00:00Z,9.475,100.075,30.34,0.0,1.1500000000000001,4,เกาะสมุย (Coral Cove)
2025-08-06T12:00:00Z,9.475,100.075,30.22,0.0,1.04,4,เกาะสมุย (Coral Cove)
2025-08-07T12:00:00Z,9.475,100.075,30.26,0.0,1.09,4,เกาะสมุย (Coral Cove)
2025-08-08T12:00:00Z,9.475,100.075,30.16,0.0,1.0,4,เกาะสมุย (Coral Cove)
2025-08-09T12:00:00Z,9.475,100.075,30.41,0.0,1.26,4,เกาะสมุย (Coral Cove)
2025-08-10T12:00:00Z,9.475,100.075,30.080000000000002,0.0,0.9400000000000001,4,เกาะสมุย (Coral Cove)
2025-08-11T12:00:00Z,9.475,100.075,29.95,0.0,0.8200000000000001,4,เกาะสมุย (Coral Cove)
2025-08-12T12:00:00Z,9.475,100.075,30.07,0.0,0.9500000000000001,4,เกาะสมุย (Coral Cove)
2025-08-13T12:00:00Z,9.475,100.075,29.900000000000002,0.0,0.79,4,เกาะสมุย (Coral Cove)
2025-08-14T12:00:00Z,9.475,100.075,29.78,0.0,0.68,4,เกาะสมุย (Coral Cove)
2025-08-15T12:00:00Z,9.475,100.075,29.78,0.0,0.6900000000000001,4,เกาะสมุย (Coral Cove)
2025-08-16T12:00:00Z,9.475,100.075,29.78,0.0,0.7000000000000001,4,เกาะสมุย (Coral Cove)
2025-08-17T12:00:00Z,9.475,100.075,29.400000000000002,0.0,0.32,4,เกาะสมุย (Coral Cove)
2025-08-18T12:00:00Z,9.475,100.075,29.72,0.0,0.65,4,เกาะสมุย (Coral Cove)
2025-08-19T12:00:00Z,9.475,100.075,29.77,0.0,0.7000000000000001,4,เกาะสมุย (Coral Cove)
2025-08-20T12:00:00Z,9.475,100.075,29.73,0.0,0.67,4,เกาะสมุย (Coral Cove)
2025-08-21T12:00:00Z,9.475,100.075,29.66,0.0,0.6,4,เกาะสมุย (Coral Cove)
2025-08-22T12:00:00Z,9.475,100.075,29.86,0.0,0.81,4,เกาะสมุย (Coral Cove)
2025-08-23T12:00:00Z,9.475,100.075,29.44,0.0,0.4,4,เกาะสมุย (Coral Cove)
2025-08-24T12:00:00Z,9.475,100.075,29.72,0.0,0.68,4,เกาะสมุย (Coral Cove)
2025-08-25T12:00:00Z,9.475,100.075,29.57,0.0,0.54,4,เกาะสมุย (Coral Cove)
2025-08-26T12:00:00Z,9.475,100.075,29.47,0.0,0.44,4,เกาะสมุย (Coral Cove)
2025-08-27T12:00:00Z,9.475,100.075,29.6,0.0,0.58,4,เกาะสมุย (Coral Cove)
2025-08-28T12:00:00Z,9.475,100.075,29.26,0.0,0.25,4,เกาะสมุย (Coral Cove)
2025-08-29T12:00:00Z,9.475,100.075,29.37,0.0,0.36,4,เกาะสมุย (Coral Cove)
2025-08-30T12:00:00Z,9.475,100.075,29.490000000000002,0.0,0.49,4,เกาะสมุย (Coral Cove)
2025-08-31T12:00:00Z,9.475,100.075,29.53,0.0,0.53,4,เกาะสมุย (Coral Cove)
2025-09-01T12:00:00Z,9.475,100.075,29.27,0.0,0.28,4,เกาะสมุย (Coral Cove)
2025-09-02T12:00:00Z,9.475,100.075,29.43,0.0,0.44,4,เกาะสมุย (Coral Cove)
2025-09-03T12:00:00Z,9.475,100.075,29.34,0.0,0.36,4,เกาะสมุย (Coral Cove)
2025-09-04T12:00:00Z,9.475,100.075,29.35,0.0,0.38,4,เกาะสมุย (Coral Cove)
2025-09-05T12:00:00Z,9.475,100.075,29.490000000000002,0.0,0.52,4,เกาะสมุย (Coral Cove)
2025-09-06T12:00:00Z,9.475,100.075,29.34,0.0,0.38,4,เกาะสมุย (Coral Cove)
2025-09-07T12:00:00Z,9.475,100.075,29.05,0.0,0.09,4,เกาะสมุย (Coral Cove)
2025-09-08T12:00:00Z,9.475,100.075,28.94,0.0,-0.01,4,เกาะสมุย (Coral Cove)
2025-09-09T12:00:00Z,9.475,100.075,28.900000000000002,0.0,-0.04,4,เกาะสมุย (Coral Cove)
2025-09-10T12:00:00Z,9.475,100.075,29.07,0.0,0.13,4,เกาะสมุย (Coral Cove)
2025-09-11T12:00:00Z,9.475,100.075,29.6,0.0,0.67,4,เกาะสมุย (Coral Cove)
2025-09-12T12:00:00Z,9.475,100.075,29.580000000000002,0.0,0.65,4,เกาะสมุย (Coral Cove)
2025-09-13T12:00:00Z,9.475,100.075,29.7,0.0,0.78,4,เกาะสมุย (Coral Cove)
2025-09-14T12:00:00Z,9.475,100.075,29.44,0.0,0.52,4,เกาะสมุย (Coral Cove)
2025-09-15T12:00:00Z,9.475,100.075,29.48,0.0,0.5700000000000001,4,เกาะสมุย (Coral Cove)
2025-09-16T12:00:00Z,9.475,100.075,29.72,0.0,0.81,4,เกาะสมุย (Coral Cove)
2025-09-17T12:00:00Z,9.475,100.075,29.84,0.0,0.9400000000000001,4,เกาะสมุย (Coral Cove)
2025-09-18T12:00:00Z,9.475,100.075,29.76,0.0,0.86,4,เกาะสมุย (Coral Cove)
2025-09-19T12:00:00Z,9.475,100.075,29.61,0.0,0.71,4,เกาะสมุย (Coral Cove)
2025-09-20T12:00:00Z,9.475,100.075,29.61,0.0,0.71,4,เกาะสมุย (Coral Cove)
2025-09-21T12:00:00Z,9.475,100.075,29.66,0.0,0.77,4,เกาะสมุย (Coral Cove)
2025-09-22T12:00:00Z,9.475,100.075,29.97,0.0,1.08,4,เกาะสมุย (Coral Cove)
2025-09-23T12:00:00Z,9.475,100.075,29.66,0.0,0.77,4,เกาะสมุย (Coral Cove)
2025-09-24T12:00:00Z,9.475,100.075,29.63,0.0,0.75,4,เกาะสมุย (Coral Cove)
2025-09-25T12:00:00Z,9.475,100.075,29.72,0.0,0.84,4,เกาะสมุย (Coral Cove)
2025-09-26T12:00:00Z,9.475,100.075,29.53,0.0,0.65,4,เกาะสมุย (Coral Cove)
2025-09-27T12:00:00Z,9.475,100.075,29.78,0.0,0.91,4,เกาะสมุย (Coral Cove)
2025-09-28T12:00:00Z,9.475,100.075,29.69,0.0,0.8200000000000001,4,เกาะสมุย (Coral Cove)
2025-09-29T12:00:00Z,9.475,100.075,29.53,0.0,0.66,4,เกาะสมุย (Coral Cove)
2025-09-30T12:00:00Z,9.475,100.075,29.17,0.0,0.31,4,เกาะสมุย (Coral Cove)
2025-10-01T12:00:00Z,9.475,100.075,29.36,0.0,0.5,4,เกาะสมุย (Coral Cove)
2025-10-02T12:00:00Z,9.475,100.075,29.61,0.0,0.75,4,เกาะสมุย (Coral Cove)
2025-10-03T12:00:00Z,9.475,100.075,29.71,0.0,0.85,4,เกาะสมุย (Coral Cove)
2025-10-04T12:00:00Z,9.475,100.075,29.48,0.0,0.63,4,เกาะสมุย (Coral Cove)
2025-10-05T12:00:00Z,9.475,100.075,29.6,0.0,0.75,4,เกาะสมุย (Coral Cove)
2025-10-05T12:00:00Z,9.475,100.075,29.6,0.0,0.75,4,เกาะสมุย (Coral Cove)
2025-10-06T12:00:00Z,9.475,100.075,29.44,0.0,0.59,4,เกาะสมุย (Coral Cove)
2025-10-07T12:00:00Z,9.475,100.075,29.62,0.0,0.78,4,เกาะสมุย (Coral Cove)
2025-10-08T12:00:00Z,9.475,100.075,29.54,0.0,0.7000000000000001,4,เกาะสมุย (Coral Cove)
2025-10-09T12:00:00Z,9.475,100.075,29.3,0.0,0.46,4,เกาะสมุย (Coral Cove)
2025-10-10T12:00:00Z,9.475,100.075,29.39,0.0,0.56,4,เกาะสมุย (Coral Cove)
2025-10-11T12:00:00Z,9.475,100.075,29.39,0.0,0.56,4,เกาะสมุย (Coral Cove)
2025-10-12T12:00:00Z,9.475,100.075,29.44,0.0,0.61,4,เกาะสมุย (Coral Cove)
2025-10-13T12:00:00Z,9.475,100.075,29.28,0.0,0.45,4,เกาะสมุย (Coral Cove)
2025-10-14T12:00:00Z,9.475,100.075,29.5,0.0,0.68,4,เกาะสมุย (Coral Cove)
2025-10-15T12:00:00Z,9.475,100.075,29.62,0.0,0.8,4,เกาะสมุย (Coral Cove)
2025-10-16T12:00:00Z,9.475,100.075,29.8,0.0,1.0,4,เกาะสมุย (Coral Cove)
2025-10-17T12:00:00Z,9.475,100.075,29.7,0.0,0.91,4,เกาะสมุย (Coral Cove)
2025-10-18T12:00:00Z,9.475,100.075,29.7,0.0,0.93,4,เกาะสมุย (Coral Cove)
2025-10-19T12:00:00Z,9.475,100.075,29.64,0.0,0.89,4,เกาะสมุย (Coral Cove)
2025-10-20T12:00:00Z,9.475,100.075,29.7,0.0,0.97,4,เกาะสมุย (Coral Cove)
2025-10-21T12:00:00Z,9.475,100.075,29.7,0.0,0.98,4,เกาะสมุย (Coral Cove)
2025-10-22T12:00:00Z,9.475,100.075,29.45,0.0,0.75,4,เกาะสมุย (Coral Cove)
2025-10-23T12:00:00Z,9.475,100.075,29.41,0.0,0.73,4,เกาะสมุย (Coral Cove)
2025-10-24T12:00:00Z,9.475,100.075,29.45,0.0,0.78,4,เกาะสมุย (Coral Cove)
2025-10-25T12:00:00Z,9.475,100.075,29.400000000000002,0.0,0.75,4,เกาะสมุย (Coral Cove)
2025-10-26T12:00:00Z,9.475,100.075,29.37,0.0,0.74,4,เกาะสมุย (Coral Cove)
2025-10-27T12:00:00Z,9.475,100.075,29.13,0.0,0.52,4,เกาะสมุย (Coral Cove)
2025-10-28T12:00:00Z,9.475,100.075,29.03,0.0,0.43,4,เกาะสมุย (Coral Cove)
2025-10-29T12:00:00Z,9.475,100.075,28.89,0.0,0.31,4,เกาะสมุย (Coral Cove)
2025-10-30T12:00:00Z,9.475,100.075,28.88,0.0,0.32,4,เกาะสมุย (Coral Cove)
2025-10-31T12:00:00Z,9.475,100.075,28.8,0.0,0.25,4,เกาะสมุย (Coral Cove)
2025-11-01T12:00:00Z,9.475,100.075,28.71,0.0,0.18,4,เกาะสมุย (Coral Cove)
2025-11-02T12:00:00Z,9.475,100.075,28.87,0.0,0.36,4,เกาะสมุย (Coral Cove)
2025-11-03T12:00:00Z,9.475,100.075,28.94,0.0,0.44,4,เกาะสมุย (Coral Cove)
2025-11-04T12:00:00Z,9.475,100.075,29.0,0.0,0.52,4,เกาะสมุย (Coral Cove)
2025-11-05T12:00:00Z,9.475,100.075,28.89,0.0,0.43,4,เกาะสมุย (Coral Cove)
2025-11-06T12:00:00Z,9.475,100.075,29.11,0.0,0.67,4,เกาะสมุย (Coral Cove)
2025-11-07T12:00:00Z,9.475,100.075,28.740000000000002,0.0,0.31,4,เกาะสมุย (Coral Cove)
2025-11-08T12:00:00Z,9.475,100.075,29.11,0.0,0.7000000000000001,4,เกาะสมุย (Coral Cove)
2025-11-09T12:00:00Z,9.475,100.075,29.18,0.0,0.79,4,เกาะสมุย (Coral Cove)
2025-11-10T12:00:00Z,9.475,100.075,28.94,0.0,0.56,4,เกาะสมุย (Coral Cove)
2025-11-11T12:00:00Z,9.475,100.075,28.82,0.0,0.46,4,เกาะสมุย (Coral Cove)
2025-11-12T12:00:00Z,9.475,100.075,28.85,0.0,0.51,4,เกาะสมุย (Coral Cove)
2025-11-13T12:00:00Z,9.475,100.075,28.82,0.0,0.5,4,เกาะสมุย (Coral Cove)
2025-11-14T12:00:00Z,9.475,100.075,28.84,0.0,0.53,4,เกาะสมุย (Coral Cove)
2025-11-15T12:00:00Z,9.475,100.075,29.19,0.0,0.9,4,เกาะสมุย (Coral Cove)
2025-11-16T12:00:00Z,9.475,100.075,28.91,0.0,0.64,4,เกาะสมุย (Coral Cove)
2025-11-17T12:00:00Z,9.475,100.075,28.96,0.0,0.71,4,เกาะสมุย (Coral Cove)
2025-11-18T12:00:00Z,9.475,100.075,28.96,0.0,0.73,4,เกาะสมุย (Coral Cove)
2025-11-19T12:00:00Z,9.475,100.075,29.01,0.0,0.8,4,เกาะสมุย (Coral Cove)
2025-11-20T12:00:00Z,9.475,100.075,28.900000000000002,0.0,0.72,4,เกาะสมุย (Coral Cove)
2025-11-21T12:00:00Z,9.475,100.075,28.69,0.0,0.53,4,เกาะสมุย (Coral Cove)
2025-11-22T12:00:00Z,9.475,100.075,28.080000000000002,0.0,-0.06,4,เกาะสมุย (Coral Cove)
2025-11-23T12:00:00Z,9.475,100.075,28.16,0.0,0.04,4,เกาะสมุย (Coral Cove)
2025-11-24T12:00:00Z,9.475,100.075,28.11,0.0,0.01,4,เกาะสมุย (Coral Cove)
2025-11-25T12:00:00Z,9.475,100.075,27.84,0.0,-0.24,4,เกาะสมุย (Coral Cove)
2025-11-26T12:00:00Z,9.475,100.075,27.77,0.0,-0.29,4,เกาะสมุย (Coral Cove)
2025-11-27T12:00:00Z,9.475,100.075,27.69,0.0,-0.35000000000000003,4,เกาะสมุย (Coral Cove)
2025-11-28T12:00:00Z,9.475,100.075,27.66,0.0,-0.36,4,เกาะสมุย (Coral Cove)
2025-11-29T12:00:00Z,9.475,100.075,27.19,0.0,-0.81,4,เกาะสมุย (Coral Cove)
2025-11-30T12:00:00Z,9.475,100.075,27.37,0.0,-0.6,4,เกาะสมุย (Coral Cove)
2025-12-01T12:00:00Z,9.475,100.075,27.38,0.0,-0.5700000000000001,4,เกาะสมุย (Coral Cove)
2025-12-02T12:00:00Z,9.475,100.075,27.35,0.0,-0.58,4,เกาะสมุย (Coral Cove)
2025-12-03T12:00:00Z,9.475,100.075,27.67,0.0,-0.24,4,เกาะสมุย (Coral Cove)
2025-12-04T12:00:00Z,9.475,100.075,27.47,0.0,-0.42,4,เกาะสมุย (Coral Cove)
2025-12-05T12:00:00Z,9.475,100.075,27.42,0.0,-0.45,4,เกาะสมุย (Coral Cove)
2025-12-06T12:00:00Z,9.475,100.075,27.490000000000002,0.0,-0.36,4,เกาะสมุย (Coral Cove)
2025-12-07T12:00:00Z,9.475,100.075,27.62,0.0,-0.21,4,เกาะสมุย (Coral Cove)
2025-12-08T12:00:00Z,9.475,100.075,27.71,0.0,-0.1,4,เกาะสมุย (Coral Cove)
2025-12-09T12:00:00Z,9.475,100.075,27.6,0.0,-0.19,4,เกาะสมุย (Coral Cove)
2025-12-10T12:00:00Z,9.475,100.075,27.27,0.0,-0.49,4,เกาะสมุย (Coral Cove)
2025-12-11T12:00:00Z,9.475,100.075,27.150000000000002,0.0,-0.59,4,เกาะสมุย (Coral Cove)
2025-12-12T12:00:00Z,9.475,100.075,27.32,0.0,-0.4,4,เกาะสมุย (Coral Cove)
2025-12-13T12:00:00Z,9.475,100.075,27.39,0.0,-0.31,4,เกาะสมุย (Coral Cove)
2025-12-14T12:00:00Z,9.475,100.075,27.27,0.0,-0.41000000000000003,4,เกาะสมุย (Coral Cove)
2025-12-15T12:00:00Z,9.475,100.075,27.36,0.0,-0.3,4,เกาะสมุย (Coral Cove)
2025-12-16T12:00:00Z,9.475,100.075,27.400000000000002,0.0,-0.26,4,เกาะสมุย (Coral Cove)
2025-12-17T12:00:00Z,9.475,100.075,27.71,0.0,0.05,4,เกาะสมุย (Coral Cove)
2025-12-18T12:00:00Z,9.475,100.075,27.79,0.0,0.13,4,เกาะสมุย (Coral Cove)
2025-12-19T12:00:00Z,9.475,100.075,27.72,0.0,0.06,4,เกาะสมุย (Coral Cove)
2025-12-20T12:00:00Z,9.475,100.075,27.830000000000002,0.0,0.17,4,เกาะสมุย (Coral Cove)
2025-12-21T12:00:00Z,9.475,100.075,27.87,0.0,0.21,4,เกาะสมุย (Coral Cove)
2025-12-22T12:00:00Z,9.475,100.075,27.78,0.0,0.12,4,เกาะสมุย (Coral Cove)
2025-12-23T12:00:00Z,9.475,100.075,28.23,0.0,0.5700000000000001,4,เกาะสมุย (Coral Cove)
2025-12-24T12:00:00Z,9.475,100.075,28.21,0.0,0.55,4,เกาะสมุย (Coral Cove)
2025-12-25T12:00:00Z,9.475,100.075,28.05,0.0,0.39,4,เกาะสมุย (Coral Cove)
2025-12-26T12:00:00Z,9.475,100.075,28.14,0.0,0.48,4,เกาะสมุย (Coral Cove)
2025-12-27T12:00:00Z,9.475,100.075,27.96,0.0,0.3,4,เกาะสมุย (Coral Cove)
2025-12-28T12:00:00Z,9.475,100.075,28.09,0.0,0.43,4,เกาะสมุย (Coral Cove)
2025-12-29T12:00:00Z,9.475,100.075,28.11,0.0,0.45,4,เกาะสมุย (Coral Cove)
2025-12-30T12:00:00Z,9.475,100.075,28.38,0.0,0.72,4,เกาะสมุย (Coral Cove)
2025-12-31T12:00:00Z,9.475,100.075,28.43,0.0,0.77,4,เกาะสมุย (Coral Cove)
2026-01-01T12:00:00Z,9.475,100.075,28.22,0.0,0.56,4,เกาะสมุย (Coral Cove)
2026-01-02T12:00:00Z,9.475,100.075,28.26,0.0,0.6,4,เกาะสมุย (Coral Cove)
2026-01-03T12:00:00Z,9.475,100.075,28.25,0.0,0.59,4,เกาะสมุย (Coral Cove)
2026-01-03T12:00:00Z,9.475,100.075,28.25,0.0,0.59,4,เกาะสมุย (Coral Cove)
2026-01-04T12:00:00Z,9.475,100.075,27.94,0.0,0.28,4,เกาะสมุย (Coral Cove)
2026-01-05T12:00:00Z,9.475,100.075,27.93,0.0,0.27,4,เกาะสมุย (Coral Cove)
2026-01-06T12:00:00Z,9.475,100.075,28.12,0.0,0.46,4,เกาะสมุย (Coral Cove)
2026-01-07T12:00:00Z,9.475,100.075,28.25,0.0,0.59,4,เกาะสมุย (Coral Cove)
2026-01-08T12:00:00Z,9.475,100.075,27.91,0.0,0.25,4,เกาะสมุย (Coral Cove)
2026-01-09T12:00:00Z,9.475,100.075,27.71,0.0,0.05,4,เกาะสมุย (Coral Cove)
2026-01-10T12:00:00Z,9.475,100.075,27.560000000000002,0.0,-0.1,4,เกาะสมุย (Coral Cove)
2026-01-11T12:00:00Z,9.475,100.075,27.490000000000002,0.0,-0.17,4,เกาะสมุย (Coral Cove)
2026-01-12T12:00:00Z,9.475,100.075,27.38,0.0,-0.28,4,เกาะสมุย (Coral Cove)
2026-01-13T12:00:00Z,9.475,100.075,27.39,0.0,-0.27,4,เกาะสมุย (Coral Cove)
2026-01-14T12:00:00Z,9.475,100.075,27.57,0.0,-0.09,4,เกาะสมุย (Coral Cove)
2026-01-15T12:00:00Z,9.475,100.075,27.51,0.0,-0.15,4,เกาะสมุย (Coral Cove)
2026-01-16T12:00:00Z,9.475,100.075,27.6,0.0,-0.07,4,เกาะสมุย (Coral Cove)
2026-01-17T12:00:00Z,9.475,100.075,27.76,0.0,0.07,4,เกาะสมุย (Coral Cove)
2026-01-18T12:00:00Z,9.475,100.075,27.68,0.0,-0.02,4,เกาะสมุย (Coral Cove)
2026-01-19T12:00:00Z,9.475,100.075,27.93,0.0,0.21,4,เกาะสมุย (Coral Cove)
2026-01-20T12:00:00Z,9.475,100.075,27.92,0.0,0.19,4,เกาะสมุย (Coral Cove)
2026-01-21T12:00:00Z,9.475,100.075,27.78,0.0,0.03,4,เกาะสมุย (Coral Cove)
2026-01-22T12:00:00Z,9.475,100.075,27.77,0.0,0.01,4,เกาะสมุย (Coral Cove)
2026-01-23T12:00:00Z,9.475,100.075,27.71,0.0,-0.06,4,เกาะสมุย (Coral Cove)
2026-01-24T12:00:00Z,9.475,100.075,27.8,0.0,0.01,4,เกาะสมุย (Coral Cove)
2026-01-25T12:00:00Z,9.475,100.075,27.85,0.0,0.05,4,เกาะสมุย (Coral Cove)
2026-01-26T12:00:00Z,9.475,100.075,27.85,0.0,0.03,4,เกาะสมุย (Coral Cove)
2026-01-27T12:00:00Z,9.475,100.075,27.66,0.0,-0.17,4,เกาะสมุย (Coral Cove)
2026-01-28T12:00:00Z,9.475,100.075,27.79,0.0,-0.05,4,เกาะสมุย (Coral Cove)
2026-01-29T12:00:00Z,9.475,100.075,27.830000000000002,0.0,-0.03,4,เกาะสมุย (Coral Cove)
2026-01-30T12:00:00Z,9.475,100.075,27.900000000000002,0.0,0.03,4,เกาะสมุย (Coral Cove)
2026-01-31T12:00:00Z,9.475,100.075,27.88,0.0,-0.01,4,เกาะสมุย (Coral Cove)
2026-02-01T12:00:00Z,9.475,100.075,28.02,0.0,0.12,4,เกาะสมุย (Coral Cove)
2026-02-02T12:00:00Z,9.475,100.075,28.03,0.0,0.11,4,เกาะสมุย (Coral Cove)
2026-02-03T12:00:00Z,9.475,100.075,28.01,0.0,0.08,4,เกาะสมุย (Coral Cove)
2026-02-04T12:00:00Z,9.475,100.075,27.93,0.0,-0.01,4,เกาะสมุย (Coral Cove)
2026-02-05T12:00:00Z,9.475,100.075,28.1,0.0,0.14,4,เกาะสมุย (Coral Cove)
2026-02-06T12:00:00Z,9.475,100.075,28.36,0.0,0.39,4,เกาะสมุย (Coral Cove)
2026-02-07T12:00:00Z,9.475,100.075,28.17,0.0,0.18,4,เกาะสมุย (Coral Cove)
2026-02-08T12:00:00Z,9.475,100.075,28.05,0.0,0.05,4,เกาะสมุย (Coral Cove)
2026-02-09T12:00:00Z,9.475,100.075,27.990000000000002,0.0,-0.02,4,เกาะสมุย (Coral Cove)
2026-02-10T12:00:00Z,9.475,100.075,28.07,0.0,0.04,4,เกาะสมุย (Coral Cove)
2026-02-11T12:00:00Z,9.475,100.075,28.04,0.0,0.0,4,เกาะสมุย (Coral Cove)
2026-02-12T12:00:00Z,9.475,100.075,28.17,0.0,0.11,4,เกาะสมุย (Coral Cove)
2026-02-13T12:00:00Z,9.475,100.075,28.14,0.0,0.07,4,เกาะสมุย (Coral Cove)
2026-02-14T12:00:00Z,9.475,100.075,28.240000000000002,0.0,0.15,4,เกาะสมุย (Coral Cove)
2026-02-15T12:00:00Z,9.475,100.075,28.3,0.0,0.2,4,เกาะสมุย (Coral Cove)
2026-02-16T12:00:00Z,9.475,100.075,28.39,0.0,0.26,4,เกาะสมุย (Coral Cove)
2026-02-17T12:00:00Z,9.475,100.075,28.330000000000002,0.0,0.17,4,เกาะสมุย (Coral Cove)
2026-02-18T12:00:00Z,9.475,100.075,28.39,0.0,0.2,4,เกาะสมุย (Coral Cove)
2026-02-19T12:00:00Z,9.475,100.075,28.12,0.0,-0.1,4,เกาะสมุย (Coral Cove)
2026-02-20T12:00:00Z,9.475,100.075,28.07,0.0,-0.17,4,เกาะสมุย (Coral Cove)
2026-02-21T12:00:00Z,9.475,100.075,28.22,0.0,-0.05,4,เกาะสมุย (Coral Cove)
2026-02-22T12:00:00Z,9.475,100.075,28.3,0.0,0.0,4,เกาะสมุย (Coral Cove)
2026-02-23T12:00:00Z,9.475,100.075,28.19,0.0,-0.14,4,เกาะสมุย (Coral Cove)
2026-02-24T12:00:00Z,9.475,100.075,28.47,0.0,0.11,4,เกาะสมุย (Coral Cove)
2026-02-25T12:00:00Z,9.475,100.075,28.64,0.0,0.25,4,เกาะสมุย (Coral Cove)
2026-02-26T12:00:00Z,9.475,100.075,28.66,0.0,0.24,4,เกาะสมุย (Coral Cove)
2026-02-27T12:00:00Z,9.475,100.075,28.78,0.0,0.33,4,เกาะสมุย (Coral Cove)
2026-02-28T12:00:00Z,9.475,100.075,29.19,0.0,0.71,4,เกาะสมุย (Coral Cove)
2026-03-01T12:00:00Z,9.475,100.075,29.19,0.0,0.6900000000000001,4,เกาะสมุย (Coral Cove)
2026-03-02T12:00:00Z,9.475,100.075,29.34,0.0,0.81,4,เกาะสมุย (Coral Cove)
2026-03-03T12:00:00Z,9.475,100.075,29.39,0.0,0.8300000000000001,4,เกาะสมุย (Coral Cove)
2026-03-04T12:00:00Z,9.475,100.075,29.39,0.0,0.8,4,เกาะสมุย (Coral Cove)
2026-03-05T12:00:00Z,9.475,100.075,29.490000000000002,0.0,0.87,4,เกาะสมุย (Coral Cove)
2026-03-06T12:00:00Z,9.475,100.075,29.29,0.0,0.64,4,เกาะสมุย (Coral Cove)
2026-03-07T12:00:00Z,9.475,100.075,29.330000000000002,0.0,0.65,4,เกาะสมุย (Coral Cove)
2026-03-08T12:00:00Z,9.475,100.075,29.07,0.0,0.36,4,เกาะสมุย (Coral Cove)
2026-03-09T12:00:00Z,9.475,100.075,28.990000000000002,0.0,0.25,4,เกาะสมุย (Coral Cove)
2026-03-10T12:00:00Z,9.475,100.075,28.96,0.0,0.19,4,เกาะสมุย (Coral Cove)
2026-03-11T12:00:00Z,9.475,100.075,28.88,0.0,0.09,4,เกาะสมุย (Coral Cove)
2026-03-12T12:00:00Z,9.475,100.075,28.93,0.0,0.11,4,เกาะสมุย (Coral Cove)
2026-03-13T12:00:00Z,9.475,100.075,28.68,0.0,-0.17,4,เกาะสมุย (Coral Cove)
2026-03-14T12:00:00Z,9.475,100.075,28.63,0.0,-0.25,4,เกาะสมุย (Coral Cove)
2026-03-15T12:00:00Z,9.475,100.075,28.62,0.0,-0.29,4,เกาะสมุย (Coral Cove)
2026-03-16T12:00:00Z,9.475,100.075,28.740000000000002,0.0,-0.2,4,เกาะสมุย (Coral Cove)
2026-03-17T12:00:00Z,9.475,100.075,28.76,0.0,-0.22,4,เกาะสมุย (Coral Cove)
2026-03-18T12:00:00Z,9.475,100.075,28.92,0.0,-0.09,4,เกาะสมุย (Coral Cove)
2026-03-19T12:00:00Z,9.475,100.075,29.02,0.0,-0.02,4,เกาะสมุย (Coral Cove)
2026-03-20T12:00:00Z,9.475,100.075,29.07,0.0,0.0,4,เกาะสมุย (Coral Cove)
2026-03-21T12:00:00Z,9.475,100.075,28.86,0.0,-0.25,4,เกาะสมุย (Coral Cove)
2026-03-22T12:00:00Z,9.475,100.075,28.95,0.0,-0.19,4,เกาะสมุย (Coral Cove)
2026-03-23T12:00:00Z,9.475,100.075,29.0,0.0,-0.17,4,เกาะสมุย (Coral Cove)
2026-03-24T12:00:00Z,9.475,100.075,29.22,0.0,0.01,4,เกาะสมุย (Coral Cove)
2026-03-25T12:00:00Z,9.475,100.075,29.21,0.0,-0.03,4,เกาะสมุย (Coral Cove)
2026-03-26T12:00:00Z,9.475,100.075,29.13,0.0,-0.14,4,เกาะสมุย (Coral Cove)
2026-03-27T12:00:00Z,9.475,100.075,29.46,0.0,0.16,4,เกาะสมุย (Coral Cove)
2026-03-28T12:00:00Z,9.475,100.075,29.42,0.0,0.08,4,เกาะสมุย (Coral Cove)
2026-03-29T12:00:00Z,9.475,100.075,29.42,0.0,0.05,4,เกาะสมุย (Coral Cove)
2026-03-30T12:00:00Z,9.475,100.075,29.35,0.0,-0.05,4,เกาะสมุย (Coral Cove)
2026-03-31T12:00:00Z,9.475,100.075,29.21,0.0,-0.23,4,เกาะสมุย (Coral Cove)
2026-04-01T12:00:00Z,9.475,100.075,29.61,0.0,0.14,4,เกาะสมุย (Coral Cove)
2026-04-02T12:00:00Z,9.475,100.075,29.8,0.0,0.3,4,เกาะสมุย (Coral Cove)
2026-04-03T12:00:00Z,9.475,100.075,29.78,0.0,0.24,4,เกาะสมุย (Coral Cove)
2026-04-03T12:00:00Z,9.475,100.075,29.78,0.0,0.24,4,เกาะสมุย (Coral Cove)
2026-04-04T12:00:00Z,9.475,100.075,29.86,0.0,0.29,4,เกาะสมุย (Coral Cove)
2026-04-05T12:00:00Z,9.475,100.075,29.98,0.0,0.38,4,เกาะสมุย (Coral Cove)
2026-04-06T12:00:00Z,9.475,100.075,29.98,0.0,0.35000000000000003,4,เกาะสมุย (Coral Cove)
2026-04-07T12:00:00Z,9.475,100.075,30.1,0.0,0.43,4,เกาะสมุย (Coral Cove)
2026-04-08T12:00:00Z,9.475,100.075,30.29,0.0,0.59,4,เกาะสมุย (Coral Cove)
2026-04-09T12:00:00Z,9.475,100.075,30.22,0.0,0.49,4,เกาะสมุย (Coral Cove)
2026-04-10T12:00:00Z,9.475,100.075,30.37,0.0,0.6,4,เกาะสมุย (Coral Cove)
2026-04-11T12:00:00Z,9.475,100.075,30.34,0.0,0.54,4,เกาะสมุย (Coral Cove)
2026-04-12T12:00:00Z,9.475,100.075,30.41,0.0,0.58,4,เกาะสมุย (Coral Cove)
2026-04-13T12:00:00Z,9.475,100.075,30.490000000000002,0.0,0.63,4,เกาะสมุย (Coral Cove)
2026-04-14T12:00:00Z,9.475,100.075,30.77,0.0,0.87,4,เกาะสมุย (Coral Cove)
2026-04-15T12:00:00Z,9.475,100.075,30.79,0.0,0.86,4,เกาะสมุย (Coral Cove)
2026-04-16T12:00:00Z,9.475,100.075,30.68,0.0,0.74,4,เกาะสมุย (Coral Cove)
2026-04-17T12:00:00Z,9.475,100.075,30.95,0.0,1.0,4,เกาะสมุย (Coral Cove)
2026-04-18T12:00:00Z,9.475,100.075,30.98,0.0,1.03,4,เกาะสมุย (Coral Cove)
2026-04-19T12:00:00Z,9.475,100.075,30.95,0.0,0.99,4,เกาะสมุย (Coral Cove)
2026-04-20T12:00:00Z,9.475,100.075,30.8,0.0,0.8300000000000001,4,เกาะสมุย (Coral Cove)
2026-04-21T12:00:00Z,9.475,100.075,30.47,0.0,0.49,4,เกาะสมุย (Coral Cove)
2026-04-22T12:00:00Z,9.475,100.075,30.48,0.0,0.49,4,เกาะสมุย (Coral Cove)
2026-04-23T12:00:00Z,9.475,100.075,30.580000000000002,0.0,0.58,4,เกาะสมุย (Coral Cove)
2026-04-24T12:00:00Z,9.475,100.075,30.43,0.0,0.43,4,เกาะสมุย (Coral Cove)
2026-04-26T12:00:00Z,9.475,100.075,30.44,0.0,0.42,4,เกาะสมุย (Coral Cove)
2026-04-27T12:00:00Z,9.475,100.075,30.62,0.0,0.59,4,เกาะสมุย (Coral Cove)
2026-04-28T12:00:00Z,9.475,100.075,30.38,0.0,0.34,4,เกาะสมุย (Coral Cove)
2026-04-29T12:00:00Z,9.475,100.075,30.560000000000002,0.0,0.51,4,เกาะสมุย (Coral Cove)
2026-04-30T12:00:00Z,9.475,100.075,30.900000000000002,0.0,0.85,4,เกาะสมุย (Coral Cove)
2026-05-01T12:00:00Z,9.475,100.075,30.76,0.0,0.7000000000000001,4,เกาะสมุย (Coral Cove)
2026-05-02T12:00:00Z,9.475,100.075,30.72,0.0,0.65,4,เกาะสมุย (Coral Cove)
2026-05-03T12:00:00Z,9.475,100.075,30.6,0.0,0.52,4,เกาะสมุย (Coral Cove)
2026-05-04T12:00:00Z,9.475,100.075,30.68,0.0,0.59,4,เกาะสมุย (Coral Cove)
2026-05-05T12:00:00Z,9.475,100.075,30.810000000000002,0.0,0.71,4,เกาะสมุย (Coral Cove)
2026-05-06T12:00:00Z,9.475,100.075,30.75,0.0,0.65,4,เกาะสมุย (Coral Cove)
2026-05-07T12:00:00Z,9.475,100.075,30.53,0.0,0.42,4,เกาะสมุย (Coral Cove)
2026-05-08T12:00:00Z,9.475,100.075,30.560000000000002,0.0,0.44,4,เกาะสมุย (Coral Cove)
2026-05-09T12:00:00Z,9.475,100.075,30.66,0.0,0.53,4,เกาะสมุย (Coral Cove)
2026-05-10T12:00:00Z,9.475,100.075,30.52,0.0,0.38,4,เกาะสมุย (Coral Cove)
2026-05-11T12:00:00Z,9.475,100.075,30.5,0.0,0.35000000000000003,4,เกาะสมุย (Coral Cove)
2026-05-12T12:00:00Z,9.475,100.075,30.36,0.0,0.21,4,เกาะสมุย (Coral Cove)
2026-05-13T12:00:00Z,9.475,100.075,30.7,0.0,0.54,4,เกาะสมุย (Coral Cove)
2026-05-14T12:00:00Z,9.475,100.075,30.86,0.0,0.6900000000000001,4,เกาะสมุย (Coral Cove)
2026-05-15T12:00:00Z,9.475,100.075,30.64,0.0,0.46,4,เกาะสมุย (Coral Cove)
2026-05-16T12:00:00Z,9.475,100.075,30.63,0.0,0.46,4,เกาะสมุย (Coral Cove)
2026-05-17T12:00:00Z,9.475,100.075,30.400000000000002,0.0,0.24,4,เกาะสมุย (Coral Cove)
2026-05-18T12:00:00Z,9.475,100.075,30.45,0.0,0.3,4,เกาะสมุย (Coral Cove)
2026-05-19T12:00:00Z,9.475,100.075,30.150000000000002,0.0,0.0,4,เกาะสมุย (Coral Cove)
2026-05-20T12:00:00Z,9.475,100.075,30.46,0.0,0.32,4,เกาะสมุย (Coral Cove)
2026-05-21T12:00:00Z,9.475,100.075,30.42,0.0,0.29,4,เกาะสมุย (Coral Cove)
2026-05-22T12:00:00Z,9.475,100.075,30.27,0.0,0.15,4,เกาะสมุย (Coral Cove)
2026-05-23T12:00:00Z,9.475,100.075,29.78,0.0,-0.33,4,เกาะสมุย (Coral Cove)
2026-05-24T12:00:00Z,9.475,100.075,29.88,0.0,-0.22,4,เกาะสมุย (Coral Cove)
2026-05-25T12:00:00Z,9.475,100.075,30.5,0.0,0.41000000000000003,4,เกาะสมุย (Coral Cove)
2026-05-26T12:00:00Z,9.475,100.075,30.650000000000002,0.0,0.5700000000000001,4,เกาะสมุย (Coral Cove)
2026-05-27T12:00:00Z,9.475,100.075,30.8,0.0,0.72,4,เกาะสมุย (Coral Cove)
2026-05-28T12:00:00Z,9.475,100.075,30.7,0.0,0.63,4,เกาะสมุย (Coral Cove)
2026-05-29T12:00:00Z,9.475,100.075,30.89,0.0,0.8300000000000001,4,เกาะสมุย (Coral Cove)
2026-05-30T12:00:00Z,9.475,100.075,30.650000000000002,0.0,0.6,4,เกาะสมุย (Coral Cove)
2026-05-31T12:00:00Z,9.475,100.075,30.41,0.0,0.37,4,เกาะสมุย (Coral Cove)
2026-06-01T12:00:00Z,9.475,100.075,30.62,0.0,0.59,4,เกาะสมุย (Coral Cove)
2026-06-02T12:00:00Z,9.475,100.075,30.72,0.0,0.7000000000000001,4,เกาะสมุย (Coral Cove)
2026-06-03T12:00:00Z,9.475,100.075,30.46,0.0,0.45,4,เกาะสมุย (Coral Cove)
2026-06-04T12:00:00Z,9.475,100.075,30.17,0.0,0.16,4,เกาะสมุย (Coral Cove)
2026-06-05T12:00:00Z,9.475,100.075,30.32,0.0,0.32,4,เกาะสมุย (Coral Cove)
2026-06-06T12:00:00Z,9.475,100.075,30.51,0.0,0.52,4,เกาะสมุย (Coral Cove)
2026-06-07T12:00:00Z,9.475,100.075,30.44,0.0,0.46,4,เกาะสมุย (Coral Cove)
2026-06-08T12:00:00Z,9.475,100.075,30.41,0.0,0.44,4,เกาะสมุย (Coral Cove)
2026-06-09T12:00:00Z,9.475,100.075,30.09,0.0,0.13,4,เกาะสมุย (Coral Cove)
2026-06-10T12:00:00Z,9.475,100.075,29.830000000000002,0.0,-0.12,4,เกาะสมุย (Coral Cove)
2026-06-11T12:00:00Z,9.475,100.075,29.740000000000002,0.0,-0.2,4,เกาะสมุย (Coral Cove)
2026-06-12T12:00:00Z,9.475,100.075,30.55,0.0,0.61,4,เกาะสมุย (Coral Cove)
2026-06-13T12:00:00Z,9.475,100.075,30.79,0.0,0.86,4,เกาะสมุย (Coral Cove)
2026-06-14T12:00:00Z,9.475,100.075,30.67,0.0,0.75,4,เกาะสมุย (Coral Cove)
2026-06-15T12:00:00Z,9.475,100.075,30.68,0.0,0.77,4,เกาะสมุย (Coral Cove)
2026-06-16T12:00:00Z,9.475,100.075,30.64,0.0,0.75,4,เกาะสมุย (Coral Cove)
2026-06-17T12:00:00Z,9.475,100.075,30.41,0.0,0.53,4,เกาะสมุย (Coral Cove)
2026-06-18T12:00:00Z,9.475,100.075,30.43,0.0,0.5700000000000001,4,เกาะสมุย (Coral Cove)
2026-06-19T12:00:00Z,9.475,100.075,30.54,0.0,0.7000000000000001,4,เกาะสมุย (Coral Cove)
2026-06-20T12:00:00Z,9.475,100.075,30.82,0.0,1.0,4,เกาะสมุย (Coral Cove)
2026-06-21T12:00:00Z,9.475,100.075,30.82,0.0,1.01,4,เกาะสมุย (Coral Cove)
2026-06-22T12:00:00Z,9.475,100.075,30.93,0.0,1.1400000000000001,4,เกาะสมุย (Coral Cove)
2026-06-23T12:00:00Z,9.475,100.075,30.970000000000002,0.0,1.2,4,เกาะสมุย (Coral Cove)
2026-06-24T12:00:00Z,9.475,100.075,30.98,0.0,1.23,4,เกาะสมุย (Coral Cove)
2026-06-25T12:00:00Z,9.475,100.075,30.580000000000002,0.0,0.84,4,เกาะสมุย (Coral Cove)
2026-06-26T12:00:00Z,9.475,100.075,30.85,0.0,1.1300000000000001,4,เกาะสมุย (Coral Cove)
2026-06-27T12:00:00Z,9.475,100.075,30.86,0.0,1.16,4,เกาะสมุย (Coral Cove)
2026-06-28T12:00:00Z,9.475,100.075,30.48,0.0,0.8,4,เกาะสมุย (Coral Cove)
2026-06-29T12:00:00Z,9.475,100.075,30.080000000000002,0.0,0.41000000000000003,4,เกาะสมุย (Coral Cove)
2026-06-30T12:00:00Z,9.475,100.075,30.07,0.0,0.42,4,เกาะสมุย (Coral Cove)
2026-07-01T12:00:00Z,9.475,100.075,30.37,0.0,0.74,4,เกาะสมุย (Coral Cove)
2026-07-02T12:00:00Z,9.475,100.075,30.650000000000002,0.0,1.03,4,เกาะสมุย (Coral Cove)
2026-07-02T12:00:00Z,9.475,100.075,30.650000000000002,0.0,1.03,4,เกาะสมุย (Coral Cove)
2026-07-03T12:00:00Z,9.475,100.075,30.310000000000002,0.0,0.71,4,เกาะสมุย (Coral Cove)
2026-07-04T12:00:00Z,9.475,100.075,30.3,0.0,0.72,4,เกาะสมุย (Coral Cove)
2026-07-05T12:00:00Z,9.475,100.075,30.34,0.0,0.78,4,เกาะสมุย (Coral Cove)
2026-07-06T12:00:00Z,9.475,100.075,30.32,0.0,0.77,4,เกาะสมุย (Coral Cove)
2026-07-07T12:00:00Z,9.475,100.075,30.3,0.0,0.77,4,เกาะสมุย (Coral Cove)
2026-07-08T12:00:00Z,9.475,100.075,30.52,0.0,1.01,4,เกาะสมุย (Coral Cove)
2026-07-09T12:00:00Z,9.475,100.075,30.6,0.0,1.11,4,เกาะสมุย (Coral Cove)
2026-07-10T12:00:00Z,9.475,100.075,30.54,0.0,1.06,4,เกาะสมุย (Coral Cove)
2026-07-11T12:00:00Z,9.475,100.075,30.63,0.0,1.17,4,เกาะสมุย (Coral Cove)
2026-07-12T12:00:00Z,9.475,100.075,30.330000000000002,0.0,0.89,4,เกาะสมุย (Coral Cove)
2024-07-12T12:00:00Z,12.125,102.275,29.79,10.370000000000001,0.92,5,เกาะช้าง
2024-07-13T12:00:00Z,12.125,102.275,29.740000000000002,10.120000000000001,0.89,5,เกาะช้าง
2024-07-14T12:00:00Z,12.125,102.275,29.740000000000002,9.83,0.91,5,เกาะช้าง
2024-07-15T12:00:00Z,12.125,102.275,29.69,9.57,0.88,5,เกาะช้าง
2024-07-16T12:00:00Z,12.125,102.275,29.77,9.32,0.96,5,เกาะช้าง
2024-07-17T12:00:00Z,12.125,102.275,29.67,9.09,0.87,5,เกาะช้าง
2024-07-18T12:00:00Z,12.125,102.275,29.64,8.82,0.84,5,เกาะช้าง
2024-07-19T12:00:00Z,12.125,102.275,29.63,8.540000000000001,0.84,5,เกาะช้าง
2024-07-20T12:00:00Z,12.125,102.275,29.53,8.26,0.74,5,เกาะช้าง
2024-07-21T12:00:00Z,12.125,102.275,29.41,7.98,0.63,5,เกาะช้าง
2024-07-22T12:00:00Z,12.125,102.275,29.34,7.67,0.56,5,เกาะช้าง
2024-07-23T12:00:00Z,12.125,102.275,29.22,7.34,0.45,5,เกาะช้าง
2024-07-24T12:00:00Z,12.125,102.275,29.13,6.99,0.36,5,เกาะช้าง
2024-07-26T12:00:00Z,12.125,102.275,28.95,6.36,0.19,5,เกาะช้าง
2024-07-27T12:00:00Z,12.125,102.275,28.97,6.05,0.22,5,เกาะช้าง
2024-07-28T12:00:00Z,12.125,102.275,29.02,5.72,0.27,5,เกาะช้าง
2024-07-29T12:00:00Z,12.125,102.275,29.04,5.44,0.3,5,เกาะช้าง
2024-07-30T12:00:00Z,12.125,102.275,29.19,5.19,0.45,5,เกาะช้าง
2024-07-31T12:00:00Z,12.125,102.275,29.16,4.98,0.43,5,เกาะช้าง
2024-08-01T12:00:00Z,12.125,102.275,29.07,4.73,0.34,5,เกาะช้าง
2024-08-02T12:00:00Z,12.125,102.275,29.5,4.5200000000000005,0.78,5,เกาะช้าง
2024-08-03T12:00:00Z,12.125,102.275,29.27,4.3,0.55,5,เกาะช้าง
2024-08-04T12:00:00Z,12.125,102.275,29.21,4.04,0.5,5,เกาะช้าง
2024-08-05T12:00:00Z,12.125,102.275,29.71,3.8200000000000003,1.0,5,เกาะช้าง
2024-08-06T12:00:00Z,12.125,102.275,29.400000000000002,3.5700000000000003,0.7000000000000001,5,เกาะช้าง
2024-08-07T12:00:00Z,12.125,102.275,29.36,3.34,0.66,5,เกาะช้าง
2024-08-08T12:00:00Z,12.125,102.275,29.310000000000002,3.11,0.62,5,เกาะช้าง
2024-08-09T12:00:00Z,12.125,102.275,29.55,2.92,0.86,5,เกาะช้าง
2024-08-10T12:00:00Z,12.125,102.275,29.94,2.63,1.26,5,เกาะช้าง
2024-08-11T12:00:00Z,12.125,102.275,29.990000000000002,2.39,1.31,5,เกาะช้าง
2024-08-12T12:00:00Z,12.125,102.275,29.810000000000002,2.14,1.1400000000000001,5,เกาะช้าง
2024-08-13T12:00:00Z,12.125,102.275,29.95,1.96,1.28,5,เกาะช้าง
2024-08-14T12:00:00Z,12.125,102.275,29.85,1.71,1.19,5,เกาะช้าง
2024-08-15T12:00:00Z,12.125,102.275,30.03,1.54,1.37,5,เกาะช้าง
2024-08-16T12:00:00Z,12.125,102.275,29.900000000000002,1.34,1.25,5,เกาะช้าง
2024-08-17T12:00:00Z,12.125,102.275,29.69,1.19,1.05,5,เกาะช้าง
2024-08-18T12:00:00Z,12.125,102.275,30.25,1.0,1.62,5,เกาะช้าง
2024-08-19T12:00:00Z,12.125,102.275,30.57,0.76,1.95,5,เกาะช้าง
2024-08-20T12:00:00Z,12.125,102.275,30.68,0.54,2.07,5,เกาะช้าง
2024-08-21T12:00:00Z,12.125,102.275,30.52,0.34,1.92,5,เกาะช้าง
2024-08-22T12:00:00Z,12.125,102.275,30.45,0.17,1.86,5,เกาะช้าง
2024-08-23T12:00:00Z,12.125,102.275,30.21,0.17,1.6300000000000001,5,เกาะช้าง
2024-08-24T12:00:00Z,12.125,102.275,30.39,0.17,1.82,5,เกาะช้าง
2024-08-25T12:00:00Z,12.125,102.275,30.13,0.17,1.57,5,เกาะช้าง
2024-08-26T12:00:00Z,12.125,102.275,30.18,0.17,1.6300000000000001,5,เกาะช้าง
2024-08-27T12:00:00Z,12.125,102.275,30.47,0.0,1.93,5,เกาะช้าง
2024-08-28T12:00:00Z,12.125,102.275,30.36,0.0,1.83,5,เกาะช้าง
2024-08-29T12:00:00Z,12.125,102.275,30.36,0.0,1.84,5,เกาะช้าง
2024-08-30T12:00:00Z,12.125,102.275,30.240000000000002,0.0,1.73,5,เกาะช้าง
2024-08-31T12:00:00Z,12.125,102.275,30.17,0.0,1.68,5,เกาะช้าง
2024-09-01T12:00:00Z,12.125,102.275,30.0,0.0,1.52,5,เกาะช้าง
2024-09-02T12:00:00Z,12.125,102.275,29.85,0.0,1.3800000000000001,5,เกาะช้าง
2024-09-03T12:00:00Z,12.125,102.275,29.98,0.0,1.52,5,เกาะช้าง
2024-09-04T12:00:00Z,12.125,102.275,29.560000000000002,0.0,1.11,5,เกาะช้าง
2024-09-05T12:00:00Z,12.125,102.275,30.1,0.0,1.6600000000000001,5,เกาะช้าง
2024-09-06T12:00:00Z,12.125,102.275,29.48,0.0,1.05,5,เกาะช้าง
2024-09-07T12:00:00Z,12.125,102.275,29.36,0.0,0.9400000000000001,5,เกาะช้าง
2024-09-08T12:00:00Z,12.125,102.275,29.240000000000002,0.0,0.8300000000000001,5,เกาะช้าง
2024-09-09T12:00:00Z,12.125,102.275,29.2,0.0,0.8,5,เกาะช้าง
2024-09-10T12:00:00Z,12.125,102.275,29.150000000000002,0.0,0.76,5,เกาะช้าง
2024-09-11T12:00:00Z,12.125,102.275,29.07,0.0,0.6900000000000001,5,เกาะช้าง
2024-09-12T12:00:00Z,12.125,102.275,29.19,0.0,0.8200000000000001,5,เกาะช้าง
2024-09-13T12:00:00Z,12.125,102.275,29.5,0.0,1.1400000000000001,5,เกาะช้าง
2024-09-14T12:00:00Z,12.125,102.275,29.71,0.0,1.36,5,เกาะช้าง
2024-09-15T12:00:00Z,12.125,102.275,29.2,0.0,0.86,5,เกาะช้าง
2024-09-16T12:00:00Z,12.125,102.275,29.41,0.0,1.05,5,เกาะช้าง
2024-09-17T12:00:00Z,12.125,102.275,29.310000000000002,0.0,0.92,5,เกาะช้าง
2024-09-18T12:00:00Z,12.125,102.275,29.22,0.0,0.81,5,เกาะช้าง
2024-09-19T12:00:00Z,12.125,102.275,29.05,0.0,0.61,5,เกาะช้าง
2024-09-20T12:00:00Z,12.125,102.275,29.19,0.0,0.73,5,เกาะช้าง
2024-09-21T12:00:00Z,12.125,102.275,29.03,0.0,0.55,5,เกาะช้าง
2024-09-22T12:00:00Z,12.125,102.275,28.97,0.0,0.46,5,เกาะช้าง
2024-09-23T12:00:00Z,12.125,102.275,29.19,0.0,0.66,5,เกาะช้าง
2024-09-24T12:00:00Z,12.125,102.275,29.0,0.0,0.44,5,เกาะช้าง
2024-09-25T12:00:00Z,12.125,102.275,29.51,0.0,0.93,5,เกาะช้าง
2024-09-26T12:00:00Z,12.125,102.275,29.07,0.0,0.47000000000000003,5,เกาะช้าง
2024-09-27T12:00:00Z,12.125,102.275,29.78,0.0,1.1500000000000001,5,เกาะช้าง
2024-09-28T12:00:00Z,12.125,102.275,30.21,0.0,1.56,5,เกาะช้าง
2024-09-29T12:00:00Z,12.125,102.275,30.28,0.0,1.6,5,เกาะช้าง
2024-09-30T12:00:00Z,12.125,102.275,30.240000000000002,0.0,1.54,5,เกาะช้าง
2024-10-01T12:00:00Z,12.125,102.275,30.14,0.0,1.42,5,เกาะช้าง
2024-10-02T12:00:00Z,12.125,102.275,30.04,0.0,1.29,5,เกาะช้าง
2024-10-03T12:00:00Z,12.125,102.275,30.01,0.0,1.24,5,เกาะช้าง
2024-10-04T12:00:00Z,12.125,102.275,29.75,0.0,0.9500000000000001,5,เกาะช้าง
2024-10-05T12:00:00Z,12.125,102.275,30.17,0.0,1.35,5,เกาะช้าง
2024-10-06T12:00:00Z,12.125,102.275,29.77,0.0,0.93,5,เกาะช้าง
2024-10-07T12:00:00Z,12.125,102.275,29.85,0.0,0.98,5,เกาะช้าง
2024-10-08T12:00:00Z,12.125,102.275,29.560000000000002,0.0,0.67,5,เกาะช้าง
2024-10-09T12:00:00Z,12.125,102.275,29.69,0.0,0.77,5,เกาะช้าง
2024-10-10T12:00:00Z,12.125,102.275,30.2,0.0,1.26,5,เกาะช้าง
2024-10-10T12:00:00Z,12.125,102.275,30.2,0.0,1.26,5,เกาะช้าง
2024-10-11T12:00:00Z,12.125,102.275,30.21,0.0,1.25,5,เกาะช้าง
2024-10-12T12:00:00Z,12.125,102.275,30.21,0.0,1.22,5,เกาะช้าง
2024-10-13T12:00:00Z,12.125,102.275,30.36,0.0,1.35,5,เกาะช้าง
2024-10-14T12:00:00Z,12.125,102.275,30.23,0.0,1.19,5,เกาะช้าง
2024-10-15T12:00:00Z,12.125,102.275,30.39,0.0,1.33,5,เกาะช้าง
2024-10-16T12:00:00Z,12.125,102.275,30.13,0.0,1.08,5,เกาะช้าง
2024-10-17T12:00:00Z,12.125,102.275,30.1,0.0,1.06,5,เกาะช้าง
2024-10-18T12:00:00Z,12.125,102.275,30.01,0.0,0.98,5,เกาะช้าง
2024-10-19T12:00:00Z,12.125,102.275,30.0,0.0,0.98,5,เกาะช้าง
2024-10-20T12:00:00Z,12.125,102.275,29.98,0.0,0.97,5,เกาะช้าง
2024-10-21T12:00:00Z,12.125,102.275,30.11,0.0,1.11,5,เกาะช้าง
2024-10-22T12:00:00Z,12.125,102.275,30.05,0.0,1.06,5,เกาะช้าง
2024-10-23T12:00:00Z,12.125,102.275,30.41,0.0,1.43,5,เกาะช้าง
2024-10-24T12:00:00Z,12.125,102.275,30.67,0.0,1.7,5,เกาะช้าง
2024-10-25T12:00:00Z,12.125,102.275,30.970000000000002,0.0,2.0100000000000002,5,เกาะช้าง
2024-10-26T12:00:00Z,12.125,102.275,30.62,0.0,1.67,5,เกาะช้าง
2024-10-27T12:00:00Z,12.125,102.275,30.32,0.0,1.3800000000000001,5,เกาะช้าง
2024-10-28T12:00:00Z,12.125,102.275,30.35,0.0,1.42,5,เกาะช้าง
2024-10-29T12:00:00Z,12.125,102.275,30.5,0.0,1.58,5,เกาะช้าง
2024-10-30T12:00:00Z,12.125,102.275,30.43,0.0,1.52,5,เกาะช้าง
2024-10-31T12:00:00Z,12.125,102.275,30.57,0.0,1.67,5,เกาะช้าง
2024-11-01T12:00:00Z,12.125,102.275,30.69,0.0,1.8,5,เกาะช้าง
2024-11-02T12:00:00Z,12.125,102.275,30.55,0.0,1.67,5,เกาะช้าง
2024-11-03T12:00:00Z,12.125,102.275,30.63,0.0,1.76,5,เกาะช้าง
2024-11-04T12:00:00Z,12.125,102.275,30.48,0.0,1.62,5,เกาะช้าง
2024-11-05T12:00:00Z,12.125,102.275,30.55,0.0,1.7,5,เกาะช้าง
2024-11-06T12:00:00Z,12.125,102.275,30.560000000000002,0.0,1.72,5,เกาะช้าง
2024-11-07T12:00:00Z,12.125,102.275,30.39,0.0,1.56,5,เกาะช้าง
2024-11-08T12:00:00Z,12.125,102.275,30.26,0.0,1.44,5,เกาะช้าง
2024-11-09T12:00:00Z,12.125,102.275,30.310000000000002,0.0,1.5,5,เกาะช้าง
2024-11-10T12:00:00Z,12.125,102.275,30.18,0.0,1.3800000000000001,5,เกาะช้าง
2024-11-11T12:00:00Z,12.125,102.275,30.29,0.0,1.5,5,เกาะช้าง
2024-11-12T12:00:00Z,12.125,102.275,30.12,0.0,1.34,5,เกาะช้าง
2024-11-13T12:00:00Z,12.125,102.275,30.14,0.0,1.37,5,เกาะช้าง
2024-11-14T12:00:00Z,12.125,102.275,30.080000000000002,0.0,1.32,5,เกาะช้าง
2024-11-15T12:00:00Z,12.125,102.275,30.330000000000002,0.0,1.58,5,เกาะช้าง
2024-11-16T12:00:00Z,12.125,102.275,30.490000000000002,0.0,1.76,5,เกาะช้าง
2024-11-17T12:00:00Z,12.125,102.275,30.34,0.0,1.6400000000000001,5,เกาะช้าง
2024-11-18T12:00:00Z,12.125,102.275,30.63,0.0,1.95,5,เกาะช้าง
2024-11-19T12:00:00Z,12.125,102.275,30.22,0.0,1.56,5,เกาะช้าง
2024-11-20T12:00:00Z,12.125,102.275,30.13,0.0,1.49,5,เกาะช้าง
2024-11-21T12:00:00Z,12.125,102.275,30.27,0.0,1.6600000000000001,5,เกาะช้าง
2024-11-22T12:00:00Z,12.125,102.275,30.3,0.0,1.71,5,เกาะช้าง
2024-11-23T12:00:00Z,12.125,102.275,30.22,0.0,1.6500000000000001,5,เกาะช้าง
2024-11-24T12:00:00Z,12.125,102.275,29.810000000000002,0.0,1.27,5,เกาะช้าง
2024-11-25T12:00:00Z,12.125,102.275,29.75,0.0,1.23,5,เกาะช้าง
2024-11-26T12:00:00Z,12.125,102.275,30.04,0.0,1.54,5,เกาะช้าง
2024-11-27T12:00:00Z,12.125,102.275,30.03,0.0,1.56,5,เกาะช้าง
2024-11-28T12:00:00Z,12.125,102.275,29.810000000000002,0.0,1.36,5,เกาะช้าง
2024-11-29T12:00:00Z,12.125,102.275,29.63,0.0,1.2,5,เกาะช้าง
2024-11-30T12:00:00Z,12.125,102.275,29.32,0.0,0.92,5,เกาะช้าง
2024-12-01T12:00:00Z,12.125,102.275,29.240000000000002,0.0,0.86,5,เกาะช้าง
2024-12-02T12:00:00Z,12.125,102.275,29.02,0.0,0.66,5,เกาะช้าง
2024-12-03T12:00:00Z,12.125,102.275,29.22,0.0,0.88,5,เกาะช้าง
2024-12-04T12:00:00Z,12.125,102.275,29.02,0.0,0.71,5,เกาะช้าง
2024-12-05T12:00:00Z,12.125,102.275,29.07,0.0,0.78,5,เกาะช้าง
2024-12-06T12:00:00Z,12.125,102.275,29.16,0.0,0.89,5,เกาะช้าง
2024-12-07T12:00:00Z,12.125,102.275,29.11,0.0,0.87,5,เกาะช้าง
2024-12-08T12:00:00Z,12.125,102.275,29.240000000000002,0.0,1.02,5,เกาะช้าง
2024-12-09T12:00:00Z,12.125,102.275,28.93,0.0,0.73,5,เกาะช้าง
2024-12-10T12:00:00Z,12.125,102.275,28.810000000000002,0.0,0.64,5,เกาะช้าง
2024-12-11T12:00:00Z,12.125,102.275,28.6,0.0,0.45,5,เกาะช้าง
2024-12-12T12:00:00Z,12.125,102.275,28.64,0.0,0.51,5,เกาะช้าง
2024-12-13T12:00:00Z,12.125,102.275,28.54,0.0,0.43,5,เกาะช้าง
2024-12-14T12:00:00Z,12.125,102.275,28.92,0.0,0.84,5,เกาะช้าง
2024-12-15T12:00:00Z,12.125,102.275,28.66,0.0,0.6,5,เกาะช้าง
2024-12-16T12:00:00Z,12.125,102.275,28.28,0.0,0.22,5,เกาะช้าง
2024-12-17T12:00:00Z,12.125,102.275,27.84,0.0,-0.21,5,เกาะช้าง
2024-12-18T12:00:00Z,12.125,102.275,27.7,0.0,-0.35000000000000003,5,เกาะช้าง
2024-12-19T12:00:00Z,12.125,102.275,27.75,0.0,-0.3,5,เกาะช้าง
2024-12-20T12:00:00Z,12.125,102.275,27.55,0.0,-0.5,5,เกาะช้าง
2024-12-21T12:00:00Z,12.125,102.275,27.59,0.0,-0.45,5,เกาะช้าง
2024-12-22T12:00:00Z,12.125,102.275,27.59,0.0,-0.45,5,เกาะช้าง
2024-12-23T12:00:00Z,12.125,102.275,27.42,0.0,-0.62,5,เกาะช้าง
2024-12-24T12:00:00Z,12.125,102.275,27.29,0.0,-0.74,5,เกาะช้าง
2024-12-25T12:00:00Z,12.125,102.275,27.64,0.0,-0.39,5,เกาะช้าง
2024-12-26T12:00:00Z,12.125,102.275,27.47,0.0,-0.56,5,เกาะช้าง
2024-12-27T12:00:00Z,12.125,102.275,27.52,0.0,-0.51,5,เกาะช้าง
2024-12-28T12:00:00Z,12.125,102.275,27.43,0.0,-0.59,5,เกาะช้าง
2024-12-29T12:00:00Z,12.125,102.275,27.41,0.0,-0.61,5,เกาะช้าง
2024-12-30T12:00:00Z,12.125,102.275,27.39,0.0,-0.63,5,เกาะช้าง
2024-12-31T12:00:00Z,12.125,102.275,27.41,0.0,-0.6,5,เกาะช้าง
2025-01-01T12:00:00Z,12.125,102.275,27.35,0.0,-0.66,5,เกาะช้าง
2025-01-02T12:00:00Z,12.125,102.275,27.44,0.0,-0.5700000000000001,5,เกาะช้าง
2025-01-03T12:00:00Z,12.125,102.275,27.48,0.0,-0.52,5,เกาะช้าง
2025-01-04T12:00:00Z,12.125,102.275,27.46,0.0,-0.54,5,เกาะช้าง
2025-01-05T12:00:00Z,12.125,102.275,27.32,0.0,-0.68,5,เกาะช้าง
2025-01-06T12:00:00Z,12.125,102.275,27.0,0.0,-1.0,5,เกาะช้าง
2025-01-07T12:00:00Z,12.125,102.275,27.3,0.0,-0.6900000000000001,5,เกาะช้าง
2025-01-08T12:00:00Z,12.125,102.275,27.73,0.0,-0.26,5,เกาะช้าง
2025-01-08T12:00:00Z,12.125,102.275,27.73,0.0,-0.26,5,เกาะช้าง
2025-01-09T12:00:00Z,12.125,102.275,27.810000000000002,0.0,-0.18,5,เกาะช้าง
2025-01-10T12:00:00Z,12.125,102.275,27.78,0.0,-0.2,5,เกาะช้าง
2025-01-11T12:00:00Z,12.125,102.275,27.67,0.0,-0.31,5,เกาะช้าง
2025-01-12T12:00:00Z,12.125,102.275,26.91,0.0,-1.07,5,เกาะช้าง
2025-01-13T12:00:00Z,12.125,102.275,26.7,0.0,-1.28,5,เกาะช้าง
2025-01-14T12:00:00Z,12.125,102.275,26.85,0.0,-1.12,5,เกาะช้าง
2025-01-15T12:00:00Z,12.125,102.275,27.04,0.0,-0.93,5,เกาะช้าง
2025-01-16T12:00:00Z,12.125,102.275,26.85,0.0,-1.1300000000000001,5,เกาะช้าง
2025-01-17T12:00:00Z,12.125,102.275,26.66,0.0,-1.32,5,เกาะช้าง
2025-01-18T12:00:00Z,12.125,102.275,26.94,0.0,-1.05,5,เกาะช้าง
2025-01-19T12:00:00Z,12.125,102.275,26.77,0.0,-1.23,5,เกาะช้าง
2025-01-20T12:00:00Z,12.125,102.275,27.1,0.0,-0.91,5,เกาะช้าง
2025-01-21T12:00:00Z,12.125,102.275,27.26,0.0,-0.75,5,เกาะช้าง
2025-01-22T12:00:00Z,12.125,102.275,26.89,0.0,-1.1300000000000001,5,เกาะช้าง
2025-01-23T12:00:00Z,12.125,102.275,27.45,0.0,-0.58,5,เกาะช้าง
2025-01-24T12:00:00Z,12.125,102.275,27.59,0.0,-0.45,5,เกาะช้าง
2025-01-25T12:00:00Z,12.125,102.275,27.78,0.0,-0.26,5,เกาะช้าง
2025-01-26T12:00:00Z,12.125,102.275,27.95,0.0,-0.1,5,เกาะช้าง
2025-01-27T12:00:00Z,12.125,102.275,27.92,0.0,-0.14,5,เกาะช้าง
2025-01-28T12:00:00Z,12.125,102.275,27.6,0.0,-0.47000000000000003,5,เกาะช้าง
2025-01-29T12:00:00Z,12.125,102.275,27.54,0.0,-0.53,5,เกาะช้าง
2025-01-30T12:00:00Z,12.125,102.275,27.310000000000002,0.0,-0.77,5,เกาะช้าง
2025-01-31T12:00:00Z,12.125,102.275,27.37,0.0,-0.72,5,เกาะช้าง
2025-02-01T12:00:00Z,12.125,102.275,27.43,0.0,-0.67,5,เกาะช้าง
2025-02-02T12:00:00Z,12.125,102.275,27.560000000000002,0.0,-0.54,5,เกาะช้าง
2025-02-03T12:00:00Z,12.125,102.275,27.87,0.0,-0.24,5,เกาะช้าง
2025-02-04T12:00:00Z,12.125,102.275,28.03,0.0,-0.09,5,เกาะช้าง
2025-02-05T12:00:00Z,12.125,102.275,28.07,0.0,-0.06,5,เกาะช้าง
2025-02-06T12:00:00Z,12.125,102.275,28.26,0.0,0.13,5,เกาะช้าง
2025-02-07T12:00:00Z,12.125,102.275,28.45,0.0,0.31,5,เกาะช้าง
2025-02-08T12:00:00Z,12.125,102.275,28.46,0.0,0.31,5,เกาะช้าง
2025-02-09T12:00:00Z,12.125,102.275,28.19,0.0,0.03,5,เกาะช้าง
2025-02-10T12:00:00Z,12.125,102.275,27.89,0.0,-0.27,5,เกาะช้าง
2025-02-11T12:00:00Z,12.125,102.275,28.07,0.0,-0.1,5,เกาะช้าง
2025-02-12T12:00:00Z,12.125,102.275,28.05,0.0,-0.13,5,เกาะช้าง
2025-02-13T12:00:00Z,12.125,102.275,28.29,0.0,0.1,5,เกาะช้าง
2025-02-14T12:00:00Z,12.125,102.275,28.39,0.0,0.2,5,เกาะช้าง
2025-02-15T12:00:00Z,12.125,102.275,28.560000000000002,0.0,0.36,5,เกาะช้าง
2025-02-16T12:00:00Z,12.125,102.275,28.67,0.0,0.44,5,เกาะช้าง
2025-02-17T12:00:00Z,12.125,102.275,28.87,0.0,0.61,5,เกาะช้าง
2025-02-18T12:00:00Z,12.125,102.275,28.94,0.0,0.65,5,เกาะช้าง
2025-02-19T12:00:00Z,12.125,102.275,28.900000000000002,0.0,0.58,5,เกาะช้าง
2025-02-20T12:00:00Z,12.125,102.275,29.0,0.0,0.65,5,เกาะช้าง
2025-02-21T12:00:00Z,12.125,102.275,28.82,0.0,0.44,5,เกาะช้าง
2025-02-22T12:00:00Z,12.125,102.275,29.02,0.0,0.61,5,เกาะช้าง
2025-02-23T12:00:00Z,12.125,102.275,28.990000000000002,0.0,0.55,5,เกาะช้าง
2025-02-24T12:00:00Z,12.125,102.275,28.94,0.0,0.47000000000000003,5,เกาะช้าง
2025-02-25T12:00:00Z,12.125,102.275,28.92,0.0,0.42,5,เกาะช้าง
2025-02-26T12:00:00Z,12.125,102.275,28.84,0.0,0.31,5,เกาะช้าง
2025-02-27T12:00:00Z,12.125,102.275,28.900000000000002,0.0,0.34,5,เกาะช้าง
2025-02-28T12:00:00Z,12.125,102.275,28.88,0.0,0.29,5,เกาะช้าง
2025-03-01T12:00:00Z,12.125,102.275,28.92,0.0,0.31,5,เกาะช้าง
2025-03-02T12:00:00Z,12.125,102.275,29.09,0.0,0.45,5,เกาะช้าง
2025-03-03T12:00:00Z,12.125,102.275,29.17,0.0,0.5,5,เกาะช้าง
2025-03-04T12:00:00Z,12.125,102.275,29.150000000000002,0.0,0.45,5,เกาะช้าง
2025-03-05T12:00:00Z,12.125,102.275,29.63,0.0,0.9,5,เกาะช้าง
2025-03-06T12:00:00Z,12.125,102.275,29.69,0.0,0.93,5,เกาะช้าง
2025-03-07T12:00:00Z,12.125,102.275,29.36,0.0,0.5700000000000001,5,เกาะช้าง
2025-03-08T12:00:00Z,12.125,102.275,29.61,0.0,0.79,5,เกาะช้าง
2025-03-09T12:00:00Z,12.125,102.275,29.6,0.0,0.75,5,เกาะช้าง
2025-03-10T12:00:00Z,12.125,102.275,29.91,0.0,1.03,5,เกาะช้าง
2025-03-11T12:00:00Z,12.125,102.275,29.98,0.0,1.07,5,เกาะช้าง
2025-03-12T12:00:00Z,12.125,102.275,30.05,0.0,1.11,5,เกาะช้าง
2025-03-13T12:00:00Z,12.125,102.275,29.82,0.0,0.85,5,เกาะช้าง
2025-03-14T12:00:00Z,12.125,102.275,29.92,0.0,0.92,5,เกาะช้าง
2025-03-15T12:00:00Z,12.125,102.275,29.94,0.0,0.91,5,เกาะช้าง
2025-03-16T12:00:00Z,12.125,102.275,29.98,0.0,0.92,5,เกาะช้าง
2025-03-17T12:00:00Z,12.125,102.275,29.990000000000002,0.0,0.89,5,เกาะช้าง
2025-03-18T12:00:00Z,12.125,102.275,30.13,0.0,1.0,5,เกาะช้าง
2025-03-19T12:00:00Z,12.125,102.275,29.810000000000002,0.0,0.65,5,เกาะช้าง
2025-03-20T12:00:00Z,12.125,102.275,29.68,0.0,0.48,5,เกาะช้าง
2025-03-21T12:00:00Z,12.125,102.275,29.23,0.0,0.0,5,เกาะช้าง
2025-03-22T12:00:00Z,12.125,102.275,29.04,0.0,-0.22,5,เกาะช้าง
2025-03-23T12:00:00Z,12.125,102.275,29.01,0.0,-0.29,5,เกาะช้าง
2025-03-24T12:00:00Z,12.125,102.275,29.05,0.0,-0.28,5,เกาะช้าง
2025-03-25T12:00:00Z,12.125,102.275,29.14,0.0,-0.22,5,เกาะช้าง
2025-03-26T12:00:00Z,12.125,102.275,29.28,0.0,-0.12,5,เกาะช้าง
2025-03-27T12:00:00Z,12.125,102.275,29.46,0.0,0.03,5,เกาะช้าง
2025-03-28T12:00:00Z,12.125,102.275,29.7,0.0,0.24,5,เกาะช้าง
2025-03-29T12:00:00Z,12.125,102.275,29.8,0.0,0.3,5,เกาะช้าง
2025-03-30T12:00:00Z,12.125,102.275,29.92,0.0,0.39,5,เกาะช้าง
2025-03-31T12:00:00Z,12.125,102.275,29.580000000000002,0.0,0.02,5,เกาะช้าง
2025-04-01T12:00:00Z,12.125,102.275,29.55,0.0,-0.04,5,เกาะช้าง
2025-04-02T12:00:00Z,12.125,102.275,29.54,0.0,-0.09,5,เกาะช้าง
2025-04-03T12:00:00Z,12.125,102.275,29.75,0.0,0.09,5,เกาะช้าง
2025-04-04T12:00:00Z,12.125,102.275,29.900000000000002,0.0,0.21,5,เกาะช้าง
2025-04-05T12:00:00Z,12.125,102.275,29.91,0.0,0.18,5,เกาะช้าง
2025-04-06T12:00:00Z,12.125,102.275,30.05,0.0,0.29,5,เกาะช้าง
2025-04-07T12:00:00Z,12.125,102.275,30.14,0.0,0.35000000000000003,5,เกาะช้าง
2025-04-08T12:00:00Z,12.125,102.275,30.17,0.0,0.34,5,เกาะช้าง
2025-04-08T12:00:00Z,12.125,102.275,30.17,0.0,0.34,5,เกาะช้าง
2025-04-09T12:00:00Z,12.125,102.275,30.21,0.0,0.35000000000000003,5,เกาะช้าง
2025-04-10T12:00:00Z,12.125,102.275,29.95,0.0,0.06,5,เกาะช้าง
2025-04-11T12:00:00Z,12.125,102.275,30.32,0.0,0.39,5,เกาะช้าง
2025-04-12T12:00:00Z,12.125,102.275,30.69,0.0,0.73,5,เกาะช้าง
2025-04-13T12:00:00Z,12.125,102.275,30.75,0.0,0.76,5,เกาะช้าง
2025-04-14T12:00:00Z,12.125,102.275,30.68,0.0,0.65,5,เกาะช้าง
2025-04-15T12:00:00Z,12.125,102.275,30.48,0.0,0.42,5,เกาะช้าง
2025-04-16T12:00:00Z,12.125,102.275,30.46,0.0,0.39,5,เกาะช้าง
2025-04-17T12:00:00Z,12.125,102.275,30.2,0.0,0.12,5,เกาะช้าง
2025-04-18T12:00:00Z,12.125,102.275,30.88,0.0,0.8,5,เกาะช้าง
2025-04-19T12:00:00Z,12.125,102.275,31.26,0.0,1.17,5,เกาะช้าง
2025-04-20T12:00:00Z,12.125,102.275,31.34,0.15,1.24,5,เกาะช้าง
2025-04-21T12:00:00Z,12.125,102.275,31.19,0.15,1.08,5,เกาะช้าง
2025-04-22T12:00:00Z,12.125,102.275,31.26,0.15,1.1400000000000001,5,เกาะช้าง
2025-04-23T12:00:00Z,12.125,102.275,31.37,0.3,1.25,5,เกาะช้าง
2025-04-24T12:00:00Z,12.125,102.275,31.45,0.47000000000000003,1.32,5,เกาะช้าง
2025-04-25T12:00:00Z,12.125,102.275,31.63,0.66,1.49,5,เกาะช้าง
2025-04-26T12:00:00Z,12.125,102.275,31.5,0.8300000000000001,1.35,5,เกาะช้าง
2025-04-27T12:00:00Z,12.125,102.275,31.59,1.01,1.43,5,เกาะช้าง
2025-04-28T12:00:00Z,12.125,102.275,31.330000000000002,1.16,1.17,5,เกาะช้าง
2025-04-29T12:00:00Z,12.125,102.275,31.53,1.33,1.36,5,เกาะช้าง
2025-04-30T12:00:00Z,12.125,102.275,31.48,1.5,1.3,5,เกาะช้าง
2025-05-01T12:00:00Z,12.125,102.275,31.35,1.6500000000000001,1.16,5,เกาะช้าง
2025-05-02T12:00:00Z,12.125,102.275,31.23,1.6500000000000001,1.03,5,เกาะช้าง
2025-05-03T12:00:00Z,12.125,102.275,31.64,1.84,1.44,5,เกาะช้าง
2025-05-04T12:00:00Z,12.125,102.275,31.46,2.0100000000000002,1.25,5,เกาะช้าง
2025-05-05T12:00:00Z,12.125,102.275,31.62,2.2,1.4000000000000001,5,เกาะช้าง
2025-05-06T12:00:00Z,12.125,102.275,31.78,2.41,1.55,5,เกาะช้าง
2025-05-07T12:00:00Z,12.125,102.275,31.67,2.61,1.43,5,เกาะช้าง
2025-05-08T12:00:00Z,12.125,102.275,31.5,2.7800000000000002,1.26,5,เกาะช้าง
2025-05-09T12:00:00Z,12.125,102.275,31.740000000000002,2.98,1.49,5,เกาะช้าง
2025-05-10T12:00:00Z,12.125,102.275,31.54,3.16,1.28,5,เกาะช้าง
2025-05-11T12:00:00Z,12.125,102.275,31.53,3.34,1.26,5,เกาะช้าง
2025-05-12T12:00:00Z,12.125,102.275,31.27,3.34,0.99,5,เกาะช้าง
2025-05-13T12:00:00Z,12.125,102.275,31.28,3.34,1.0,5,เกาะช้าง
2025-05-14T12:00:00Z,12.125,102.275,31.14,3.34,0.85,5,เกาะช้าง
2025-05-15T12:00:00Z,12.125,102.275,30.87,3.34,0.5700000000000001,5,เกาะช้าง
2025-05-16T12:00:00Z,12.125,102.275,30.85,3.34,0.58,5,เกาะช้าง
2025-05-17T12:00:00Z,12.125,102.275,31.07,3.34,0.8300000000000001,5,เกาะช้าง
2025-05-18T12:00:00Z,12.125,102.275,30.94,3.34,0.73,5,เกาะช้าง
2025-05-19T12:00:00Z,12.125,102.275,31.060000000000002,3.34,0.88,5,เกาะช้าง
2025-05-20T12:00:00Z,12.125,102.275,30.77,3.34,0.62,5,เกาะช้าง
2025-05-21T12:00:00Z,12.125,102.275,30.63,3.34,0.5,5,เกาะช้าง
2025-05-22T12:00:00Z,12.125,102.275,30.740000000000002,3.34,0.64,5,เกาะช้าง
2025-05-23T12:00:00Z,12.125,102.275,30.55,3.34,0.48,5,เกาะช้าง
2025-05-24T12:00:00Z,12.125,102.275,30.740000000000002,3.34,0.7000000000000001,5,เกาะช้าง
2025-05-25T12:00:00Z,12.125,102.275,30.46,3.34,0.45,5,เกาะช้าง
2025-05-26T12:00:00Z,12.125,102.275,30.87,3.34,0.89,5,เกาะช้าง
2025-05-27T12:00:00Z,12.125,102.275,30.47,3.34,0.52,5,เกาะช้าง
2025-05-28T12:00:00Z,12.125,102.275,31.1,3.34,1.18,5,เกาะช้าง
2025-05-29T12:00:00Z,12.125,102.275,31.13,3.34,1.24,5,เกาะช้าง
2025-05-30T12:00:00Z,12.125,102.275,30.94,3.34,1.08,5,เกาะช้าง
2025-05-31T12:00:00Z,12.125,102.275,30.71,3.34,0.87,5,เกาะช้าง
2025-06-01T12:00:00Z,12.125,102.275,30.88,3.34,1.07,5,เกาะช้าง
2025-06-02T12:00:00Z,12.125,102.275,30.7,3.34,0.92,5,เกาะช้าง
2025-06-03T12:00:00Z,12.125,102.275,30.650000000000002,3.34,0.9,5,เกาะช้าง
2025-06-04T12:00:00Z,12.125,102.275,30.61,3.34,0.89,5,เกาะช้าง
2025-06-05T12:00:00Z,12.125,102.275,30.37,3.34,0.68,5,เกาะช้าง
2025-06-06T12:00:00Z,12.125,102.275,30.38,3.34,0.72,5,เกาะช้าง
2025-06-07T12:00:00Z,12.125,102.275,30.38,3.34,0.75,5,เกาะช้าง
2025-06-08T12:00:00Z,12.125,102.275,30.19,3.34,0.59,5,เกาะช้าง
2025-06-09T12:00:00Z,12.125,102.275,30.05,3.34,0.48,5,เกาะช้าง
2025-06-10T12:00:00Z,12.125,102.275,29.76,3.34,0.21,5,เกาะช้าง
2025-06-11T12:00:00Z,12.125,102.275,29.7,3.34,0.18,5,เกาะช้าง
2025-06-12T12:00:00Z,12.125,102.275,29.66,3.34,0.17,5,เกาะช้าง
2025-06-13T12:00:00Z,12.125,102.275,29.580000000000002,3.34,0.12,5,เกาะช้าง
2025-06-14T12:00:00Z,12.125,102.275,29.55,3.34,0.12,5,เกาะช้าง
2025-06-15T12:00:00Z,12.125,102.275,29.64,3.34,0.24,5,เกาะช้าง
2025-06-16T12:00:00Z,12.125,102.275,29.990000000000002,3.34,0.61,5,เกาะช้าง
2025-06-17T12:00:00Z,12.125,102.275,29.810000000000002,3.34,0.45,5,เกาะช้าง
2025-06-18T12:00:00Z,12.125,102.275,29.86,3.34,0.52,5,เกาะช้าง
2025-06-19T12:00:00Z,12.125,102.275,29.54,3.34,0.22,5,เกาะช้าง
2025-06-20T12:00:00Z,12.125,102.275,29.47,3.34,0.17,5,เกาะช้าง
2025-06-21T12:00:00Z,12.125,102.275,29.39,3.34,0.11,5,เกาะช้าง
2025-06-22T12:00:00Z,12.125,102.275,29.240000000000002,3.34,-0.02,5,เกาะช้าง
2025-06-23T12:00:00Z,12.125,102.275,29.09,3.34,-0.15,5,เกาะช้าง
2025-06-24T12:00:00Z,12.125,102.275,29.38,3.34,0.16,5,เกาะช้าง
2025-06-25T12:00:00Z,12.125,102.275,29.43,3.34,0.23,5,เกาะช้าง
2025-06-26T12:00:00Z,12.125,102.275,29.44,3.34,0.26,5,เกาะช้าง
2025-06-27T12:00:00Z,12.125,102.275,29.21,3.34,0.05,5,เกาะช้าง
2025-06-28T12:00:00Z,12.125,102.275,29.580000000000002,3.34,0.44,5,เกาะช้าง
2025-06-29T12:00:00Z,12.125,102.275,29.45,3.34,0.33,5,เกาะช้าง
2025-06-30T12:00:00Z,12.125,102.275,29.310000000000002,3.34,0.21,5,เกาะช้าง
2025-07-01T12:00:00Z,12.125,102.275,29.18,3.34,0.09,5,เกาะช้าง
2025-07-02T12:00:00Z,12.125,102.275,29.42,3.34,0.35000000000000003,5,เกาะช้าง
2025-07-03T12:00:00Z,12.125,102.275,29.310000000000002,3.34,0.26,5,เกาะช้าง
2025-07-04T12:00:00Z,12.125,102.275,29.5,3.34,0.47000000000000003,5,เกาะช้าง
2025-07-05T12:00:00Z,12.125,102.275,29.57,3.34,0.56,5,เกาะช้าง
2025-07-06T12:00:00Z,12.125,102.275,29.36,3.34,0.37,5,เกาะช้าง
2025-07-07T12:00:00Z,12.125,102.275,29.26,3.34,0.29,5,เกาะช้าง
2025-07-07T12:00:00Z,12.125,102.275,29.26,3.34,0.29,5,เกาะช้าง
2025-07-08T12:00:00Z,12.125,102.275,29.17,3.34,0.22,5,เกาะช้าง
2025-07-09T12:00:00Z,12.125,102.275,29.14,3.34,0.21,5,เกาะช้าง
2025-07-10T12:00:00Z,12.125,102.275,28.85,3.34,-0.06,5,เกาะช้าง
2025-07-11T12:00:00Z,12.125,102.275,29.1,3.34,0.21,5,เกาะช้าง
2025-07-12T12:00:00Z,12.125,102.275,28.95,3.34,0.08,5,เกาะช้าง
2025-07-13T12:00:00Z,12.125,102.275,29.060000000000002,3.19,0.21,5,เกาะช้าง
2025-07-14T12:00:00Z,12.125,102.275,29.060000000000002,3.19,0.23,5,เกาะช้าง
2025-07-15T12:00:00Z,12.125,102.275,29.37,3.19,0.56,5,เกาะช้าง
2025-07-16T12:00:00Z,12.125,102.275,29.28,3.0300000000000002,0.47000000000000003,5,เกาะช้าง
2025-07-17T12:00:00Z,12.125,102.275,29.35,2.87,0.55,5,เกาะช้าง
2025-07-18T12:00:00Z,12.125,102.275,29.26,2.68,0.46,5,เกาะช้าง
2025-07-19T12:00:00Z,12.125,102.275,29.25,2.5100000000000002,0.46,5,เกาะช้าง
2025-07-20T12:00:00Z,12.125,102.275,29.23,2.32,0.44,5,เกาะช้าง
2025-07-21T12:00:00Z,12.125,102.275,29.150000000000002,2.18,0.37,5,เกาะช้าง
2025-07-22T12:00:00Z,12.125,102.275,29.1,2.0,0.32,5,เกาะช้าง
2025-07-23T12:00:00Z,12.125,102.275,28.77,1.83,0.0,5,เกาะช้าง
2025-07-24T12:00:00Z,12.125,102.275,29.13,1.68,0.36,5,เกาะช้าง
2025-07-25T12:00:00Z,12.125,102.275,29.29,1.68,0.53,5,เกาะช้าง
2025-07-26T12:00:00Z,12.125,102.275,29.48,1.49,0.72,5,เกาะช้าง
2025-07-27T12:00:00Z,12.125,102.275,29.5,1.33,0.75,5,เกาะช้าง
2025-07-28T12:00:00Z,12.125,102.275,29.48,1.1400000000000001,0.73,5,เกาะช้าง
2025-07-29T12:00:00Z,12.125,102.275,29.37,0.93,0.63,5,เกาะช้าง
2025-07-30T12:00:00Z,12.125,102.275,29.34,0.73,0.6,5,เกาะช้าง
2025-07-31T12:00:00Z,12.125,102.275,29.38,0.56,0.65,5,เกาะช้าง
2025-08-01T12:00:00Z,12.125,102.275,29.54,0.35000000000000003,0.81,5,เกาะช้าง
2025-08-02T12:00:00Z,12.125,102.275,29.73,0.18,1.01,5,เกาะช้าง
2025-08-03T12:00:00Z,12.125,102.275,30.03,0.0,1.31,5,เกาะช้าง
2025-08-04T12:00:00Z,12.125,102.275,30.17,0.0,1.46,5,เกาะช้าง
2025-08-05T12:00:00Z,12.125,102.275,30.080000000000002,0.0,1.37,5,เกาะช้าง
2025-08-06T12:00:00Z,12.125,102.275,29.91,0.0,1.21,5,เกาะช้าง
2025-08-07T12:00:00Z,12.125,102.275,29.95,0.0,1.25,5,เกาะช้าง
2025-08-08T12:00:00Z,12.125,102.275,29.76,0.0,1.07,5,เกาะช้าง
2025-08-09T12:00:00Z,12.125,102.275,29.54,0.0,0.85,5,เกาะช้าง
2025-08-10T12:00:00Z,12.125,102.275,29.490000000000002,0.0,0.81,5,เกาะช้าง
2025-08-11T12:00:00Z,12.125,102.275,29.740000000000002,0.0,1.06,5,เกาะช้าง
2025-08-12T12:00:00Z,12.125,102.275,30.02,0.0,1.35,5,เกาะช้าง
2025-08-13T12:00:00Z,12.125,102.275,29.82,0.0,1.1500000000000001,5,เกาะช้าง
2025-08-14T12:00:00Z,12.125,102.275,29.71,0.0,1.05,5,เกาะช้าง
2025-08-15T12:00:00Z,12.125,102.275,29.44,0.0,0.78,5,เกาะช้าง
2025-08-16T12:00:00Z,12.125,102.275,29.34,0.0,0.6900000000000001,5,เกาะช้าง
2025-08-17T12:00:00Z,12.125,102.275,29.36,0.0,0.72,5,เกาะช้าง
2025-08-18T12:00:00Z,12.125,102.275,29.63,0.0,1.0,5,เกาะช้าง
2025-08-19T12:00:00Z,12.125,102.275,29.62,0.0,1.0,5,เกาะช้าง
2025-08-20T12:00:00Z,12.125,102.275,29.330000000000002,0.0,0.72,5,เกาะช้าง
2025-08-21T12:00:00Z,12.125,102.275,29.29,0.0,0.6900000000000001,5,เกาะช้าง
2025-08-22T12:00:00Z,12.125,102.275,29.44,0.0,0.85,5,เกาะช้าง
2025-08-23T12:00:00Z,12.125,102.275,29.38,0.0,0.8,5,เกาะช้าง
2025-08-24T12:00:00Z,12.125,102.275,29.32,0.0,0.75,5,เกาะช้าง
2025-08-25T12:00:00Z,12.125,102.275,29.34,0.0,0.78,5,เกาะช้าง
2025-08-26T12:00:00Z,12.125,102.275,29.240000000000002,0.0,0.6900000000000001,5,เกาะช้าง
2025-08-27T12:00:00Z,12.125,102.275,29.34,0.0,0.8,5,เกาะช้าง
2025-08-28T12:00:00Z,12.125,102.275,29.34,0.0,0.81,5,เกาะช้าง
2025-08-29T12:00:00Z,12.125,102.275,29.26,0.0,0.74,5,เกาะช้าง
2025-08-30T12:00:00Z,12.125,102.275,29.22,0.0,0.71,5,เกาะช้าง
2025-08-31T12:00:00Z,12.125,102.275,29.32,0.0,0.8300000000000001,5,เกาะช้าง
2025-09-01T12:00:00Z,12.125,102.275,29.23,0.0,0.75,5,เกาะช้าง
2025-09-02T12:00:00Z,12.125,102.275,29.23,0.0,0.76,5,เกาะช้าง
2025-09-03T12:00:00Z,12.125,102.275,29.1,0.0,0.64,5,เกาะช้าง
2025-09-04T12:00:00Z,12.125,102.275,29.07,0.0,0.62,5,เกาะช้าง
2025-09-05T12:00:00Z,12.125,102.275,28.96,0.0,0.52,5,เกาะช้าง
2025-09-06T12:00:00Z,12.125,102.275,28.810000000000002,0.0,0.38,5,เกาะช้าง
2025-09-07T12:00:00Z,12.125,102.275,28.97,0.0,0.55,5,เกาะช้าง
2025-09-08T12:00:00Z,12.125,102.275,28.8,0.0,0.39,5,เกาะช้าง
2025-09-09T12:00:00Z,12.125,102.275,28.76,0.0,0.36,5,เกาะช้าง
2025-09-10T12:00:00Z,12.125,102.275,28.93,0.0,0.54,5,เกาะช้าง
2025-09-11T12:00:00Z,12.125,102.275,29.36,0.0,0.98,5,เกาะช้าง
2025-09-12T12:00:00Z,12.125,102.275,29.330000000000002,0.0,0.96,5,เกาะช้าง
2025-09-13T12:00:00Z,12.125,102.275,29.05,0.0,0.6900000000000001,5,เกาะช้าง
2025-09-14T12:00:00Z,12.125,102.275,29.48,0.0,1.1300000000000001,5,เกาะช้าง
2025-09-15T12:00:00Z,12.125,102.275,29.32,0.0,0.98,5,เกาะช้าง
2025-09-16T12:00:00Z,12.125,102.275,29.07,0.0,0.71,5,เกาะช้าง
2025-09-17T12:00:00Z,12.125,102.275,29.01,0.0,0.62,5,เกาะช้าง
2025-09-18T12:00:00Z,12.125,102.275,29.32,0.0,0.91,5,เกาะช้าง
2025-09-19T12:00:00Z,12.125,102.275,29.3,0.0,0.86,5,เกาะช้าง
2025-09-20T12:00:00Z,12.125,102.275,29.59,0.0,1.1300000000000001,5,เกาะช้าง
2025-09-21T12:00:00Z,12.125,102.275,29.330000000000002,0.0,0.85,5,เกาะช้าง
2025-09-22T12:00:00Z,12.125,102.275,29.310000000000002,0.0,0.8,5,เกาะช้าง
2025-09-23T12:00:00Z,12.125,102.275,29.2,0.0,0.67,5,เกาะช้าง
2025-09-24T12:00:00Z,12.125,102.275,29.14,0.0,0.58,5,เกาะช้าง
2025-09-25T12:00:00Z,12.125,102.275,29.05,0.0,0.47000000000000003,5,เกาะช้าง
2025-09-26T12:00:00Z,12.125,102.275,28.96,0.0,0.36,5,เกาะช้าง
2025-09-27T12:00:00Z,12.125,102.275,28.91,0.0,0.28,5,เกาะช้าง
2025-09-28T12:00:00Z,12.125,102.275,28.97,0.0,0.32,5,เกาะช้าง
2025-09-29T12:00:00Z,12.125,102.275,29.16,0.0,0.48,5,เกาะช้าง
2025-09-30T12:00:00Z,12.125,102.275,29.080000000000002,0.0,0.38,5,เกาะช้าง
2025-10-01T12:00:00Z,12.125,102.275,29.39,0.0,0.67,5,เกาะช้าง
2025-10-02T12:00:00Z,12.125,102.275,29.16,0.0,0.41000000000000003,5,เกาะช้าง
2025-10-03T12:00:00Z,12.125,102.275,29.400000000000002,0.0,0.63,5,เกาะช้าง
2025-10-04T12:00:00Z,12.125,102.275,29.51,0.0,0.71,5,เกาะช้าง
2025-10-05T12:00:00Z,12.125,102.275,29.59,0.0,0.77,5,เกาะช้าง
2025-10-05T12:00:00Z,12.125,102.275,29.59,0.0,0.77,5,เกาะช้าง
2025-10-06T12:00:00Z,12.125,102.275,29.45,0.0,0.61,5,เกาะช้าง
2025-10-07T12:00:00Z,12.125,102.275,29.2,0.0,0.33,5,เกาะช้าง
2025-10-08T12:00:00Z,12.125,102.275,29.02,0.0,0.13,5,เกาะช้าง
2025-10-09T12:00:00Z,12.125,102.275,29.35,0.0,0.43,5,เกาะช้าง
2025-10-10T12:00:00Z,12.125,102.275,29.12,0.0,0.18,5,เกาะช้าง
2025-10-11T12:00:00Z,12.125,102.275,29.04,0.0,0.08,5,เกาะช้าง
2025-10-12T12:00:00Z,12.125,102.275,29.38,0.0,0.39,5,เกาะช้าง
2025-10-13T12:00:00Z,12.125,102.275,29.23,0.0,0.22,5,เกาะช้าง
2025-10-14T12:00:00Z,12.125,102.275,29.66,0.0,0.62,5,เกาะช้าง
2025-10-15T12:00:00Z,12.125,102.275,29.73,0.0,0.67,5,เกาะช้าง
2025-10-16T12:00:00Z,12.125,102.275,29.900000000000002,0.0,0.85,5,เกาะช้าง
2025-10-17T12:00:00Z,12.125,102.275,29.740000000000002,0.0,0.7000000000000001,5,เกาะช้าง
2025-10-18T12:00:00Z,12.125,102.275,29.78,0.0,0.75,5,เกาะช้าง
2025-10-19T12:00:00Z,12.125,102.275,30.060000000000002,0.0,1.04,5,เกาะช้าง
2025-10-20T12:00:00Z,12.125,102.275,30.060000000000002,0.0,1.05,5,เกาะช้าง
2025-10-21T12:00:00Z,12.125,102.275,29.69,0.0,0.6900000000000001,5,เกาะช้าง
2025-10-22T12:00:00Z,12.125,102.275,29.72,0.0,0.73,5,เกาะช้าง
2025-10-23T12:00:00Z,12.125,102.275,29.45,0.0,0.47000000000000003,5,เกาะช้าง
2025-10-24T12:00:00Z,12.125,102.275,29.43,0.0,0.46,5,เกาะช้าง
2025-10-25T12:00:00Z,12.125,102.275,29.37,0.0,0.41000000000000003,5,เกาะช้าง
2025-10-26T12:00:00Z,12.125,102.275,29.79,0.0,0.84,5,เกาะช้าง
2025-10-27T12:00:00Z,12.125,102.275,29.5,0.0,0.56,5,เกาะช้าง
2025-10-28T12:00:00Z,12.125,102.275,29.310000000000002,0.0,0.38,5,เกาะช้าง
2025-10-29T12:00:00Z,12.125,102.275,29.23,0.0,0.31,5,เกาะช้าง
2025-10-30T12:00:00Z,12.125,102.275,29.150000000000002,0.0,0.24,5,เกาะช้าง
2025-10-31T12:00:00Z,12.125,102.275,29.29,0.0,0.39,5,เกาะช้าง
2025-11-01T12:00:00Z,12.125,102.275,29.150000000000002,0.0,0.26,5,เกาะช้าง
2025-11-02T12:00:00Z,12.125,102.275,29.150000000000002,0.0,0.27,5,เกาะช้าง
2025-11-03T12:00:00Z,12.125,102.275,29.16,0.0,0.29,5,เกาะช้าง
2025-11-04T12:00:00Z,12.125,102.275,29.62,0.0,0.76,5,เกาะช้าง
2025-11-05T12:00:00Z,12.125,102.275,29.43,0.0,0.58,5,เกาะช้าง
2025-11-06T12:00:00Z,12.125,102.275,29.22,0.0,0.38,5,เกาะช้าง
2025-11-07T12:00:00Z,12.125,102.275,29.23,0.0,0.4,5,เกาะช้าง
2025-11-08T12:00:00Z,12.125,102.275,29.21,0.0,0.39,5,เกาะช้าง
2025-11-09T12:00:00Z,12.125,102.275,29.34,0.0,0.53,5,เกาะช้าง
2025-11-10T12:00:00Z,12.125,102.275,29.34,0.0,0.54,5,เกาะช้าง
2025-11-11T12:00:00Z,12.125,102.275,29.560000000000002,0.0,0.77,5,เกาะช้าง
2025-11-12T12:00:00Z,12.125,102.275,29.43,0.0,0.65,5,เกาะช้าง
2025-11-13T12:00:00Z,12.125,102.275,29.400000000000002,0.0,0.63,5,เกาะช้าง
2025-11-14T12:00:00Z,12.125,102.275,29.490000000000002,0.0,0.73,5,เกาะช้าง
2025-11-15T12:00:00Z,12.125,102.275,29.29,0.0,0.54,5,เกาะช้าง
2025-11-16T12:00:00Z,12.125,102.275,29.05,0.0,0.32,5,เกาะช้าง
2025-11-17T12:00:00Z,12.125,102.275,29.23,0.0,0.53,5,เกาะช้าง
2025-11-18T12:00:00Z,12.125,102.275,29.12,0.0,0.44,5,เกาะช้าง
2025-11-19T12:00:00Z,12.125,102.275,29.080000000000002,0.0,0.42,5,เกาะช้าง
2025-11-20T12:00:00Z,12.125,102.275,29.14,0.0,0.5,5,เกาะช้าง
2025-11-21T12:00:00Z,12.125,102.275,28.79,0.0,0.18,5,เกาะช้าง
2025-11-22T12:00:00Z,12.125,102.275,28.43,0.0,-0.16,5,เกาะช้าง
2025-11-23T12:00:00Z,12.125,102.275,28.2,0.0,-0.37,5,เกาะช้าง
2025-11-24T12:00:00Z,12.125,102.275,28.07,0.0,-0.47000000000000003,5,เกาะช้าง
2025-11-25T12:00:00Z,12.125,102.275,27.900000000000002,0.0,-0.62,5,เกาะช้าง
2025-11-26T12:00:00Z,12.125,102.275,27.94,0.0,-0.56,5,เกาะช้าง
2025-11-27T12:00:00Z,12.125,102.275,27.64,0.0,-0.8300000000000001,5,เกาะช้าง
2025-11-28T12:00:00Z,12.125,102.275,27.37,0.0,-1.08,5,เกาะช้าง
2025-11-29T12:00:00Z,12.125,102.275,26.97,0.0,-1.46,5,เกาะช้าง
2025-11-30T12:00:00Z,12.125,102.275,27.03,0.0,-1.37,5,เกาะช้าง
2025-12-01T12:00:00Z,12.125,102.275,27.09,0.0,-1.29,5,เกาะช้าง
2025-12-02T12:00:00Z,12.125,102.275,27.32,0.0,-1.04,5,เกาะช้าง
2025-12-03T12:00:00Z,12.125,102.275,28.05,0.0,-0.29,5,เกาะช้าง
2025-12-04T12:00:00Z,12.125,102.275,27.400000000000002,0.0,-0.91,5,เกาะช้าง
2025-12-05T12:00:00Z,12.125,102.275,27.75,0.0,-0.54,5,เกาะช้าง
2025-12-06T12:00:00Z,12.125,102.275,27.8,0.0,-0.47000000000000003,5,เกาะช้าง
2025-12-07T12:00:00Z,12.125,102.275,27.84,0.0,-0.4,5,เกาะช้าง
2025-12-08T12:00:00Z,12.125,102.275,27.76,0.0,-0.46,5,เกาะช้าง
2025-12-09T12:00:00Z,12.125,102.275,27.59,0.0,-0.61,5,เกาะช้าง
2025-12-10T12:00:00Z,12.125,102.275,27.53,0.0,-0.64,5,เกาะช้าง
2025-12-11T12:00:00Z,12.125,102.275,27.45,0.0,-0.7000000000000001,5,เกาะช้าง
2025-12-12T12:00:00Z,12.125,102.275,27.89,0.0,-0.24,5,เกาะช้าง
2025-12-13T12:00:00Z,12.125,102.275,27.8,0.0,-0.31,5,เกาะช้าง
2025-12-14T12:00:00Z,12.125,102.275,27.89,0.0,-0.19,5,เกาะช้าง
2025-12-15T12:00:00Z,12.125,102.275,27.900000000000002,0.0,-0.16,5,เกาะช้าง
2025-12-16T12:00:00Z,12.125,102.275,27.8,0.0,-0.26,5,เกาะช้าง
2025-12-17T12:00:00Z,12.125,102.275,28.0,0.0,-0.05,5,เกาะช้าง
2025-12-18T12:00:00Z,12.125,102.275,28.0,0.0,-0.05,5,เกาะช้าง
2025-12-19T12:00:00Z,12.125,102.275,27.84,0.0,-0.21,5,เกาะช้าง
2025-12-20T12:00:00Z,12.125,102.275,27.89,0.0,-0.16,5,เกาะช้าง
2025-12-21T12:00:00Z,12.125,102.275,27.85,0.0,-0.19,5,เกาะช้าง
2025-12-22T12:00:00Z,12.125,102.275,27.94,0.0,-0.1,5,เกาะช้าง
2025-12-23T12:00:00Z,12.125,102.275,28.17,0.0,0.13,5,เกาะช้าง
2025-12-24T12:00:00Z,12.125,102.275,28.39,0.0,0.36,5,เกาะช้าง
2025-12-25T12:00:00Z,12.125,102.275,28.330000000000002,0.0,0.3,5,เกาะช้าง
2025-12-26T12:00:00Z,12.125,102.275,28.04,0.0,0.01,5,เกาะช้าง
2025-12-27T12:00:00Z,12.125,102.275,28.12,0.0,0.09,5,เกาะช้าง
2025-12-28T12:00:00Z,12.125,102.275,28.11,0.0,0.09,5,เกาะช้าง
2025-12-29T12:00:00Z,12.125,102.275,28.01,0.0,-0.01,5,เกาะช้าง
2025-12-30T12:00:00Z,12.125,102.275,28.05,0.0,0.03,5,เกาะช้าง
2025-12-31T12:00:00Z,12.125,102.275,28.07,0.0,0.06,5,เกาะช้าง
2026-01-01T12:00:00Z,12.125,102.275,28.03,0.0,0.02,5,เกาะช้าง
2026-01-02T12:00:00Z,12.125,102.275,28.03,0.0,0.02,5,เกาะช้าง
2026-01-03T12:00:00Z,12.125,102.275,28.3,0.0,0.3,5,เกาะช้าง
2026-01-03T12:00:00Z,12.125,102.275,28.3,0.0,0.3,5,เกาะช้าง
2026-01-04T12:00:00Z,12.125,102.275,27.71,0.0,-0.29,5,เกาะช้าง
2026-01-05T12:00:00Z,12.125,102.275,27.77,0.0,-0.23,5,เกาะช้าง
2026-01-06T12:00:00Z,12.125,102.275,27.69,0.0,-0.31,5,เกาะช้าง
2026-01-07T12:00:00Z,12.125,102.275,27.560000000000002,0.0,-0.43,5,เกาะช้าง
2026-01-08T12:00:00Z,12.125,102.275,27.62,0.0,-0.37,5,เกาะช้าง
2026-01-09T12:00:00Z,12.125,102.275,27.240000000000002,0.0,-0.75,5,เกาะช้าง
2026-01-10T12:00:00Z,12.125,102.275,27.22,0.0,-0.76,5,เกาะช้าง
2026-01-11T12:00:00Z,12.125,102.275,27.02,0.0,-0.96,5,เกาะช้าง
2026-01-12T12:00:00Z,12.125,102.275,27.18,0.0,-0.8,5,เกาะช้าง
2026-01-13T12:00:00Z,12.125,102.275,27.07,0.0,-0.91,5,เกาะช้าง
2026-01-14T12:00:00Z,12.125,102.275,27.34,0.0,-0.63,5,เกาะช้าง
2026-01-15T12:00:00Z,12.125,102.275,27.48,0.0,-0.49,5,เกาะช้าง
2026-01-16T12:00:00Z,12.125,102.275,27.580000000000002,0.0,-0.4,5,เกาะช้าง
2026-01-17T12:00:00Z,12.125,102.275,27.650000000000002,0.0,-0.33,5,เกาะช้าง
2026-01-18T12:00:00Z,12.125,102.275,27.79,0.0,-0.2,5,เกาะช้าง
2026-01-19T12:00:00Z,12.125,102.275,27.88,0.0,-0.12,5,เกาะช้าง
2026-01-20T12:00:00Z,12.125,102.275,27.990000000000002,0.0,-0.02,5,เกาะช้าง
2026-01-21T12:00:00Z,12.125,102.275,28.02,0.0,0.01,5,เกาะช้าง
2026-01-22T12:00:00Z,12.125,102.275,27.98,0.0,-0.04,5,เกาะช้าง
2026-01-23T12:00:00Z,12.125,102.275,27.78,0.0,-0.25,5,เกาะช้าง
2026-01-24T12:00:00Z,12.125,102.275,27.67,0.0,-0.37,5,เกาะช้าง
2026-01-25T12:00:00Z,12.125,102.275,27.66,0.0,-0.38,5,เกาะช้าง
2026-01-26T12:00:00Z,12.125,102.275,27.69,0.0,-0.36,5,เกาะช้าง
2026-01-27T12:00:00Z,12.125,102.275,27.63,0.0,-0.43,5,เกาะช้าง
2026-01-28T12:00:00Z,12.125,102.275,27.7,0.0,-0.37,5,เกาะช้าง
2026-01-29T12:00:00Z,12.125,102.275,27.76,0.0,-0.31,5,เกาะช้าง
2026-01-30T12:00:00Z,12.125,102.275,27.94,0.0,-0.14,5,เกาะช้าง
2026-01-31T12:00:00Z,12.125,102.275,28.07,0.0,-0.02,5,เกาะช้าง
2026-02-01T12:00:00Z,12.125,102.275,28.18,0.0,0.08,5,เกาะช้าง
2026-02-02T12:00:00Z,12.125,102.275,28.14,0.0,0.04,5,เกาะช้าง
2026-02-03T12:00:00Z,12.125,102.275,28.09,0.0,-0.02,5,เกาะช้าง
2026-02-04T12:00:00Z,12.125,102.275,28.09,0.0,-0.03,5,เกาะช้าง
2026-02-05T12:00:00Z,12.125,102.275,28.22,0.0,0.09,5,เกาะช้าง
2026-02-06T12:00:00Z,12.125,102.275,28.25,0.0,0.12,5,เกาะช้าง
2026-02-07T12:00:00Z,12.125,102.275,28.34,0.0,0.2,5,เกาะช้าง
2026-02-08T12:00:00Z,12.125,102.275,28.310000000000002,0.0,0.16,5,เกาะช้าง
2026-02-09T12:00:00Z,12.125,102.275,28.39,0.0,0.23,5,เกาะช้าง
2026-02-10T12:00:00Z,12.125,102.275,28.42,0.0,0.26,5,เกาะช้าง
2026-02-11T12:00:00Z,12.125,102.275,28.55,0.0,0.38,5,เกาะช้าง
2026-02-12T12:00:00Z,12.125,102.275,28.57,0.0,0.39,5,เกาะช้าง
2026-02-13T12:00:00Z,12.125,102.275,28.41,0.0,0.22,5,เกาะช้าง
2026-02-14T12:00:00Z,12.125,102.275,28.740000000000002,0.0,0.55,5,เกาะช้าง
2026-02-15T12:00:00Z,12.125,102.275,28.900000000000002,0.0,0.7000000000000001,5,เกาะช้าง
2026-02-16T12:00:00Z,12.125,102.275,29.1,0.0,0.87,5,เกาะช้าง
2026-02-17T12:00:00Z,12.125,102.275,29.0,0.0,0.74,5,เกาะช้าง
2026-02-18T12:00:00Z,12.125,102.275,29.21,0.0,0.92,5,เกาะช้าง
2026-02-19T12:00:00Z,12.125,102.275,29.19,0.0,0.87,5,เกาะช้าง
2026-02-20T12:00:00Z,12.125,102.275,29.25,0.0,0.9,5,เกาะช้าง
2026-02-21T12:00:00Z,12.125,102.275,29.22,0.0,0.84,5,เกาะช้าง
2026-02-22T12:00:00Z,12.125,102.275,29.310000000000002,0.0,0.9,5,เกาะช้าง
2026-02-23T12:00:00Z,12.125,102.275,29.25,0.0,0.81,5,เกาะช้าง
2026-02-24T12:00:00Z,12.125,102.275,29.3,0.0,0.8300000000000001,5,เกาะช้าง
2026-02-25T12:00:00Z,12.125,102.275,29.47,0.0,0.97,5,เกาะช้าง
2026-02-26T12:00:00Z,12.125,102.275,29.42,0.0,0.89,5,เกาะช้าง
2026-02-27T12:00:00Z,12.125,102.275,29.73,0.0,1.17,5,เกาะช้าง
2026-02-28T12:00:00Z,12.125,102.275,30.02,0.0,1.43,5,เกาะช้าง
2026-03-01T12:00:00Z,12.125,102.275,30.28,0.0,1.67,5,เกาะช้าง
2026-03-02T12:00:00Z,12.125,102.275,30.34,0.0,1.7,5,เกาะช้าง
2026-03-03T12:00:00Z,12.125,102.275,30.51,0.0,1.84,5,เกาะช้าง
2026-03-04T12:00:00Z,12.125,102.275,30.67,0.0,1.97,5,เกาะช้าง
2026-03-05T12:00:00Z,12.125,102.275,30.63,0.0,1.9000000000000001,5,เกาะช้าง
2026-03-06T12:00:00Z,12.125,102.275,30.38,0.0,1.62,5,เกาะช้าง
2026-03-07T12:00:00Z,12.125,102.275,30.310000000000002,0.0,1.52,5,เกาะช้าง
2026-03-08T12:00:00Z,12.125,102.275,30.48,0.0,1.6600000000000001,5,เกาะช้าง
2026-03-09T12:00:00Z,12.125,102.275,30.740000000000002,0.0,1.8900000000000001,5,เกาะช้าง
2026-03-10T12:00:00Z,12.125,102.275,30.53,0.0,1.6500000000000001,5,เกาะช้าง
2026-03-11T12:00:00Z,12.125,102.275,30.12,0.0,1.21,5,เกาะช้าง
2026-03-12T12:00:00Z,12.125,102.275,30.240000000000002,0.0,1.3,5,เกาะช้าง
2026-03-13T12:00:00Z,12.125,102.275,30.13,0.0,1.16,5,เกาะช้าง
2026-03-14T12:00:00Z,12.125,102.275,29.98,0.0,0.98,5,เกาะช้าง
2026-03-15T12:00:00Z,12.125,102.275,30.05,0.0,1.02,5,เกาะช้าง
2026-03-16T12:00:00Z,12.125,102.275,30.02,0.0,0.96,5,เกาะช้าง
2026-03-17T12:00:00Z,12.125,102.275,29.97,0.0,0.87,5,เกาะช้าง
2026-03-18T12:00:00Z,12.125,102.275,30.02,0.0,0.89,5,เกาะช้าง
2026-03-19T12:00:00Z,12.125,102.275,30.080000000000002,0.0,0.92,5,เกาะช้าง
2026-03-20T12:00:00Z,12.125,102.275,29.94,0.0,0.74,5,เกาะช้าง
2026-03-21T12:00:00Z,12.125,102.275,30.17,0.0,0.9400000000000001,5,เกาะช้าง
2026-03-22T12:00:00Z,12.125,102.275,30.080000000000002,0.0,0.8200000000000001,5,เกาะช้าง
2026-03-23T12:00:00Z,12.125,102.275,30.04,0.0,0.74,5,เกาะช้าง
2026-03-24T12:00:00Z,12.125,102.275,30.27,0.0,0.9400000000000001,5,เกาะช้าง
2026-03-25T12:00:00Z,12.125,102.275,30.45,0.0,1.09,5,เกาะช้าง
2026-03-26T12:00:00Z,12.125,102.275,30.490000000000002,0.0,1.09,5,เกาะช้าง
2026-03-27T12:00:00Z,12.125,102.275,30.650000000000002,0.0,1.22,5,เกาะช้าง
2026-03-28T12:00:00Z,12.125,102.275,30.71,0.0,1.25,5,เกาะช้าง
2026-03-29T12:00:00Z,12.125,102.275,30.73,0.0,1.23,5,เกาะช้าง
2026-03-30T12:00:00Z,12.125,102.275,30.71,0.0,1.18,5,เกาะช้าง
2026-03-31T12:00:00Z,12.125,102.275,30.77,0.0,1.21,5,เกาะช้าง
2026-04-01T12:00:00Z,12.125,102.275,31.0,0.0,1.41,5,เกาะช้าง
2026-04-02T12:00:00Z,12.125,102.275,30.98,0.0,1.35,5,เกาะช้าง
2026-04-03T12:00:00Z,12.125,102.275,30.8,0.0,1.1400000000000001,5,เกาะช้าง
2026-04-03T12:00:00Z,12.125,102.275,30.8,0.0,1.1400000000000001,5,เกาะช้าง
2026-04-04T12:00:00Z,12.125,102.275,30.86,0.0,1.17,5,เกาะช้าง
2026-04-05T12:00:00Z,12.125,102.275,30.970000000000002,0.0,1.24,5,เกาะช้าง
2026-04-06T12:00:00Z,12.125,102.275,31.0,0.0,1.24,5,เกาะช้าง
2026-04-07T12:00:00Z,12.125,102.275,31.07,0.0,1.28,5,เกาะช้าง
2026-04-08T12:00:00Z,12.125,102.275,31.04,0.0,1.21,5,เกาะช้าง
2026-04-09T12:00:00Z,12.125,102.275,31.18,0.0,1.32,5,เกาะช้าง
2026-04-10T12:00:00Z,12.125,102.275,31.150000000000002,0.0,1.26,5,เกาะช้าง
2026-04-11T12:00:00Z,12.125,102.275,31.490000000000002,0.17,1.56,5,เกาะช้าง
2026-04-12T12:00:00Z,12.125,102.275,31.37,0.32,1.41,5,เกาะช้าง
2026-04-13T12:00:00Z,12.125,102.275,31.46,0.49,1.47,5,เกาะช้าง
2026-04-14T12:00:00Z,12.125,102.275,31.37,0.64,1.34,5,เกาะช้าง
2026-04-15T12:00:00Z,12.125,102.275,31.490000000000002,0.81,1.43,5,เกาะช้าง
2026-04-16T12:00:00Z,12.125,102.275,31.63,1.0,1.56,5,เกาะช้าง
2026-04-17T12:00:00Z,12.125,102.275,31.51,1.17,1.43,5,เกาะช้าง
2026-04-18T12:00:00Z,12.125,102.275,31.48,1.34,1.4000000000000001,5,เกาะช้าง
2026-04-19T12:00:00Z,12.125,102.275,31.28,1.34,1.19,5,เกาะช้าง
2026-04-20T12:00:00Z,12.125,102.275,31.310000000000002,1.49,1.21,5,เกาะช้าง
2026-04-21T12:00:00Z,12.125,102.275,31.34,1.6400000000000001,1.23,5,เกาะช้าง
2026-04-22T12:00:00Z,12.125,102.275,31.26,1.6400000000000001,1.1400000000000001,5,เกาะช้าง
2026-04-23T12:00:00Z,12.125,102.275,31.29,1.6400000000000001,1.17,5,เกาะช้าง
2026-04-24T12:00:00Z,12.125,102.275,31.18,1.6400000000000001,1.05,5,เกาะช้าง
2026-04-26T12:00:00Z,12.125,102.275,31.310000000000002,1.78,1.16,5,เกาะช้าง
2026-04-27T12:00:00Z,12.125,102.275,31.55,1.96,1.3900000000000001,5,เกาะช้าง
2026-04-28T12:00:00Z,12.125,102.275,31.580000000000002,2.14,1.42,5,เกาะช้าง
2026-04-29T12:00:00Z,12.125,102.275,31.7,2.34,1.53,5,เกาะช้าง
2026-04-30T12:00:00Z,12.125,102.275,31.71,2.54,1.53,5,เกาะช้าง
2026-05-01T12:00:00Z,12.125,102.275,31.53,2.72,1.34,5,เกาะช้าง
2026-05-02T12:00:00Z,12.125,102.275,31.560000000000002,2.9,1.36,5,เกาะช้าง
2026-05-03T12:00:00Z,12.125,102.275,31.32,3.04,1.12,5,เกาะช้าง
2026-05-04T12:00:00Z,12.125,102.275,31.69,3.24,1.48,5,เกาะช้าง
2026-05-05T12:00:00Z,12.125,102.275,31.740000000000002,3.45,1.52,5,เกาะช้าง
2026-05-06T12:00:00Z,12.125,102.275,31.75,3.66,1.52,5,เกาะช้าง
2026-05-07T12:00:00Z,12.125,102.275,31.44,3.8200000000000003,1.2,5,เกาะช้าง
2026-05-08T12:00:00Z,12.125,102.275,31.490000000000002,3.99,1.25,5,เกาะช้าง
2026-05-09T12:00:00Z,12.125,102.275,31.69,4.19,1.44,5,เกาะช้าง
2026-05-10T12:00:00Z,12.125,102.275,31.37,4.34,1.11,5,เกาะช้าง
2026-05-11T12:00:00Z,12.125,102.275,31.35,4.49,1.08,5,เกาะช้าง
2026-05-12T12:00:00Z,12.125,102.275,31.02,4.49,0.74,5,เกาะช้าง
2026-05-13T12:00:00Z,12.125,102.275,31.28,4.49,1.0,5,เกาะช้าง
2026-05-14T12:00:00Z,12.125,102.275,31.32,4.64,1.03,5,เกาะช้าง
2026-05-15T12:00:00Z,12.125,102.275,31.3,4.78,1.0,5,เกาะช้าง
2026-05-16T12:00:00Z,12.125,102.275,31.37,4.93,1.1,5,เกาะช้าง
2026-05-17T12:00:00Z,12.125,102.275,31.3,5.07,1.06,5,เกาะช้าง
2026-05-18T12:00:00Z,12.125,102.275,31.13,5.07,0.92,5,เกาะช้าง
2026-05-19T12:00:00Z,12.125,102.275,30.93,5.07,0.75,5,เกาะช้าง
2026-05-20T12:00:00Z,12.125,102.275,31.060000000000002,5.07,0.91,5,เกาะช้าง
2026-05-21T12:00:00Z,12.125,102.275,30.86,5.07,0.73,5,เกาะช้าง
2026-05-22T12:00:00Z,12.125,102.275,31.01,5.07,0.91,5,เกาะช้าง
2026-05-23T12:00:00Z,12.125,102.275,30.69,5.07,0.62,5,เกาะช้าง
2026-05-24T12:00:00Z,12.125,102.275,30.77,5.07,0.73,5,เกาะช้าง
2026-05-25T12:00:00Z,12.125,102.275,31.26,5.07,1.25,5,เกาะช้าง
2026-05-26T12:00:00Z,12.125,102.275,31.36,5.23,1.3800000000000001,5,เกาะช้าง
2026-05-27T12:00:00Z,12.125,102.275,31.23,5.23,1.28,5,เกาะช้าง
2026-05-28T12:00:00Z,12.125,102.275,31.09,5.23,1.17,5,เกาะช้าง
2026-05-29T12:00:00Z,12.125,102.275,31.05,5.23,1.16,5,เกาะช้าง
2026-05-30T12:00:00Z,12.125,102.275,31.18,5.23,1.32,5,เกาะช้าง
2026-05-31T12:00:00Z,12.125,102.275,31.150000000000002,5.23,1.31,5,เกาะช้าง
2026-06-01T12:00:00Z,12.125,102.275,31.240000000000002,5.23,1.43,5,เกาะช้าง
2026-06-02T12:00:00Z,12.125,102.275,31.12,5.23,1.34,5,เกาะช้าง
2026-06-03T12:00:00Z,12.125,102.275,30.95,5.23,1.2,5,เกาะช้าง
2026-06-04T12:00:00Z,12.125,102.275,30.86,5.23,1.1400000000000001,5,เกาะช้าง
2026-06-05T12:00:00Z,12.125,102.275,30.92,5.23,1.23,5,เกาะช้าง
2026-06-06T12:00:00Z,12.125,102.275,30.66,5.23,1.0,5,เกาะช้าง
2026-06-07T12:00:00Z,12.125,102.275,30.59,5.23,0.96,5,เกาะช้าง
2026-06-08T12:00:00Z,12.125,102.275,30.2,5.23,0.6,5,เกาะช้าง
2026-06-09T12:00:00Z,12.125,102.275,30.310000000000002,5.23,0.74,5,เกาะช้าง
2026-06-10T12:00:00Z,12.125,102.275,30.580000000000002,5.23,1.03,5,เกาะช้าง
2026-06-11T12:00:00Z,12.125,102.275,29.95,5.23,0.43,5,เกาะช้าง
2026-06-12T12:00:00Z,12.125,102.275,30.55,5.23,1.06,5,เกาะช้าง
2026-06-13T12:00:00Z,12.125,102.275,30.32,5.23,0.86,5,เกาะช้าง
2026-06-14T12:00:00Z,12.125,102.275,30.25,5.23,0.8200000000000001,5,เกาะช้าง
2026-06-15T12:00:00Z,12.125,102.275,30.3,5.23,0.9,5,เกาะช้าง
2026-06-16T12:00:00Z,12.125,102.275,30.310000000000002,5.23,0.93,5,เกาะช้าง
2026-06-17T12:00:00Z,12.125,102.275,30.25,5.23,0.89,5,เกาะช้าง
2026-06-18T12:00:00Z,12.125,102.275,29.95,5.23,0.61,5,เกาะช้าง
2026-06-19T12:00:00Z,12.125,102.275,29.86,5.23,0.54,5,เกาะช้าง
2026-06-20T12:00:00Z,12.125,102.275,30.310000000000002,5.23,1.01,5,เกาะช้าง
2026-06-21T12:00:00Z,12.125,102.275,30.59,5.23,1.31,5,เกาะช้าง
2026-06-22T12:00:00Z,12.125,102.275,30.93,5.23,1.67,5,เกาะช้าง
2026-06-23T12:00:00Z,12.125,102.275,30.67,5.23,1.43,5,เกาะช้าง
2026-06-24T12:00:00Z,12.125,102.275,30.88,5.23,1.6600000000000001,5,เกาะช้าง
2026-06-25T12:00:00Z,12.125,102.275,30.86,5.23,1.6600000000000001,5,เกาะช้าง
2026-06-26T12:00:00Z,12.125,102.275,31.09,5.23,1.9100000000000001,5,เกาะช้าง
2026-06-27T12:00:00Z,12.125,102.275,30.92,5.23,1.76,5,เกาะช้าง
2026-06-28T12:00:00Z,12.125,102.275,30.5,5.23,1.36,5,เกาะช้าง
2026-06-29T12:00:00Z,12.125,102.275,29.990000000000002,5.23,0.87,5,เกาะช้าง
2026-06-30T12:00:00Z,12.125,102.275,30.64,5.23,1.54,5,เกาะช้าง
2026-07-01T12:00:00Z,12.125,102.275,30.43,5.23,1.34,5,เกาะช้าง
2026-07-02T12:00:00Z,12.125,102.275,30.490000000000002,5.23,1.42,5,เกาะช้าง
2026-07-02T12:00:00Z,12.125,102.275,30.490000000000002,5.23,1.42,5,เกาะช้าง
2026-07-03T12:00:00Z,12.125,102.275,30.560000000000002,5.23,1.51,5,เกาะช้าง
2026-07-04T12:00:00Z,12.125,102.275,30.29,5.0600000000000005,1.26,5,เกาะช้าง
2026-07-05T12:00:00Z,12.125,102.275,30.080000000000002,4.9,1.07,5,เกาะช้าง
2026-07-06T12:00:00Z,12.125,102.275,29.87,4.74,0.88,5,เกาะช้าง
2026-07-07T12:00:00Z,12.125,102.275,29.93,4.58,0.96,5,เกาะช้าง
2026-07-08T12:00:00Z,12.125,102.275,29.93,4.41,0.98,5,เกาะช้าง
2026-07-09T12:00:00Z,12.125,102.275,30.12,4.22,1.19,5,เกาะช้าง
2026-07-10T12:00:00Z,12.125,102.275,30.11,4.05,1.2,5,เกาะช้าง
2026-07-11T12:00:00Z,12.125,102.275,30.05,3.88,1.16,5,เกาะช้าง
2026-07-12T12:00:00Z,12.125,102.275,29.93,3.88,1.06,5,เกาะช้าง
2024-07-12T12:00:00Z,7.725,98.775,30.060000000000002,10.72,0.76,6,เกาะพีพี (Shark Point)
2024-07-13T12:00:00Z,7.725,98.775,30.1,10.55,0.81,6,เกาะพีพี (Shark Point)
2024-07-14T12:00:00Z,7.725,98.775,30.09,10.36,0.81,6,เกาะพีพี (Shark Point)
2024-07-15T12:00:00Z,7.725,98.775,30.0,10.15,0.73,6,เกาะพีพี (Shark Point)
2024-07-16T12:00:00Z,7.725,98.775,29.900000000000002,9.98,0.65,6,เกาะพีพี (Shark Point)
2024-07-17T12:00:00Z,7.725,98.775,29.79,9.78,0.55,6,เกาะพีพี (Shark Point)
2024-07-18T12:00:00Z,7.725,98.775,30.11,9.52,0.89,6,เกาะพีพี (Shark Point)
2024-07-19T12:00:00Z,7.725,98.775,30.01,9.32,0.8,6,เกาะพีพี (Shark Point)
2024-07-20T12:00:00Z,7.725,98.775,30.05,9.1,0.86,6,เกาะพีพี (Shark Point)
2024-07-21T12:00:00Z,7.725,98.775,30.1,8.88,0.92,6,เกาะพีพี (Shark Point)
2024-07-22T12:00:00Z,7.725,98.775,30.37,8.58,1.21,6,เกาะพีพี (Shark Point)
2024-07-23T12:00:00Z,7.725,98.775,30.14,8.27,0.99,6,เกาะพีพี (Shark Point)
2024-07-24T12:00:00Z,7.725,98.775,30.16,7.99,1.03,6,เกาะพีพี (Shark Point)
2024-07-26T12:00:00Z,7.725,98.775,30.26,7.5,1.16,6,เกาะพีพี (Shark Point)
2024-07-27T12:00:00Z,7.725,98.775,29.91,7.24,0.8200000000000001,6,เกาะพีพี (Shark Point)
2024-07-28T12:00:00Z,7.725,98.775,29.88,6.98,0.81,6,เกาะพีพี (Shark Point)
2024-07-29T12:00:00Z,7.725,98.775,29.75,6.72,0.6900000000000001,6,เกาะพีพี (Shark Point)
2024-07-30T12:00:00Z,7.725,98.775,30.32,6.49,1.28,6,เกาะพีพี (Shark Point)
2024-07-31T12:00:00Z,7.725,98.775,29.8,6.26,0.77,6,เกาะพีพี (Shark Point)
2024-08-01T12:00:00Z,7.725,98.775,30.09,6.03,1.08,6,เกาะพีพี (Shark Point)
2024-08-02T12:00:00Z,7.725,98.775,30.48,5.8,1.48,6,เกาะพีพี (Shark Point)
2024-08-03T12:00:00Z,7.725,98.775,30.5,5.59,1.52,6,เกาะพีพี (Shark Point)
2024-08-04T12:00:00Z,7.725,98.775,30.32,5.3500000000000005,1.35,6,เกาะพีพี (Shark Point)
2024-08-05T12:00:00Z,7.725,98.775,30.490000000000002,5.11,1.54,6,เกาะพีพี (Shark Point)
2024-08-06T12:00:00Z,7.725,98.775,30.560000000000002,4.87,1.62,6,เกาะพีพี (Shark Point)
2024-08-07T12:00:00Z,7.725,98.775,30.580000000000002,4.59,1.6600000000000001,6,เกาะพีพี (Shark Point)
2024-08-08T12:00:00Z,7.725,98.775,30.75,4.29,1.84,6,เกาะพีพี (Shark Point)
2024-08-09T12:00:00Z,7.725,98.775,30.560000000000002,4.09,1.67,6,เกาะพีพี (Shark Point)
2024-08-10T12:00:00Z,7.725,98.775,30.95,3.89,2.07,6,เกาะพีพี (Shark Point)
2024-08-11T12:00:00Z,7.725,98.775,30.66,3.89,1.8,6,เกาะพีพี (Shark Point)
2024-08-12T12:00:00Z,7.725,98.775,30.89,3.69,2.04,6,เกาะพีพี (Shark Point)
2024-08-13T12:00:00Z,7.725,98.775,30.88,3.69,2.05,6,เกาะพีพี (Shark Point)
2024-08-14T12:00:00Z,7.725,98.775,30.91,3.52,2.09,6,เกาะพีพี (Shark Point)
2024-08-15T12:00:00Z,7.725,98.775,30.94,3.52,2.14,6,เกาะพีพี (Shark Point)
2024-08-16T12:00:00Z,7.725,98.775,31.1,3.41,2.31,6,เกาะพีพี (Shark Point)
2024-08-17T12:00:00Z,7.725,98.775,30.73,3.19,1.95,6,เกาะพีพี (Shark Point)
2024-08-18T12:00:00Z,7.725,98.775,30.93,2.92,2.15,6,เกาะพีพี (Shark Point)
2024-08-19T12:00:00Z,7.725,98.775,30.89,2.67,2.12,6,เกาะพีพี (Shark Point)
2024-08-20T12:00:00Z,7.725,98.775,30.21,2.46,1.45,6,เกาะพีพี (Shark Point)
2024-08-21T12:00:00Z,7.725,98.775,30.63,2.22,1.8800000000000001,6,เกาะพีพี (Shark Point)
2024-08-22T12:00:00Z,7.725,98.775,30.2,2.04,1.46,6,เกาะพีพี (Shark Point)
2024-08-23T12:00:00Z,7.725,98.775,30.02,1.8800000000000001,1.28,6,เกาะพีพี (Shark Point)
2024-08-24T12:00:00Z,7.725,98.775,29.96,1.8800000000000001,1.23,6,เกาะพีพี (Shark Point)
2024-08-25T12:00:00Z,7.725,98.775,30.11,1.8800000000000001,1.3900000000000001,6,เกาะพีพี (Shark Point)
2024-08-26T12:00:00Z,7.725,98.775,29.93,1.69,1.22,6,เกาะพีพี (Shark Point)
2024-08-27T12:00:00Z,7.725,98.775,29.8,1.48,1.1,6,เกาะพีพี (Shark Point)
2024-08-28T12:00:00Z,7.725,98.775,29.76,1.26,1.06,6,เกาะพีพี (Shark Point)
2024-08-29T12:00:00Z,7.725,98.775,29.97,1.09,1.28,6,เกาะพีพี (Shark Point)
2024-08-30T12:00:00Z,7.725,98.775,30.51,0.92,1.83,6,เกาะพีพี (Shark Point)
2024-08-31T12:00:00Z,7.725,98.775,30.48,0.73,1.81,6,เกาะพีพี (Shark Point)
2024-09-01T12:00:00Z,7.725,98.775,30.34,0.52,1.68,6,เกาะพีพี (Shark Point)
2024-09-02T12:00:00Z,7.725,98.775,30.240000000000002,0.31,1.59,6,เกาะพีพี (Shark Point)
2024-09-03T12:00:00Z,7.725,98.775,30.25,0.15,1.6,6,เกาะพีพี (Shark Point)
2024-09-04T12:00:00Z,7.725,98.775,30.22,0.15,1.58,6,เกาะพีพี (Shark Point)
2024-09-05T12:00:00Z,7.725,98.775,29.88,0.15,1.25,6,เกาะพีพี (Shark Point)
2024-09-06T12:00:00Z,7.725,98.775,29.72,0.15,1.1,6,เกาะพีพี (Shark Point)
2024-09-07T12:00:00Z,7.725,98.775,29.63,0.15,1.02,6,เกาะพีพี (Shark Point)
2024-09-08T12:00:00Z,7.725,98.775,29.650000000000002,0.15,1.04,6,เกาะพีพี (Shark Point)
2024-09-09T12:00:00Z,7.725,98.775,29.7,0.15,1.1,6,เกาะพีพี (Shark Point)
2024-09-10T12:00:00Z,7.725,98.775,29.63,0.15,1.04,6,เกาะพีพี (Shark Point)
2024-09-11T12:00:00Z,7.725,98.775,29.64,0.15,1.06,6,เกาะพีพี (Shark Point)
2024-09-12T12:00:00Z,7.725,98.775,29.64,0.15,1.07,6,เกาะพีพี (Shark Point)
2024-09-13T12:00:00Z,7.725,98.775,29.51,0.15,0.9400000000000001,6,เกาะพีพี (Shark Point)
2024-09-14T12:00:00Z,7.725,98.775,29.32,0.15,0.76,6,เกาะพีพี (Shark Point)
2024-09-15T12:00:00Z,7.725,98.775,29.34,0.15,0.79,6,เกาะพีพี (Shark Point)
2024-09-16T12:00:00Z,7.725,98.775,29.32,0.15,0.77,6,เกาะพีพี (Shark Point)
2024-09-17T12:00:00Z,7.725,98.775,29.330000000000002,0.15,0.78,6,เกาะพีพี (Shark Point)
2024-09-18T12:00:00Z,7.725,98.775,29.12,0.15,0.5700000000000001,6,เกาะพีพี (Shark Point)
2024-09-19T12:00:00Z,7.725,98.775,29.240000000000002,0.15,0.68,6,เกาะพีพี (Shark Point)
2024-09-20T12:00:00Z,7.725,98.775,29.11,0.15,0.55,6,เกาะพีพี (Shark Point)
2024-09-21T12:00:00Z,7.725,98.775,28.93,0.15,0.37,6,เกาะพีพี (Shark Point)
2024-09-22T12:00:00Z,7.725,98.775,28.66,0.15,0.1,6,เกาะพีพี (Shark Point)
2024-09-23T12:00:00Z,7.725,98.775,28.52,0.15,-0.04,6,เกาะพีพี (Shark Point)
2024-09-24T12:00:00Z,7.725,98.775,28.85,0.15,0.29,6,เกาะพีพี (Shark Point)
2024-09-25T12:00:00Z,7.725,98.775,28.92,0.15,0.35000000000000003,6,เกาะพีพี (Shark Point)
2024-09-26T12:00:00Z,7.725,98.775,29.27,0.15,0.7000000000000001,6,เกาะพีพี (Shark Point)
2024-09-27T12:00:00Z,7.725,98.775,29.47,0.15,0.9,6,เกาะพีพี (Shark Point)
2024-09-28T12:00:00Z,7.725,98.775,29.54,0.15,0.97,6,เกาะพีพี (Shark Point)
2024-09-29T12:00:00Z,7.725,98.775,29.78,0.15,1.21,6,เกาะพีพี (Shark Point)
2024-09-30T12:00:00Z,7.725,98.775,29.68,0.15,1.11,6,เกาะพีพี (Shark Point)
2024-10-01T12:00:00Z,7.725,98.775,29.72,0.15,1.1400000000000001,6,เกาะพีพี (Shark Point)
2024-10-02T12:00:00Z,7.725,98.775,29.830000000000002,0.15,1.25,6,เกาะพีพี (Shark Point)
2024-10-03T12:00:00Z,7.725,98.775,29.76,0.15,1.18,6,เกาะพีพี (Shark Point)
2024-10-04T12:00:00Z,7.725,98.775,29.93,0.15,1.35,6,เกาะพีพี (Shark Point)
2024-10-05T12:00:00Z,7.725,98.775,29.72,0.15,1.1400000000000001,6,เกาะพีพี (Shark Point)
2024-10-06T12:00:00Z,7.725,98.775,29.82,0.15,1.24,6,เกาะพีพี (Shark Point)
2024-10-07T12:00:00Z,7.725,98.775,29.6,0.15,1.01,6,เกาะพีพี (Shark Point)
2024-10-08T12:00:00Z,7.725,98.775,29.5,0.15,0.91,6,เกาะพีพี (Shark Point)
2024-10-09T12:00:00Z,7.725,98.775,29.86,0.15,1.27,6,เกาะพีพี (Shark Point)
2024-10-10T12:00:00Z,7.725,98.775,29.94,0.15,1.35,6,เกาะพีพี (Shark Point)
2024-10-10T12:00:00Z,7.725,98.775,29.94,0.15,1.35,6,เกาะพีพี (Shark Point)
2024-10-11T12:00:00Z,7.725,98.775,29.89,0.15,1.3,6,เกาะพีพี (Shark Point)
2024-10-12T12:00:00Z,7.725,98.775,29.580000000000002,0.15,0.99,6,เกาะพีพี (Shark Point)
2024-10-13T12:00:00Z,7.725,98.775,29.830000000000002,0.15,1.23,6,เกาะพีพี (Shark Point)
2024-10-14T12:00:00Z,7.725,98.775,29.7,0.15,1.1,6,เกาะพีพี (Shark Point)
2024-10-15T12:00:00Z,7.725,98.775,29.66,0.15,1.06,6,เกาะพีพี (Shark Point)
2024-10-16T12:00:00Z,7.725,98.775,29.79,0.15,1.19,6,เกาะพีพี (Shark Point)
2024-10-17T12:00:00Z,7.725,98.775,29.990000000000002,0.15,1.3900000000000001,6,เกาะพีพี (Shark Point)
2024-10-18T12:00:00Z,7.725,98.775,29.93,0.15,1.33,6,เกาะพีพี (Shark Point)
2024-10-19T12:00:00Z,7.725,98.775,29.76,0.15,1.16,6,เกาะพีพี (Shark Point)
2024-10-20T12:00:00Z,7.725,98.775,29.88,0.15,1.28,6,เกาะพีพี (Shark Point)
2024-10-21T12:00:00Z,7.725,98.775,30.23,0.15,1.6300000000000001,6,เกาะพีพี (Shark Point)
2024-10-22T12:00:00Z,7.725,98.775,30.09,0.15,1.49,6,เกาะพีพี (Shark Point)
2024-10-23T12:00:00Z,7.725,98.775,30.02,0.15,1.42,6,เกาะพีพี (Shark Point)
2024-10-24T12:00:00Z,7.725,98.775,30.09,0.15,1.49,6,เกาะพีพี (Shark Point)
2024-10-25T12:00:00Z,7.725,98.775,30.1,0.15,1.5,6,เกาะพีพี (Shark Point)
2024-10-26T12:00:00Z,7.725,98.775,29.85,0.15,1.25,6,เกาะพีพี (Shark Point)
2024-10-27T12:00:00Z,7.725,98.775,29.78,0.15,1.18,6,เกาะพีพี (Shark Point)
2024-10-28T12:00:00Z,7.725,98.775,29.66,0.15,1.06,6,เกาะพีพี (Shark Point)
2024-10-29T12:00:00Z,7.725,98.775,29.51,0.15,0.91,6,เกาะพีพี (Shark Point)
2024-10-30T12:00:00Z,7.725,98.775,29.67,0.15,1.07,6,เกาะพีพี (Shark Point)
2024-10-31T12:00:00Z,7.725,98.775,29.71,0.15,1.11,6,เกาะพีพี (Shark Point)
2024-11-01T12:00:00Z,7.725,98.775,29.62,0.15,1.02,6,เกาะพีพี (Shark Point)
2024-11-02T12:00:00Z,7.725,98.775,29.55,0.15,0.9500000000000001,6,เกาะพีพี (Shark Point)
2024-11-03T12:00:00Z,7.725,98.775,29.580000000000002,0.15,0.98,6,เกาะพีพี (Shark Point)
2024-11-04T12:00:00Z,7.725,98.775,29.54,0.15,0.9400000000000001,6,เกาะพีพี (Shark Point)
2024-11-05T12:00:00Z,7.725,98.775,29.55,0.15,0.9500000000000001,6,เกาะพีพี (Shark Point)
2024-11-06T12:00:00Z,7.725,98.775,29.69,0.15,1.09,6,เกาะพีพี (Shark Point)
2024-11-07T12:00:00Z,7.725,98.775,29.76,0.15,1.16,6,เกาะพีพี (Shark Point)
2024-11-08T12:00:00Z,7.725,98.775,29.650000000000002,0.0,1.05,6,เกาะพีพี (Shark Point)
2024-11-09T12:00:00Z,7.725,98.775,29.67,0.0,1.07,6,เกาะพีพี (Shark Point)
2024-11-10T12:00:00Z,7.725,98.775,29.84,0.0,1.24,6,เกาะพีพี (Shark Point)
2024-11-11T12:00:00Z,7.725,98.775,29.85,0.0,1.25,6,เกาะพีพี (Shark Point)
2024-11-12T12:00:00Z,7.725,98.775,29.67,0.0,1.07,6,เกาะพีพี (Shark Point)
2024-11-13T12:00:00Z,7.725,98.775,29.78,0.0,1.18,6,เกาะพีพี (Shark Point)
2024-11-14T12:00:00Z,7.725,98.775,29.740000000000002,0.0,1.1400000000000001,6,เกาะพีพี (Shark Point)
2024-11-15T12:00:00Z,7.725,98.775,29.87,0.0,1.27,6,เกาะพีพี (Shark Point)
2024-11-16T12:00:00Z,7.725,98.775,29.97,0.0,1.3800000000000001,6,เกาะพีพี (Shark Point)
2024-11-17T12:00:00Z,7.725,98.775,29.98,0.0,1.41,6,เกาะพีพี (Shark Point)
2024-11-18T12:00:00Z,7.725,98.775,30.05,0.0,1.49,6,เกาะพีพี (Shark Point)
2024-11-19T12:00:00Z,7.725,98.775,29.93,0.0,1.3900000000000001,6,เกาะพีพี (Shark Point)
2024-11-20T12:00:00Z,7.725,98.775,29.79,0.0,1.26,6,เกาะพีพี (Shark Point)
2024-11-21T12:00:00Z,7.725,98.775,29.8,0.0,1.29,6,เกาะพีพี (Shark Point)
2024-11-22T12:00:00Z,7.725,98.775,29.86,0.0,1.36,6,เกาะพีพี (Shark Point)
2024-11-23T12:00:00Z,7.725,98.775,29.95,0.0,1.47,6,เกาะพีพี (Shark Point)
2024-11-24T12:00:00Z,7.725,98.775,29.150000000000002,0.0,0.68,6,เกาะพีพี (Shark Point)
2024-11-25T12:00:00Z,7.725,98.775,29.29,0.0,0.84,6,เกาะพีพี (Shark Point)
2024-11-26T12:00:00Z,7.725,98.775,29.16,0.0,0.72,6,เกาะพีพี (Shark Point)
2024-11-27T12:00:00Z,7.725,98.775,29.2,0.0,0.78,6,เกาะพีพี (Shark Point)
2024-11-28T12:00:00Z,7.725,98.775,29.21,0.0,0.8,6,เกาะพีพี (Shark Point)
2024-11-29T12:00:00Z,7.725,98.775,29.16,0.0,0.77,6,เกาะพีพี (Shark Point)
2024-11-30T12:00:00Z,7.725,98.775,29.2,0.0,0.8200000000000001,6,เกาะพีพี (Shark Point)
2024-12-01T12:00:00Z,7.725,98.775,29.14,0.0,0.77,6,เกาะพีพี (Shark Point)
2024-12-02T12:00:00Z,7.725,98.775,29.150000000000002,0.0,0.8,6,เกาะพีพี (Shark Point)
2024-12-03T12:00:00Z,7.725,98.775,29.080000000000002,0.0,0.74,6,เกาะพีพี (Shark Point)
2024-12-04T12:00:00Z,7.725,98.775,29.04,0.0,0.72,6,เกาะพีพี (Shark Point)
2024-12-05T12:00:00Z,7.725,98.775,29.0,0.0,0.6900000000000001,6,เกาะพีพี (Shark Point)
2024-12-06T12:00:00Z,7.725,98.775,29.45,0.0,1.16,6,เกาะพีพี (Shark Point)
2024-12-07T12:00:00Z,7.725,98.775,29.490000000000002,0.0,1.21,6,เกาะพีพี (Shark Point)
2024-12-08T12:00:00Z,7.725,98.775,29.29,0.0,1.03,6,เกาะพีพี (Shark Point)
2024-12-09T12:00:00Z,7.725,98.775,29.19,0.0,0.9400000000000001,6,เกาะพีพี (Shark Point)
2024-12-10T12:00:00Z,7.725,98.775,29.2,0.0,0.97,6,เกาะพีพี (Shark Point)
2024-12-11T12:00:00Z,7.725,98.775,29.16,0.0,0.9400000000000001,6,เกาะพีพี (Shark Point)
2024-12-12T12:00:00Z,7.725,98.775,29.09,0.0,0.89,6,เกาะพีพี (Shark Point)
2024-12-13T12:00:00Z,7.725,98.775,28.92,0.0,0.73,6,เกาะพีพี (Shark Point)
2024-12-14T12:00:00Z,7.725,98.775,28.87,0.0,0.7000000000000001,6,เกาะพีพี (Shark Point)
2024-12-15T12:00:00Z,7.725,98.775,28.990000000000002,0.0,0.8300000000000001,6,เกาะพีพี (Shark Point)
2024-12-16T12:00:00Z,7.725,98.775,28.93,0.0,0.77,6,เกาะพีพี (Shark Point)
2024-12-17T12:00:00Z,7.725,98.775,29.060000000000002,0.0,0.9,6,เกาะพีพี (Shark Point)
2024-12-18T12:00:00Z,7.725,98.775,29.09,0.0,0.93,6,เกาะพีพี (Shark Point)
2024-12-19T12:00:00Z,7.725,98.775,28.97,0.0,0.8200000000000001,6,เกาะพีพี (Shark Point)
2024-12-20T12:00:00Z,7.725,98.775,28.94,0.0,0.79,6,เกาะพีพี (Shark Point)
2024-12-21T12:00:00Z,7.725,98.775,29.01,0.0,0.86,6,เกาะพีพี (Shark Point)
2024-12-22T12:00:00Z,7.725,98.775,28.96,0.0,0.81,6,เกาะพีพี (Shark Point)
2024-12-23T12:00:00Z,7.725,98.775,28.88,0.0,0.73,6,เกาะพีพี (Shark Point)
2024-12-24T12:00:00Z,7.725,98.775,28.830000000000002,0.0,0.68,6,เกาะพีพี (Shark Point)
2024-12-25T12:00:00Z,7.725,98.775,28.84,0.0,0.7000000000000001,6,เกาะพีพี (Shark Point)
2024-12-26T12:00:00Z,7.725,98.775,28.830000000000002,0.0,0.6900000000000001,6,เกาะพีพี (Shark Point)
2024-12-27T12:00:00Z,7.725,98.775,28.89,0.0,0.75,6,เกาะพีพี (Shark Point)
2024-12-28T12:00:00Z,7.725,98.775,28.96,0.0,0.8200000000000001,6,เกาะพีพี (Shark Point)
2024-12-29T12:00:00Z,7.725,98.775,28.810000000000002,0.0,0.67,6,เกาะพีพี (Shark Point)
2024-12-30T12:00:00Z,7.725,98.775,28.98,0.0,0.84,6,เกาะพีพี (Shark Point)
2024-12-31T12:00:00Z,7.725,98.775,28.91,0.0,0.78,6,เกาะพีพี (Shark Point)
2025-01-01T12:00:00Z,7.725,98.775,29.0,0.0,0.87,6,เกาะพีพี (Shark Point)
2025-01-02T12:00:00Z,7.725,98.775,28.97,0.0,0.84,6,เกาะพีพี (Shark Point)
2025-01-03T12:00:00Z,7.725,98.775,28.95,0.0,0.8200000000000001,6,เกาะพีพี (Shark Point)
2025-01-04T12:00:00Z,7.725,98.775,28.95,0.0,0.8200000000000001,6,เกาะพีพี (Shark Point)
2025-01-05T12:00:00Z,7.725,98.775,28.96,0.0,0.8300000000000001,6,เกาะพีพี (Shark Point)
2025-01-06T12:00:00Z,7.725,98.775,28.88,0.0,0.76,6,เกาะพีพี (Shark Point)
2025-01-07T12:00:00Z,7.725,98.775,28.86,0.0,0.74,6,เกาะพีพี (Shark Point)
2025-01-08T12:00:00Z,7.725,98.775,28.89,0.0,0.77,6,เกาะพีพี (Shark Point)
2025-01-08T12:00:00Z,7.725,98.775,28.89,0.0,0.77,6,เกาะพีพี (Shark Point)
2025-01-09T12:00:00Z,7.725,98.775,28.89,0.0,0.77,6,เกาะพีพี (Shark Point)
2025-01-10T12:00:00Z,7.725,98.775,28.88,0.0,0.76,6,เกาะพีพี (Shark Point)
2025-01-11T12:00:00Z,7.725,98.775,28.76,0.0,0.64,6,เกาะพีพี (Shark Point)
2025-01-12T12:00:00Z,7.725,98.775,28.580000000000002,0.0,0.47000000000000003,6,เกาะพีพี (Shark Point)
2025-01-13T12:00:00Z,7.725,98.775,28.37,0.0,0.26,6,เกาะพีพี (Shark Point)
2025-01-14T12:00:00Z,7.725,98.775,28.400000000000002,0.0,0.29,6,เกาะพีพี (Shark Point)
2025-01-15T12:00:00Z,7.725,98.775,28.37,0.0,0.26,6,เกาะพีพี (Shark Point)
2025-01-16T12:00:00Z,7.725,98.775,28.36,0.0,0.24,6,เกาะพีพี (Shark Point)
2025-01-17T12:00:00Z,7.725,98.775,28.36,0.0,0.22,6,เกาะพีพี (Shark Point)
2025-01-18T12:00:00Z,7.725,98.775,27.98,0.0,-0.17,6,เกาะพีพี (Shark Point)
2025-01-19T12:00:00Z,7.725,98.775,28.240000000000002,0.0,0.08,6,เกาะพีพี (Shark Point)
2025-01-20T12:00:00Z,7.725,98.775,28.37,0.0,0.2,6,เกาะพีพี (Shark Point)
2025-01-21T12:00:00Z,7.725,98.775,28.330000000000002,0.0,0.14,6,เกาะพีพี (Shark Point)
2025-01-22T12:00:00Z,7.725,98.775,28.5,0.0,0.3,6,เกาะพีพี (Shark Point)
2025-01-23T12:00:00Z,7.725,98.775,28.34,0.0,0.13,6,เกาะพีพี (Shark Point)
2025-01-24T12:00:00Z,7.725,98.775,28.490000000000002,0.0,0.27,6,เกาะพีพี (Shark Point)
2025-01-25T12:00:00Z,7.725,98.775,28.64,0.0,0.4,6,เกาะพีพี (Shark Point)
2025-01-26T12:00:00Z,7.725,98.775,28.52,0.0,0.27,6,เกาะพีพี (Shark Point)
2025-01-27T12:00:00Z,7.725,98.775,28.53,0.0,0.27,6,เกาะพีพี (Shark Point)
2025-01-28T12:00:00Z,7.725,98.775,28.42,0.0,0.15,6,เกาะพีพี (Shark Point)
2025-01-29T12:00:00Z,7.725,98.775,28.36,0.0,0.07,6,เกาะพีพี (Shark Point)
2025-01-30T12:00:00Z,7.725,98.775,28.23,0.0,-0.07,6,เกาะพีพี (Shark Point)
2025-01-31T12:00:00Z,7.725,98.775,28.44,0.0,0.13,6,เกาะพีพี (Shark Point)
2025-02-01T12:00:00Z,7.725,98.775,28.490000000000002,0.0,0.17,6,เกาะพีพี (Shark Point)
2025-02-02T12:00:00Z,7.725,98.775,28.62,0.0,0.28,6,เกาะพีพี (Shark Point)
2025-02-03T12:00:00Z,7.725,98.775,28.63,0.0,0.28,6,เกาะพีพี (Shark Point)
2025-02-04T12:00:00Z,7.725,98.775,28.66,0.0,0.3,6,เกาะพีพี (Shark Point)
2025-02-05T12:00:00Z,7.725,98.775,28.55,0.0,0.18,6,เกาะพีพี (Shark Point)
2025-02-06T12:00:00Z,7.725,98.775,28.63,0.0,0.24,6,เกาะพีพี (Shark Point)
2025-02-07T12:00:00Z,7.725,98.775,28.71,0.0,0.31,6,เกาะพีพี (Shark Point)
2025-02-08T12:00:00Z,7.725,98.775,28.73,0.0,0.32,6,เกาะพีพี (Shark Point)
2025-02-09T12:00:00Z,7.725,98.775,28.72,0.0,0.3,6,เกาะพีพี (Shark Point)
2025-02-10T12:00:00Z,7.725,98.775,28.830000000000002,0.0,0.39,6,เกาะพีพี (Shark Point)
2025-02-11T12:00:00Z,7.725,98.775,28.8,0.0,0.35000000000000003,6,เกาะพีพี (Shark Point)
2025-02-12T12:00:00Z,7.725,98.775,28.95,0.0,0.49,6,เกาะพีพี (Shark Point)
2025-02-13T12:00:00Z,7.725,98.775,28.76,0.0,0.29,6,เกาะพีพี (Shark Point)
2025-02-14T12:00:00Z,7.725,98.775,29.03,0.0,0.54,6,เกาะพีพี (Shark Point)
2025-02-15T12:00:00Z,7.725,98.775,29.080000000000002,0.0,0.58,6,เกาะพีพี (Shark Point)
2025-02-16T12:00:00Z,7.725,98.775,29.22,0.0,0.6900000000000001,6,เกาะพีพี (Shark Point)
2025-02-17T12:00:00Z,7.725,98.775,29.25,0.0,0.6900000000000001,6,เกาะพีพี (Shark Point)
2025-02-18T12:00:00Z,7.725,98.775,29.45,0.0,0.87,6,เกาะพีพี (Shark Point)
2025-02-19T12:00:00Z,7.725,98.775,29.21,0.0,0.6,6,เกาะพีพี (Shark Point)
2025-02-20T12:00:00Z,7.725,98.775,29.2,0.0,0.56,6,เกาะพีพี (Shark Point)
2025-02-21T12:00:00Z,7.725,98.775,29.36,0.0,0.6900000000000001,6,เกาะพีพี (Shark Point)
2025-02-22T12:00:00Z,7.725,98.775,29.38,0.0,0.6900000000000001,6,เกาะพีพี (Shark Point)
2025-02-23T12:00:00Z,7.725,98.775,29.3,0.0,0.58,6,เกาะพีพี (Shark Point)
2025-02-24T12:00:00Z,7.725,98.775,29.1,0.0,0.35000000000000003,6,เกาะพีพี (Shark Point)
2025-02-25T12:00:00Z,7.725,98.775,29.14,0.0,0.36,6,เกาะพีพี (Shark Point)
2025-02-26T12:00:00Z,7.725,98.775,29.09,0.0,0.28,6,เกาะพีพี (Shark Point)
2025-02-27T12:00:00Z,7.725,98.775,29.0,0.0,0.17,6,เกาะพีพี (Shark Point)
2025-02-28T12:00:00Z,7.725,98.775,29.150000000000002,0.0,0.29,6,เกาะพีพี (Shark Point)
2025-03-01T12:00:00Z,7.725,98.775,29.13,0.0,0.24,6,เกาะพีพี (Shark Point)
2025-03-02T12:00:00Z,7.725,98.775,29.150000000000002,0.0,0.23,6,เกาะพีพี (Shark Point)
2025-03-03T12:00:00Z,7.725,98.775,29.28,0.0,0.33,6,เกาะพีพี (Shark Point)
2025-03-04T12:00:00Z,7.725,98.775,29.310000000000002,0.0,0.34,6,เกาะพีพี (Shark Point)
2025-03-05T12:00:00Z,7.725,98.775,29.36,0.0,0.36,6,เกาะพีพี (Shark Point)
2025-03-06T12:00:00Z,7.725,98.775,29.240000000000002,0.0,0.21,6,เกาะพีพี (Shark Point)
2025-03-07T12:00:00Z,7.725,98.775,29.57,0.0,0.51,6,เกาะพีพี (Shark Point)
2025-03-08T12:00:00Z,7.725,98.775,29.75,0.0,0.67,6,เกาะพีพี (Shark Point)
2025-03-09T12:00:00Z,7.725,98.775,29.66,0.0,0.55,6,เกาะพีพี (Shark Point)
2025-03-10T12:00:00Z,7.725,98.775,29.63,0.0,0.49,6,เกาะพีพี (Shark Point)
2025-03-11T12:00:00Z,7.725,98.775,29.68,0.0,0.51,6,เกาะพีพี (Shark Point)
2025-03-12T12:00:00Z,7.725,98.775,29.63,0.0,0.43,6,เกาะพีพี (Shark Point)
2025-03-13T12:00:00Z,7.725,98.775,29.71,0.0,0.49,6,เกาะพีพี (Shark Point)
2025-03-14T12:00:00Z,7.725,98.775,29.53,0.0,0.28,6,เกาะพีพี (Shark Point)
2025-03-15T12:00:00Z,7.725,98.775,29.64,0.0,0.36,6,เกาะพีพี (Shark Point)
2025-03-16T12:00:00Z,7.725,98.775,29.88,0.0,0.58,6,เกาะพีพี (Shark Point)
2025-03-17T12:00:00Z,7.725,98.775,29.85,0.0,0.52,6,เกาะพีพี (Shark Point)
2025-03-18T12:00:00Z,7.725,98.775,29.66,0.0,0.31,6,เกาะพีพี (Shark Point)
2025-03-19T12:00:00Z,7.725,98.775,29.76,0.0,0.38,6,เกาะพีพี (Shark Point)
2025-03-20T12:00:00Z,7.725,98.775,29.72,0.0,0.32,6,เกาะพีพี (Shark Point)
2025-03-21T12:00:00Z,7.725,98.775,29.57,0.0,0.14,6,เกาะพีพี (Shark Point)
2025-03-22T12:00:00Z,7.725,98.775,29.55,0.0,0.1,6,เกาะพีพี (Shark Point)
2025-03-23T12:00:00Z,7.725,98.775,29.5,0.0,0.02,6,เกาะพีพี (Shark Point)
2025-03-24T12:00:00Z,7.725,98.775,29.57,0.0,0.07,6,เกาะพีพี (Shark Point)
2025-03-25T12:00:00Z,7.725,98.775,29.7,0.0,0.17,6,เกาะพีพี (Shark Point)
2025-03-26T12:00:00Z,7.725,98.775,29.91,0.0,0.36,6,เกาะพีพี (Shark Point)
2025-03-27T12:00:00Z,7.725,98.775,29.93,0.0,0.36,6,เกาะพีพี (Shark Point)
2025-03-28T12:00:00Z,7.725,98.775,29.810000000000002,0.0,0.21,6,เกาะพีพี (Shark Point)
2025-03-29T12:00:00Z,7.725,98.775,30.03,0.0,0.41000000000000003,6,เกาะพีพี (Shark Point)
2025-03-30T12:00:00Z,7.725,98.775,30.330000000000002,0.0,0.68,6,เกาะพีพี (Shark Point)
2025-03-31T12:00:00Z,7.725,98.775,30.32,0.0,0.65,6,เกาะพีพี (Shark Point)
2025-04-01T12:00:00Z,7.725,98.775,29.79,0.0,0.09,6,เกาะพีพี (Shark Point)
2025-04-02T12:00:00Z,7.725,98.775,30.01,0.0,0.29,6,เกาะพีพี (Shark Point)
2025-04-03T12:00:00Z,7.725,98.775,30.09,0.0,0.34,6,เกาะพีพี (Shark Point)
2025-04-04T12:00:00Z,7.725,98.775,30.0,0.0,0.23,6,เกาะพีพี (Shark Point)
2025-04-05T12:00:00Z,7.725,98.775,30.01,0.0,0.22,6,เกาะพีพี (Shark Point)
2025-04-06T12:00:00Z,7.725,98.775,30.150000000000002,0.0,0.33,6,เกาะพีพี (Shark Point)
2025-04-07T12:00:00Z,7.725,98.775,30.11,0.0,0.27,6,เกาะพีพี (Shark Point)
2025-04-08T12:00:00Z,7.725,98.775,30.17,0.0,0.3,6,เกาะพีพี (Shark Point)
2025-04-08T12:00:00Z,7.725,98.775,30.17,0.0,0.3,6,เกาะพีพี (Shark Point)
2025-04-09T12:00:00Z,7.725,98.775,30.29,0.0,0.4,6,เกาะพีพี (Shark Point)
2025-04-10T12:00:00Z,7.725,98.775,30.26,0.0,0.34,6,เกาะพีพี (Shark Point)
2025-04-11T12:00:00Z,7.725,98.775,30.18,0.0,0.24,6,เกาะพีพี (Shark Point)
2025-04-12T12:00:00Z,7.725,98.775,30.18,0.0,0.21,6,เกาะพีพี (Shark Point)
2025-04-13T12:00:00Z,7.725,98.775,30.26,0.0,0.27,6,เกาะพีพี (Shark Point)
2025-04-14T12:00:00Z,7.725,98.775,30.7,0.0,0.68,6,เกาะพีพี (Shark Point)
2025-04-15T12:00:00Z,7.725,98.775,30.71,0.0,0.67,6,เกาะพีพี (Shark Point)
2025-04-16T12:00:00Z,7.725,98.775,30.5,0.0,0.46,6,เกาะพีพี (Shark Point)
2025-04-17T12:00:00Z,7.725,98.775,30.57,0.0,0.54,6,เกาะพีพี (Shark Point)
2025-04-18T12:00:00Z,7.725,98.775,30.75,0.0,0.72,6,เกาะพีพี (Shark Point)
2025-04-19T12:00:00Z,7.725,98.775,30.55,0.0,0.52,6,เกาะพีพี (Shark Point)
2025-04-20T12:00:00Z,7.725,98.775,30.62,0.0,0.6,6,เกาะพีพี (Shark Point)
2025-04-21T12:00:00Z,7.725,98.775,30.48,0.0,0.46,6,เกาะพีพี (Shark Point)
2025-04-22T12:00:00Z,7.725,98.775,30.69,0.0,0.68,6,เกาะพีพี (Shark Point)
2025-04-23T12:00:00Z,7.725,98.775,30.53,0.0,0.52,6,เกาะพีพี (Shark Point)
2025-04-24T12:00:00Z,7.725,98.775,30.84,0.0,0.8300000000000001,6,เกาะพีพี (Shark Point)
2025-04-25T12:00:00Z,7.725,98.775,31.07,0.15,1.07,6,เกาะพีพี (Shark Point)
2025-04-26T12:00:00Z,7.725,98.775,30.98,0.15,0.98,6,เกาะพีพี (Shark Point)
2025-04-27T12:00:00Z,7.725,98.775,30.830000000000002,0.15,0.8300000000000001,6,เกาะพีพี (Shark Point)
2025-04-28T12:00:00Z,7.725,98.775,30.810000000000002,0.15,0.8200000000000001,6,เกาะพีพี (Shark Point)
2025-04-29T12:00:00Z,7.725,98.775,30.91,0.15,0.92,6,เกาะพีพี (Shark Point)
2025-04-30T12:00:00Z,7.725,98.775,31.05,0.29,1.07,6,เกาะพีพี (Shark Point)
2025-05-01T12:00:00Z,7.725,98.775,31.07,0.44,1.09,6,เกาะพีพี (Shark Point)
2025-05-02T12:00:00Z,7.725,98.775,31.05,0.58,1.07,6,เกาะพีพี (Shark Point)
2025-05-03T12:00:00Z,7.725,98.775,30.82,0.58,0.85,6,เกาะพีพี (Shark Point)
2025-05-04T12:00:00Z,7.725,98.775,30.77,0.58,0.8,6,เกาะพีพี (Shark Point)
2025-05-05T12:00:00Z,7.725,98.775,30.810000000000002,0.58,0.84,6,เกาะพีพี (Shark Point)
2025-05-06T12:00:00Z,7.725,98.775,30.78,0.58,0.8200000000000001,6,เกาะพีพี (Shark Point)
2025-05-07T12:00:00Z,7.725,98.775,30.490000000000002,0.58,0.53,6,เกาะพีพี (Shark Point)
2025-05-08T12:00:00Z,7.725,98.775,30.6,0.58,0.64,6,เกาะพีพี (Shark Point)
2025-05-09T12:00:00Z,7.725,98.775,30.560000000000002,0.58,0.61,6,เกาะพีพี (Shark Point)
2025-05-10T12:00:00Z,7.725,98.775,30.400000000000002,0.58,0.45,6,เกาะพีพี (Shark Point)
2025-05-11T12:00:00Z,7.725,98.775,30.42,0.58,0.48,6,เกาะพีพี (Shark Point)
2025-05-12T12:00:00Z,7.725,98.775,30.3,0.58,0.36,6,เกาะพีพี (Shark Point)
2025-05-13T12:00:00Z,7.725,98.775,30.240000000000002,0.58,0.3,6,เกาะพีพี (Shark Point)
2025-05-14T12:00:00Z,7.725,98.775,30.080000000000002,0.58,0.15,6,เกาะพีพี (Shark Point)
2025-05-15T12:00:00Z,7.725,98.775,30.73,0.58,0.8,6,เกาะพีพี (Shark Point)
2025-05-16T12:00:00Z,7.725,98.775,30.52,0.58,0.6,6,เกาะพีพี (Shark Point)
2025-05-17T12:00:00Z,7.725,98.775,30.45,0.58,0.54,6,เกาะพีพี (Shark Point)
2025-05-18T12:00:00Z,7.725,98.775,30.63,0.58,0.73,6,เกาะพีพี (Shark Point)
2025-05-19T12:00:00Z,7.725,98.775,30.650000000000002,0.58,0.76,6,เกาะพีพี (Shark Point)
2025-05-20T12:00:00Z,7.725,98.775,30.5,0.58,0.62,6,เกาะพีพี (Shark Point)
2025-05-21T12:00:00Z,7.725,98.775,30.62,0.58,0.76,6,เกาะพีพี (Shark Point)
2025-05-22T12:00:00Z,7.725,98.775,30.44,0.58,0.59,6,เกาะพีพี (Shark Point)
2025-05-23T12:00:00Z,7.725,98.775,30.240000000000002,0.58,0.4,6,เกาะพีพี (Shark Point)
2025-05-24T12:00:00Z,7.725,98.775,30.11,0.58,0.28,6,เกาะพีพี (Shark Point)
2025-05-25T12:00:00Z,7.725,98.775,30.060000000000002,0.58,0.24,6,เกาะพีพี (Shark Point)
2025-05-26T12:00:00Z,7.725,98.775,30.1,0.58,0.29,6,เกาะพีพี (Shark Point)
2025-05-27T12:00:00Z,7.725,98.775,29.98,0.58,0.18,6,เกาะพีพี (Shark Point)
2025-05-28T12:00:00Z,7.725,98.775,29.900000000000002,0.58,0.11,6,เกาะพีพี (Shark Point)
2025-05-29T12:00:00Z,7.725,98.775,30.310000000000002,0.58,0.53,6,เกาะพีพี (Shark Point)
2025-05-30T12:00:00Z,7.725,98.775,30.150000000000002,0.58,0.38,6,เกาะพีพี (Shark Point)
2025-05-31T12:00:00Z,7.725,98.775,30.400000000000002,0.58,0.65,6,เกาะพีพี (Shark Point)
2025-06-01T12:00:00Z,7.725,98.775,30.23,0.58,0.49,6,เกาะพีพี (Shark Point)
2025-06-02T12:00:00Z,7.725,98.775,30.400000000000002,0.58,0.67,6,เกาะพีพี (Shark Point)
2025-06-03T12:00:00Z,7.725,98.775,30.23,0.58,0.51,6,เกาะพีพี (Shark Point)
2025-06-04T12:00:00Z,7.725,98.775,30.3,0.58,0.59,6,เกาะพีพี (Shark Point)
2025-06-05T12:00:00Z,7.725,98.775,30.13,0.58,0.43,6,เกาะพีพี (Shark Point)
2025-06-06T12:00:00Z,7.725,98.775,30.09,0.58,0.4,6,เกาะพีพี (Shark Point)
2025-06-07T12:00:00Z,7.725,98.775,30.0,0.58,0.32,6,เกาะพีพี (Shark Point)
2025-06-08T12:00:00Z,7.725,98.775,30.0,0.58,0.33,6,เกาะพีพี (Shark Point)
2025-06-09T12:00:00Z,7.725,98.775,29.62,0.58,-0.04,6,เกาะพีพี (Shark Point)
2025-06-10T12:00:00Z,7.725,98.775,30.04,0.58,0.4,6,เกาะพีพี (Shark Point)
2025-06-11T12:00:00Z,7.725,98.775,29.310000000000002,0.58,-0.32,6,เกาะพีพี (Shark Point)
2025-06-12T12:00:00Z,7.725,98.775,29.68,0.58,0.06,6,เกาะพีพี (Shark Point)
2025-06-13T12:00:00Z,7.725,98.775,29.67,0.58,0.06,6,เกาะพีพี (Shark Point)
2025-06-14T12:00:00Z,7.725,98.775,29.76,0.58,0.16,6,เกาะพีพี (Shark Point)
2025-06-15T12:00:00Z,7.725,98.775,29.89,0.58,0.3,6,เกาะพีพี (Shark Point)
2025-06-16T12:00:00Z,7.725,98.775,29.94,0.58,0.36,6,เกาะพีพี (Shark Point)
2025-06-17T12:00:00Z,7.725,98.775,29.87,0.58,0.3,6,เกาะพีพี (Shark Point)
2025-06-18T12:00:00Z,7.725,98.775,29.75,0.58,0.19,6,เกาะพีพี (Shark Point)
2025-06-19T12:00:00Z,7.725,98.775,29.87,0.58,0.32,6,เกาะพีพี (Shark Point)
2025-06-20T12:00:00Z,7.725,98.775,29.72,0.58,0.18,6,เกาะพีพี (Shark Point)
2025-06-21T12:00:00Z,7.725,98.775,29.61,0.58,0.08,6,เกาะพีพี (Shark Point)
2025-06-22T12:00:00Z,7.725,98.775,29.490000000000002,0.58,-0.03,6,เกาะพีพี (Shark Point)
2025-06-23T12:00:00Z,7.725,98.775,29.3,0.58,-0.2,6,เกาะพีพี (Shark Point)
2025-06-24T12:00:00Z,7.725,98.775,29.37,0.58,-0.12,6,เกาะพีพี (Shark Point)
2025-06-25T12:00:00Z,7.725,98.775,29.64,0.58,0.16,6,เกาะพีพี (Shark Point)
2025-06-26T12:00:00Z,7.725,98.775,29.52,0.58,0.05,6,เกาะพีพี (Shark Point)
2025-06-27T12:00:00Z,7.725,98.775,29.67,0.58,0.21,6,เกาะพีพี (Shark Point)
2025-06-28T12:00:00Z,7.725,98.775,30.01,0.58,0.56,6,เกาะพีพี (Shark Point)
2025-06-29T12:00:00Z,7.725,98.775,30.05,0.58,0.61,6,เกาะพีพี (Shark Point)
2025-06-30T12:00:00Z,7.725,98.775,30.02,0.58,0.59,6,เกาะพีพี (Shark Point)
2025-07-01T12:00:00Z,7.725,98.775,29.86,0.58,0.44,6,เกาะพีพี (Shark Point)
2025-07-02T12:00:00Z,7.725,98.775,29.95,0.58,0.54,6,เกาะพีพี (Shark Point)
2025-07-03T12:00:00Z,7.725,98.775,29.93,0.58,0.53,6,เกาะพีพี (Shark Point)
2025-07-04T12:00:00Z,7.725,98.775,30.04,0.58,0.65,6,เกาะพีพี (Shark Point)
2025-07-05T12:00:00Z,7.725,98.775,30.01,0.58,0.63,6,เกาะพีพี (Shark Point)
2025-07-06T12:00:00Z,7.725,98.775,29.94,0.58,0.5700000000000001,6,เกาะพีพี (Shark Point)
2025-07-07T12:00:00Z,7.725,98.775,29.94,0.58,0.58,6,เกาะพีพี (Shark Point)
2025-07-07T12:00:00Z,7.725,98.775,29.94,0.58,0.58,6,เกาะพีพี (Shark Point)
2025-07-08T12:00:00Z,7.725,98.775,29.92,0.58,0.58,6,เกาะพีพี (Shark Point)
2025-07-09T12:00:00Z,7.725,98.775,29.78,0.58,0.45,6,เกาะพีพี (Shark Point)
2025-07-10T12:00:00Z,7.725,98.775,29.93,0.58,0.61,6,เกาะพีพี (Shark Point)
2025-07-11T12:00:00Z,7.725,98.775,29.72,0.58,0.41000000000000003,6,เกาะพีพี (Shark Point)
2025-07-12T12:00:00Z,7.725,98.775,29.76,0.58,0.46,6,เกาะพีพี (Shark Point)
2025-07-13T12:00:00Z,7.725,98.775,29.740000000000002,0.58,0.45,6,เกาะพีพี (Shark Point)
2025-07-14T12:00:00Z,7.725,98.775,29.830000000000002,0.58,0.55,6,เกาะพีพี (Shark Point)
2025-07-15T12:00:00Z,7.725,98.775,29.77,0.58,0.5,6,เกาะพีพี (Shark Point)
2025-07-16T12:00:00Z,7.725,98.775,29.63,0.58,0.38,6,เกาะพีพี (Shark Point)
2025-07-17T12:00:00Z,7.725,98.775,29.96,0.58,0.72,6,เกาะพีพี (Shark Point)
2025-07-18T12:00:00Z,7.725,98.775,29.95,0.44,0.73,6,เกาะพีพี (Shark Point)
2025-07-19T12:00:00Z,7.725,98.775,29.88,0.44,0.67,6,เกาะพีพี (Shark Point)
2025-07-20T12:00:00Z,7.725,98.775,29.87,0.44,0.68,6,เกาะพีพี (Shark Point)
2025-07-21T12:00:00Z,7.725,98.775,29.8,0.44,0.62,6,เกาะพีพี (Shark Point)
2025-07-22T12:00:00Z,7.725,98.775,29.79,0.44,0.63,6,เกาะพีพี (Shark Point)
2025-07-23T12:00:00Z,7.725,98.775,29.830000000000002,0.29,0.68,6,เกาะพีพี (Shark Point)
2025-07-24T12:00:00Z,7.725,98.775,29.73,0.14,0.6,6,เกาะพีพี (Shark Point)
2025-07-25T12:00:00Z,7.725,98.775,29.91,0.0,0.79,6,เกาะพีพี (Shark Point)
2025-07-26T12:00:00Z,7.725,98.775,29.89,0.0,0.79,6,เกาะพีพี (Shark Point)
2025-07-27T12:00:00Z,7.725,98.775,30.1,0.0,1.01,6,เกาะพีพี (Shark Point)
2025-07-28T12:00:00Z,7.725,98.775,30.03,0.0,0.96,6,เกาะพีพี (Shark Point)
2025-07-29T12:00:00Z,7.725,98.775,29.94,0.0,0.88,6,เกาะพีพี (Shark Point)
2025-07-30T12:00:00Z,7.725,98.775,29.92,0.0,0.88,6,เกาะพีพี (Shark Point)
2025-07-31T12:00:00Z,7.725,98.775,30.04,0.0,1.01,6,เกาะพีพี (Shark Point)
2025-08-01T12:00:00Z,7.725,98.775,30.29,0.0,1.28,6,เกาะพีพี (Shark Point)
2025-08-02T12:00:00Z,7.725,98.775,30.17,0.0,1.17,6,เกาะพีพี (Shark Point)
2025-08-03T12:00:00Z,7.725,98.775,30.71,0.0,1.73,6,เกาะพีพี (Shark Point)
2025-08-04T12:00:00Z,7.725,98.775,30.46,0.0,1.49,6,เกาะพีพี (Shark Point)
2025-08-05T12:00:00Z,7.725,98.775,30.55,0.0,1.6,6,เกาะพีพี (Shark Point)
2025-08-06T12:00:00Z,7.725,98.775,30.32,0.0,1.3800000000000001,6,เกาะพีพี (Shark Point)
2025-08-07T12:00:00Z,7.725,98.775,30.55,0.0,1.6300000000000001,6,เกาะพีพี (Shark Point)
2025-08-08T12:00:00Z,7.725,98.775,30.37,0.0,1.46,6,เกาะพีพี (Shark Point)
2025-08-09T12:00:00Z,7.725,98.775,30.34,0.0,1.45,6,เกาะพีพี (Shark Point)
2025-08-10T12:00:00Z,7.725,98.775,30.150000000000002,0.0,1.27,6,เกาะพีพี (Shark Point)
2025-08-11T12:00:00Z,7.725,98.775,30.04,0.0,1.18,6,เกาะพีพี (Shark Point)
2025-08-12T12:00:00Z,7.725,98.775,30.11,0.0,1.26,6,เกาะพีพี (Shark Point)
2025-08-13T12:00:00Z,7.725,98.775,30.27,0.0,1.44,6,เกาะพีพี (Shark Point)
2025-08-14T12:00:00Z,7.725,98.775,30.080000000000002,0.0,1.26,6,เกาะพีพี (Shark Point)
2025-08-15T12:00:00Z,7.725,98.775,29.990000000000002,0.0,1.19,6,เกาะพีพี (Shark Point)
2025-08-16T12:00:00Z,7.725,98.775,29.86,0.0,1.07,6,เกาะพีพี (Shark Point)
2025-08-17T12:00:00Z,7.725,98.775,29.88,0.0,1.1,6,เกาะพีพี (Shark Point)
2025-08-18T12:00:00Z,7.725,98.775,30.080000000000002,0.0,1.3,6,เกาะพีพี (Shark Point)
2025-08-19T12:00:00Z,7.725,98.775,29.87,0.0,1.1,6,เกาะพีพี (Shark Point)
2025-08-20T12:00:00Z,7.725,98.775,29.84,0.0,1.08,6,เกาะพีพี (Shark Point)
2025-08-21T12:00:00Z,7.725,98.775,29.59,0.0,0.84,6,เกาะพีพี (Shark Point)
2025-08-22T12:00:00Z,7.725,98.775,29.740000000000002,0.0,1.0,6,เกาะพีพี (Shark Point)
2025-08-23T12:00:00Z,7.725,98.775,29.69,0.0,0.9500000000000001,6,เกาะพีพี (Shark Point)
2025-08-24T12:00:00Z,7.725,98.775,29.64,0.0,0.91,6,เกาะพีพี (Shark Point)
2025-08-25T12:00:00Z,7.725,98.775,29.78,0.0,1.06,6,เกาะพีพี (Shark Point)
2025-08-26T12:00:00Z,7.725,98.775,29.740000000000002,0.0,1.03,6,เกาะพีพี (Shark Point)
2025-08-27T12:00:00Z,7.725,98.775,29.89,0.0,1.19,6,เกาะพีพี (Shark Point)
2025-08-28T12:00:00Z,7.725,98.775,29.63,0.0,0.93,6,เกาะพีพี (Shark Point)
2025-08-29T12:00:00Z,7.725,98.775,29.47,0.0,0.78,6,เกาะพีพี (Shark Point)
2025-08-30T12:00:00Z,7.725,98.775,29.57,0.0,0.89,6,เกาะพีพี (Shark Point)
2025-08-31T12:00:00Z,7.725,98.775,29.47,0.0,0.8,6,เกาะพีพี (Shark Point)
2025-09-01T12:00:00Z,7.725,98.775,29.42,0.0,0.76,6,เกาะพีพี (Shark Point)
2025-09-02T12:00:00Z,7.725,98.775,29.55,0.0,0.9,6,เกาะพีพี (Shark Point)
2025-09-03T12:00:00Z,7.725,98.775,29.25,0.0,0.6,6,เกาะพีพี (Shark Point)
2025-09-04T12:00:00Z,7.725,98.775,29.19,0.0,0.55,6,เกาะพีพี (Shark Point)
2025-09-05T12:00:00Z,7.725,98.775,29.09,0.0,0.46,6,เกาะพีพี (Shark Point)
2025-09-06T12:00:00Z,7.725,98.775,29.080000000000002,0.0,0.46,6,เกาะพีพี (Shark Point)
2025-09-07T12:00:00Z,7.725,98.775,29.03,0.0,0.42,6,เกาะพีพี (Shark Point)
2025-09-08T12:00:00Z,7.725,98.775,29.080000000000002,0.0,0.47000000000000003,6,เกาะพีพี (Shark Point)
2025-09-09T12:00:00Z,7.725,98.775,28.93,0.0,0.33,6,เกาะพีพี (Shark Point)
2025-09-10T12:00:00Z,7.725,98.775,28.71,0.0,0.12,6,เกาะพีพี (Shark Point)
2025-09-11T12:00:00Z,7.725,98.775,29.18,0.0,0.6,6,เกาะพีพี (Shark Point)
2025-09-12T12:00:00Z,7.725,98.775,29.01,0.0,0.44,6,เกาะพีพี (Shark Point)
2025-09-13T12:00:00Z,7.725,98.775,28.97,0.0,0.4,6,เกาะพีพี (Shark Point)
2025-09-14T12:00:00Z,7.725,98.775,29.37,0.0,0.81,6,เกาะพีพี (Shark Point)
2025-09-15T12:00:00Z,7.725,98.775,29.22,0.0,0.67,6,เกาะพีพี (Shark Point)
2025-09-16T12:00:00Z,7.725,98.775,29.25,0.0,0.7000000000000001,6,เกาะพีพี (Shark Point)
2025-09-17T12:00:00Z,7.725,98.775,29.400000000000002,0.0,0.85,6,เกาะพีพี (Shark Point)
2025-09-18T12:00:00Z,7.725,98.775,29.25,0.0,0.7000000000000001,6,เกาะพีพี (Shark Point)
2025-09-19T12:00:00Z,7.725,98.775,29.47,0.0,0.91,6,เกาะพีพี (Shark Point)
2025-09-20T12:00:00Z,7.725,98.775,29.53,0.0,0.97,6,เกาะพีพี (Shark Point)
2025-09-21T12:00:00Z,7.725,98.775,29.560000000000002,0.0,1.0,6,เกาะพีพี (Shark Point)
2025-09-22T12:00:00Z,7.725,98.775,29.62,0.0,1.06,6,เกาะพีพี (Shark Point)
2025-09-23T12:00:00Z,7.725,98.775,29.67,0.0,1.11,6,เกาะพีพี (Shark Point)
2025-09-24T12:00:00Z,7.725,98.775,29.41,0.0,0.85,6,เกาะพีพี (Shark Point)
2025-09-25T12:00:00Z,7.725,98.775,29.330000000000002,0.0,0.76,6,เกาะพีพี (Shark Point)
2025-09-26T12:00:00Z,7.725,98.775,29.32,0.0,0.75,6,เกาะพีพี (Shark Point)
2025-09-27T12:00:00Z,7.725,98.775,29.44,0.0,0.87,6,เกาะพีพี (Shark Point)
2025-09-28T12:00:00Z,7.725,98.775,29.34,0.0,0.77,6,เกาะพีพี (Shark Point)
2025-09-29T12:00:00Z,7.725,98.775,29.310000000000002,0.0,0.74,6,เกาะพีพี (Shark Point)
2025-09-30T12:00:00Z,7.725,98.775,29.17,0.0,0.6,6,เกาะพีพี (Shark Point)
2025-10-01T12:00:00Z,7.725,98.775,29.48,0.0,0.9,6,เกาะพีพี (Shark Point)
2025-10-02T12:00:00Z,7.725,98.775,29.42,0.0,0.84,6,เกาะพีพี (Shark Point)
2025-10-03T12:00:00Z,7.725,98.775,29.490000000000002,0.0,0.91,6,เกาะพีพี (Shark Point)
2025-10-04T12:00:00Z,7.725,98.775,29.560000000000002,0.0,0.98,6,เกาะพีพี (Shark Point)
2025-10-05T12:00:00Z,7.725,98.775,29.63,0.0,1.05,6,เกาะพีพี (Shark Point)
2025-10-05T12:00:00Z,7.725,98.775,29.63,0.0,1.05,6,เกาะพีพี (Shark Point)
2025-10-06T12:00:00Z,7.725,98.775,29.310000000000002,0.0,0.73,6,เกาะพีพี (Shark Point)
2025-10-07T12:00:00Z,7.725,98.775,29.8,0.0,1.21,6,เกาะพีพี (Shark Point)
2025-10-08T12:00:00Z,7.725,98.775,29.57,0.0,0.98,6,เกาะพีพี (Shark Point)
2025-10-09T12:00:00Z,7.725,98.775,29.53,0.0,0.9400000000000001,6,เกาะพีพี (Shark Point)
2025-10-10T12:00:00Z,7.725,98.775,29.6,0.0,1.01,6,เกาะพีพี (Shark Point)
2025-10-11T12:00:00Z,7.725,98.775,29.400000000000002,0.0,0.81,6,เกาะพีพี (Shark Point)
2025-10-12T12:00:00Z,7.725,98.775,29.28,0.0,0.6900000000000001,6,เกาะพีพี (Shark Point)
2025-10-13T12:00:00Z,7.725,98.775,29.38,0.0,0.78,6,เกาะพีพี (Shark Point)
2025-10-14T12:00:00Z,7.725,98.775,29.76,0.0,1.16,6,เกาะพีพี (Shark Point)
2025-10-15T12:00:00Z,7.725,98.775,30.0,0.0,1.4000000000000001,6,เกาะพีพี (Shark Point)
2025-10-16T12:00:00Z,7.725,98.775,29.82,0.0,1.22,6,เกาะพีพี (Shark Point)
2025-10-17T12:00:00Z,7.725,98.775,29.900000000000002,0.0,1.3,6,เกาะพีพี (Shark Point)
2025-10-18T12:00:00Z,7.725,98.775,29.88,0.0,1.28,6,เกาะพีพี (Shark Point)
2025-10-19T12:00:00Z,7.725,98.775,29.71,0.0,1.11,6,เกาะพีพี (Shark Point)
2025-10-20T12:00:00Z,7.725,98.775,29.61,0.0,1.01,6,เกาะพีพี (Shark Point)
2025-10-21T12:00:00Z,7.725,98.775,29.57,0.0,0.97,6,เกาะพีพี (Shark Point)
2025-10-22T12:00:00Z,7.725,98.775,29.48,0.0,0.88,6,เกาะพีพี (Shark Point)
2025-10-23T12:00:00Z,7.725,98.775,29.37,0.0,0.77,6,เกาะพีพี (Shark Point)
2025-10-24T12:00:00Z,7.725,98.775,29.3,0.0,0.7000000000000001,6,เกาะพีพี (Shark Point)
2025-10-25T12:00:00Z,7.725,98.775,29.400000000000002,0.0,0.8,6,เกาะพีพี (Shark Point)
2025-10-26T12:00:00Z,7.725,98.775,29.3,0.0,0.7000000000000001,6,เกาะพีพี (Shark Point)
2025-10-27T12:00:00Z,7.725,98.775,29.12,0.0,0.52,6,เกาะพีพี (Shark Point)
2025-10-28T12:00:00Z,7.725,98.775,29.5,0.0,0.9,6,เกาะพีพี (Shark Point)
2025-10-29T12:00:00Z,7.725,98.775,29.39,0.0,0.79,6,เกาะพีพี (Shark Point)
2025-10-30T12:00:00Z,7.725,98.775,29.490000000000002,0.0,0.89,6,เกาะพีพี (Shark Point)
2025-10-31T12:00:00Z,7.725,98.775,29.35,0.0,0.75,6,เกาะพีพี (Shark Point)
2025-11-01T12:00:00Z,7.725,98.775,29.400000000000002,0.0,0.8,6,เกาะพีพี (Shark Point)
2025-11-02T12:00:00Z,7.725,98.775,29.1,0.0,0.5,6,เกาะพีพี (Shark Point)
2025-11-03T12:00:00Z,7.725,98.775,29.150000000000002,0.0,0.55,6,เกาะพีพี (Shark Point)
2025-11-04T12:00:00Z,7.725,98.775,29.3,0.0,0.7000000000000001,6,เกาะพีพี (Shark Point)
2025-11-05T12:00:00Z,7.725,98.775,29.26,0.0,0.66,6,เกาะพีพี (Shark Point)
2025-11-06T12:00:00Z,7.725,98.775,29.25,0.0,0.65,6,เกาะพีพี (Shark Point)
2025-11-07T12:00:00Z,7.725,98.775,29.16,0.0,0.56,6,เกาะพีพี (Shark Point)
2025-11-08T12:00:00Z,7.725,98.775,28.91,0.0,0.31,6,เกาะพีพี (Shark Point)
2025-11-09T12:00:00Z,7.725,98.775,29.14,0.0,0.54,6,เกาะพีพี (Shark Point)
2025-11-10T12:00:00Z,7.725,98.775,28.93,0.0,0.33,6,เกาะพีพี (Shark Point)
2025-11-11T12:00:00Z,7.725,98.775,28.88,0.0,0.28,6,เกาะพีพี (Shark Point)
2025-11-12T12:00:00Z,7.725,98.775,28.62,0.0,0.02,6,เกาะพีพี (Shark Point)
2025-11-13T12:00:00Z,7.725,98.775,29.2,0.0,0.6,6,เกาะพีพี (Shark Point)
2025-11-14T12:00:00Z,7.725,98.775,29.26,0.0,0.66,6,เกาะพีพี (Shark Point)
2025-11-15T12:00:00Z,7.725,98.775,29.240000000000002,0.0,0.64,6,เกาะพีพี (Shark Point)
2025-11-16T12:00:00Z,7.725,98.775,29.17,0.0,0.58,6,เกาะพีพี (Shark Point)
2025-11-17T12:00:00Z,7.725,98.775,29.04,0.0,0.47000000000000003,6,เกาะพีพี (Shark Point)
2025-11-18T12:00:00Z,7.725,98.775,28.88,0.0,0.32,6,เกาะพีพี (Shark Point)
2025-11-19T12:00:00Z,7.725,98.775,29.03,0.0,0.49,6,เกาะพีพี (Shark Point)
2025-11-20T12:00:00Z,7.725,98.775,29.080000000000002,0.0,0.55,6,เกาะพีพี (Shark Point)
2025-11-21T12:00:00Z,7.725,98.775,29.09,0.0,0.58,6,เกาะพีพี (Shark Point)
2025-11-22T12:00:00Z,7.725,98.775,29.04,0.0,0.54,6,เกาะพีพี (Shark Point)
2025-11-23T12:00:00Z,7.725,98.775,28.86,0.0,0.38,6,เกาะพีพี (Shark Point)
2025-11-24T12:00:00Z,7.725,98.775,28.79,0.0,0.32,6,เกาะพีพี (Shark Point)
2025-11-25T12:00:00Z,7.725,98.775,28.79,0.0,0.34,6,เกาะพีพี (Shark Point)
2025-11-26T12:00:00Z,7.725,98.775,28.560000000000002,0.0,0.12,6,เกาะพีพี (Shark Point)
2025-11-27T12:00:00Z,7.725,98.775,28.650000000000002,0.0,0.23,6,เกาะพีพี (Shark Point)
2025-11-28T12:00:00Z,7.725,98.775,28.55,0.0,0.14,6,เกาะพีพี (Shark Point)
2025-11-29T12:00:00Z,7.725,98.775,28.330000000000002,0.0,-0.06,6,เกาะพีพี (Shark Point)
2025-11-30T12:00:00Z,7.725,98.775,28.330000000000002,0.0,-0.05,6,เกาะพีพี (Shark Point)
2025-12-01T12:00:00Z,7.725,98.775,28.47,0.0,0.1,6,เกาะพีพี (Shark Point)
2025-12-02T12:00:00Z,7.725,98.775,28.51,0.0,0.16,6,เกาะพีพี (Shark Point)
2025-12-03T12:00:00Z,7.725,98.775,28.53,0.0,0.19,6,เกาะพีพี (Shark Point)
2025-12-04T12:00:00Z,7.725,98.775,28.66,0.0,0.34,6,เกาะพีพี (Shark Point)
2025-12-05T12:00:00Z,7.725,98.775,28.77,0.0,0.46,6,เกาะพีพี (Shark Point)
2025-12-06T12:00:00Z,7.725,98.775,28.66,0.0,0.37,6,เกาะพีพี (Shark Point)
2025-12-07T12:00:00Z,7.725,98.775,28.71,0.0,0.43,6,เกาะพีพี (Shark Point)
2025-12-08T12:00:00Z,7.725,98.775,28.57,0.0,0.31,6,เกาะพีพี (Shark Point)
2025-12-09T12:00:00Z,7.725,98.775,28.72,0.0,0.47000000000000003,6,เกาะพีพี (Shark Point)
2025-12-10T12:00:00Z,7.725,98.775,28.73,0.0,0.5,6,เกาะพีพี (Shark Point)
2025-12-11T12:00:00Z,7.725,98.775,28.63,0.0,0.41000000000000003,6,เกาะพีพี (Shark Point)
2025-12-12T12:00:00Z,7.725,98.775,28.8,0.0,0.6,6,เกาะพีพี (Shark Point)
2025-12-13T12:00:00Z,7.725,98.775,28.37,0.0,0.18,6,เกาะพีพี (Shark Point)
2025-12-14T12:00:00Z,7.725,98.775,28.16,0.0,-0.01,6,เกาะพีพี (Shark Point)
2025-12-15T12:00:00Z,7.725,98.775,28.54,0.0,0.38,6,เกาะพีพี (Shark Point)
2025-12-16T12:00:00Z,7.725,98.775,28.46,0.0,0.3,6,เกาะพีพี (Shark Point)
2025-12-17T12:00:00Z,7.725,98.775,28.490000000000002,0.0,0.33,6,เกาะพีพี (Shark Point)
2025-12-18T12:00:00Z,7.725,98.775,28.67,0.0,0.51,6,เกาะพีพี (Shark Point)
2025-12-19T12:00:00Z,7.725,98.775,28.54,0.0,0.39,6,เกาะพีพี (Shark Point)
2025-12-20T12:00:00Z,7.725,98.775,28.73,0.0,0.58,6,เกาะพีพี (Shark Point)
2025-12-21T12:00:00Z,7.725,98.775,28.78,0.0,0.63,6,เกาะพีพี (Shark Point)
2025-12-22T12:00:00Z,7.725,98.775,28.650000000000002,0.0,0.5,6,เกาะพีพี (Shark Point)
2025-12-23T12:00:00Z,7.725,98.775,28.84,0.0,0.6900000000000001,6,เกาะพีพี (Shark Point)
2025-12-24T12:00:00Z,7.725,98.775,29.11,0.0,0.96,6,เกาะพีพี (Shark Point)
2025-12-25T12:00:00Z,7.725,98.775,29.02,0.0,0.88,6,เกาะพีพี (Shark Point)
2025-12-26T12:00:00Z,7.725,98.775,28.95,0.0,0.81,6,เกาะพีพี (Shark Point)
2025-12-27T12:00:00Z,7.725,98.775,28.14,0.0,0.0,6,เกาะพีพี (Shark Point)
2025-12-28T12:00:00Z,7.725,98.775,28.72,0.0,0.58,6,เกาะพีพี (Shark Point)
2025-12-29T12:00:00Z,7.725,98.775,28.86,0.0,0.72,6,เกาะพีพี (Shark Point)
2025-12-30T12:00:00Z,7.725,98.775,28.63,0.0,0.49,6,เกาะพีพี (Shark Point)
2025-12-31T12:00:00Z,7.725,98.775,29.060000000000002,0.0,0.93,6,เกาะพีพี (Shark Point)
2026-01-01T12:00:00Z,7.725,98.775,29.11,0.0,0.98,6,เกาะพีพี (Shark Point)
2026-01-02T12:00:00Z,7.725,98.775,28.86,0.0,0.73,6,เกาะพีพี (Shark Point)
2026-01-03T12:00:00Z,7.725,98.775,28.73,0.0,0.6,6,เกาะพีพี (Shark Point)
2026-01-03T12:00:00Z,7.725,98.775,28.73,0.0,0.6,6,เกาะพีพี (Shark Point)
2026-01-04T12:00:00Z,7.725,98.775,28.75,0.0,0.62,6,เกาะพีพี (Shark Point)
2026-01-05T12:00:00Z,7.725,98.775,28.400000000000002,0.0,0.27,6,เกาะพีพี (Shark Point)
2026-01-06T12:00:00Z,7.725,98.775,28.38,0.0,0.26,6,เกาะพีพี (Shark Point)
2026-01-07T12:00:00Z,7.725,98.775,28.150000000000002,0.0,0.03,6,เกาะพีพี (Shark Point)
2026-01-08T12:00:00Z,7.725,98.775,28.42,0.0,0.3,6,เกาะพีพี (Shark Point)
2026-01-09T12:00:00Z,7.725,98.775,28.47,0.0,0.35000000000000003,6,เกาะพีพี (Shark Point)
2026-01-10T12:00:00Z,7.725,98.775,28.41,0.0,0.29,6,เกาะพีพี (Shark Point)
2026-01-11T12:00:00Z,7.725,98.775,28.25,0.0,0.13,6,เกาะพีพี (Shark Point)
2026-01-12T12:00:00Z,7.725,98.775,28.23,0.0,0.12,6,เกาะพีพี (Shark Point)
2026-01-13T12:00:00Z,7.725,98.775,28.26,0.0,0.15,6,เกาะพีพี (Shark Point)
2026-01-14T12:00:00Z,7.725,98.775,28.26,0.0,0.15,6,เกาะพีพี (Shark Point)
2026-01-15T12:00:00Z,7.725,98.775,28.53,0.0,0.42,6,เกาะพีพี (Shark Point)
2026-01-16T12:00:00Z,7.725,98.775,28.560000000000002,0.0,0.44,6,เกาะพีพี (Shark Point)
2026-01-17T12:00:00Z,7.725,98.775,28.490000000000002,0.0,0.35000000000000003,6,เกาะพีพี (Shark Point)
2026-01-18T12:00:00Z,7.725,98.775,28.580000000000002,0.0,0.43,6,เกาะพีพี (Shark Point)
2026-01-19T12:00:00Z,7.725,98.775,28.37,0.0,0.21,6,เกาะพีพี (Shark Point)
2026-01-20T12:00:00Z,7.725,98.775,28.12,0.0,-0.05,6,เกาะพีพี (Shark Point)
2026-01-21T12:00:00Z,7.725,98.775,28.43,0.0,0.24,6,เกาะพีพี (Shark Point)
2026-01-22T12:00:00Z,7.725,98.775,28.42,0.0,0.22,6,เกาะพีพี (Shark Point)
2026-01-23T12:00:00Z,7.725,98.775,28.37,0.0,0.16,6,เกาะพีพี (Shark Point)
2026-01-24T12:00:00Z,7.725,98.775,28.25,0.0,0.03,6,เกาะพีพี (Shark Point)
2026-01-25T12:00:00Z,7.725,98.775,28.310000000000002,0.0,0.07,6,เกาะพีพี (Shark Point)
2026-01-26T12:00:00Z,7.725,98.775,28.43,0.0,0.18,6,เกาะพีพี (Shark Point)
2026-01-27T12:00:00Z,7.725,98.775,28.41,0.0,0.15,6,เกาะพีพี (Shark Point)
2026-01-28T12:00:00Z,7.725,98.775,28.34,0.0,0.07,6,เกาะพีพี (Shark Point)
2026-01-29T12:00:00Z,7.725,98.775,28.48,0.0,0.19,6,เกาะพีพี (Shark Point)
2026-01-30T12:00:00Z,7.725,98.775,28.46,0.0,0.16,6,เกาะพีพี (Shark Point)
2026-01-31T12:00:00Z,7.725,98.775,28.61,0.0,0.3,6,เกาะพีพี (Shark Point)
2026-02-01T12:00:00Z,7.725,98.775,28.5,0.0,0.18,6,เกาะพีพี (Shark Point)
2026-02-02T12:00:00Z,7.725,98.775,28.35,0.0,0.01,6,เกาะพีพี (Shark Point)
2026-02-03T12:00:00Z,7.725,98.775,28.310000000000002,0.0,-0.04,6,เกาะพีพี (Shark Point)
2026-02-04T12:00:00Z,7.725,98.775,28.38,0.0,0.02,6,เกาะพีพี (Shark Point)
2026-02-05T12:00:00Z,7.725,98.775,28.45,0.0,0.08,6,เกาะพีพี (Shark Point)
2026-02-06T12:00:00Z,7.725,98.775,28.53,0.0,0.14,6,เกาะพีพี (Shark Point)
2026-02-07T12:00:00Z,7.725,98.775,28.53,0.0,0.13,6,เกาะพีพี (Shark Point)
2026-02-08T12:00:00Z,7.725,98.775,28.740000000000002,0.0,0.33,6,เกาะพีพี (Shark Point)
2026-02-09T12:00:00Z,7.725,98.775,28.580000000000002,0.0,0.16,6,เกาะพีพี (Shark Point)
2026-02-10T12:00:00Z,7.725,98.775,28.72,0.0,0.28,6,เกาะพีพี (Shark Point)
2026-02-11T12:00:00Z,7.725,98.775,28.61,0.0,0.16,6,เกาะพีพี (Shark Point)
2026-02-12T12:00:00Z,7.725,98.775,28.87,0.0,0.41000000000000003,6,เกาะพีพี (Shark Point)
2026-02-13T12:00:00Z,7.725,98.775,28.82,0.0,0.35000000000000003,6,เกาะพีพี (Shark Point)
2026-02-14T12:00:00Z,7.725,98.775,28.96,0.0,0.47000000000000003,6,เกาะพีพี (Shark Point)
2026-02-15T12:00:00Z,7.725,98.775,28.990000000000002,0.0,0.49,6,เกาะพีพี (Shark Point)
2026-02-16T12:00:00Z,7.725,98.775,29.07,0.0,0.54,6,เกาะพีพี (Shark Point)
2026-02-17T12:00:00Z,7.725,98.775,29.03,0.0,0.47000000000000003,6,เกาะพีพี (Shark Point)
2026-02-18T12:00:00Z,7.725,98.775,28.990000000000002,0.0,0.41000000000000003,6,เกาะพีพี (Shark Point)
2026-02-19T12:00:00Z,7.725,98.775,29.04,0.0,0.43,6,เกาะพีพี (Shark Point)
2026-02-20T12:00:00Z,7.725,98.775,28.62,0.0,-0.02,6,เกาะพีพี (Shark Point)
2026-02-21T12:00:00Z,7.725,98.775,28.8,0.0,0.13,6,เกาะพีพี (Shark Point)
2026-02-22T12:00:00Z,7.725,98.775,28.830000000000002,0.0,0.14,6,เกาะพีพี (Shark Point)
2026-02-23T12:00:00Z,7.725,98.775,28.96,0.0,0.24,6,เกาะพีพี (Shark Point)
2026-02-24T12:00:00Z,7.725,98.775,28.93,0.0,0.18,6,เกาะพีพี (Shark Point)
2026-02-25T12:00:00Z,7.725,98.775,29.17,0.0,0.39,6,เกาะพีพี (Shark Point)
2026-02-26T12:00:00Z,7.725,98.775,29.36,0.0,0.55,6,เกาะพีพี (Shark Point)
2026-02-27T12:00:00Z,7.725,98.775,29.39,0.0,0.56,6,เกาะพีพี (Shark Point)
2026-02-28T12:00:00Z,7.725,98.775,29.54,0.0,0.68,6,เกาะพีพี (Shark Point)
2026-03-01T12:00:00Z,7.725,98.775,29.57,0.0,0.68,6,เกาะพีพี (Shark Point)
2026-03-02T12:00:00Z,7.725,98.775,29.62,0.0,0.7000000000000001,6,เกาะพีพี (Shark Point)
2026-03-03T12:00:00Z,7.725,98.775,29.6,0.0,0.65,6,เกาะพีพี (Shark Point)
2026-03-04T12:00:00Z,7.725,98.775,29.61,0.0,0.64,6,เกาะพีพี (Shark Point)
2026-03-05T12:00:00Z,7.725,98.775,29.34,0.0,0.34,6,เกาะพีพี (Shark Point)
2026-03-06T12:00:00Z,7.725,98.775,29.37,0.0,0.34,6,เกาะพีพี (Shark Point)
2026-03-07T12:00:00Z,7.725,98.775,29.45,0.0,0.39,6,เกาะพีพี (Shark Point)
2026-03-08T12:00:00Z,7.725,98.775,29.51,0.0,0.43,6,เกาะพีพี (Shark Point)
2026-03-09T12:00:00Z,7.725,98.775,29.25,0.0,0.14,6,เกาะพีพี (Shark Point)
2026-03-10T12:00:00Z,7.725,98.775,29.26,0.0,0.12,6,เกาะพีพี (Shark Point)
2026-03-11T12:00:00Z,7.725,98.775,29.330000000000002,0.0,0.16,6,เกาะพีพี (Shark Point)
2026-03-12T12:00:00Z,7.725,98.775,29.330000000000002,0.0,0.13,6,เกาะพีพี (Shark Point)
2026-03-13T12:00:00Z,7.725,98.775,29.37,0.0,0.15,6,เกาะพีพี (Shark Point)
2026-03-14T12:00:00Z,7.725,98.775,29.26,0.0,0.01,6,เกาะพีพี (Shark Point)
2026-03-15T12:00:00Z,7.725,98.775,29.38,0.0,0.1,6,เกาะพีพี (Shark Point)
2026-03-16T12:00:00Z,7.725,98.775,29.38,0.0,0.08,6,เกาะพีพี (Shark Point)
2026-03-17T12:00:00Z,7.725,98.775,29.330000000000002,0.0,0.0,6,เกาะพีพี (Shark Point)
2026-03-18T12:00:00Z,7.725,98.775,29.46,0.0,0.11,6,เกาะพีพี (Shark Point)
2026-03-19T12:00:00Z,7.725,98.775,29.59,0.0,0.21,6,เกาะพีพี (Shark Point)
2026-03-20T12:00:00Z,7.725,98.775,29.66,0.0,0.26,6,เกาะพีพี (Shark Point)
2026-03-21T12:00:00Z,7.725,98.775,29.64,0.0,0.21,6,เกาะพีพี (Shark Point)
2026-03-22T12:00:00Z,7.725,98.775,29.7,0.0,0.25,6,เกาะพีพี (Shark Point)
2026-03-23T12:00:00Z,7.725,98.775,29.71,0.0,0.23,6,เกาะพีพี (Shark Point)
2026-03-24T12:00:00Z,7.725,98.775,29.89,0.0,0.39,6,เกาะพีพี (Shark Point)
2026-03-25T12:00:00Z,7.725,98.775,30.04,0.0,0.51,6,เกาะพีพี (Shark Point)
2026-03-26T12:00:00Z,7.725,98.775,30.03,0.0,0.48,6,เกาะพีพี (Shark Point)
2026-03-27T12:00:00Z,7.725,98.775,30.03,0.0,0.46,6,เกาะพีพี (Shark Point)
2026-03-28T12:00:00Z,7.725,98.775,29.95,0.0,0.35000000000000003,6,เกาะพีพี (Shark Point)
2026-03-29T12:00:00Z,7.725,98.775,30.080000000000002,0.0,0.46,6,เกาะพีพี (Shark Point)
2026-03-30T12:00:00Z,7.725,98.775,30.09,0.0,0.44,6,เกาะพีพี (Shark Point)
2026-03-31T12:00:00Z,7.725,98.775,30.150000000000002,0.0,0.48,6,เกาะพีพี (Shark Point)
2026-04-01T12:00:00Z,7.725,98.775,30.41,0.0,0.71,6,เกาะพีพี (Shark Point)
2026-04-02T12:00:00Z,7.725,98.775,30.5,0.0,0.78,6,เกาะพีพี (Shark Point)
2026-04-03T12:00:00Z,7.725,98.775,30.44,0.0,0.6900000000000001,6,เกาะพีพี (Shark Point)
2026-04-03T12:00:00Z,7.725,98.775,30.44,0.0,0.6900000000000001,6,เกาะพีพี (Shark Point)
2026-04-04T12:00:00Z,7.725,98.775,30.43,0.0,0.66,6,เกาะพีพี (Shark Point)
2026-04-05T12:00:00Z,7.725,98.775,30.53,0.0,0.74,6,เกาะพีพี (Shark Point)
2026-04-06T12:00:00Z,7.725,98.775,30.560000000000002,0.0,0.74,6,เกาะพีพี (Shark Point)
2026-04-07T12:00:00Z,7.725,98.775,30.51,0.0,0.67,6,เกาะพีพี (Shark Point)
2026-04-08T12:00:00Z,7.725,98.775,30.44,0.0,0.5700000000000001,6,เกาะพีพี (Shark Point)
2026-04-09T12:00:00Z,7.725,98.775,30.29,0.0,0.4,6,เกาะพีพี (Shark Point)
2026-04-10T12:00:00Z,7.725,98.775,30.330000000000002,0.0,0.41000000000000003,6,เกาะพีพี (Shark Point)
2026-04-11T12:00:00Z,7.725,98.775,30.5,0.0,0.56,6,เกาะพีพี (Shark Point)
2026-04-12T12:00:00Z,7.725,98.775,30.53,0.0,0.56,6,เกาะพีพี (Shark Point)
2026-04-13T12:00:00Z,7.725,98.775,31.03,0.0,1.04,6,เกาะพีพี (Shark Point)
2026-04-14T12:00:00Z,7.725,98.775,30.8,0.0,0.78,6,เกาะพีพี (Shark Point)
2026-04-15T12:00:00Z,7.725,98.775,30.86,0.0,0.8200000000000001,6,เกาะพีพี (Shark Point)
2026-04-16T12:00:00Z,7.725,98.775,30.89,0.0,0.85,6,เกาะพีพี (Shark Point)
2026-04-17T12:00:00Z,7.725,98.775,30.88,0.0,0.85,6,เกาะพีพี (Shark Point)
2026-04-18T12:00:00Z,7.725,98.775,30.91,0.0,0.88,6,เกาะพีพี (Shark Point)
2026-04-19T12:00:00Z,7.725,98.775,31.29,0.18,1.26,6,เกาะพีพี (Shark Point)
2026-04-20T12:00:00Z,7.725,98.775,31.2,0.34,1.18,6,เกาะพีพี (Shark Point)
2026-04-21T12:00:00Z,7.725,98.775,31.12,0.5,1.1,6,เกาะพีพี (Shark Point)
2026-04-22T12:00:00Z,7.725,98.775,31.07,0.65,1.06,6,เกาะพีพี (Shark Point)
2026-04-23T12:00:00Z,7.725,98.775,31.39,0.84,1.3800000000000001,6,เกาะพีพี (Shark Point)
2026-04-24T12:00:00Z,7.725,98.775,31.44,1.04,1.43,6,เกาะพีพี (Shark Point)
2026-04-26T12:00:00Z,7.725,98.775,31.91,1.51,1.9100000000000001,6,เกาะพีพี (Shark Point)
2026-04-27T12:00:00Z,7.725,98.775,31.44,1.71,1.44,6,เกาะพีพี (Shark Point)
2026-04-28T12:00:00Z,7.725,98.775,31.59,1.93,1.6,6,เกาะพีพี (Shark Point)
2026-04-29T12:00:00Z,7.725,98.775,31.48,2.14,1.49,6,เกาะพีพี (Shark Point)
2026-04-30T12:00:00Z,7.725,98.775,31.61,2.36,1.6300000000000001,6,เกาะพีพี (Shark Point)
2026-05-01T12:00:00Z,7.725,98.775,31.5,2.57,1.52,6,เกาะพีพี (Shark Point)
2026-05-02T12:00:00Z,7.725,98.775,31.470000000000002,2.77,1.49,6,เกาะพีพี (Shark Point)
2026-05-03T12:00:00Z,7.725,98.775,31.17,2.94,1.2,6,เกาะพีพี (Shark Point)
2026-05-04T12:00:00Z,7.725,98.775,31.42,3.13,1.45,6,เกาะพีพี (Shark Point)
2026-05-05T12:00:00Z,7.725,98.775,31.55,3.35,1.58,6,เกาะพีพี (Shark Point)
2026-05-06T12:00:00Z,7.725,98.775,31.66,3.58,1.7,6,เกาะพีพี (Shark Point)
2026-05-07T12:00:00Z,7.725,98.775,31.5,3.79,1.54,6,เกาะพีพี (Shark Point)
2026-05-08T12:00:00Z,7.725,98.775,31.57,4.01,1.61,6,เกาะพีพี (Shark Point)
2026-05-09T12:00:00Z,7.725,98.775,31.64,4.24,1.69,6,เกาะพีพี (Shark Point)
2026-05-10T12:00:00Z,7.725,98.775,31.23,4.41,1.28,6,เกาะพีพี (Shark Point)
2026-05-11T12:00:00Z,7.725,98.775,31.490000000000002,4.61,1.55,6,เกาะพีพี (Shark Point)
2026-05-12T12:00:00Z,7.725,98.775,31.44,4.8100000000000005,1.5,6,เกาะพีพี (Shark Point)
2026-05-13T12:00:00Z,7.725,98.775,31.57,5.03,1.6300000000000001,6,เกาะพีพี (Shark Point)
2026-05-14T12:00:00Z,7.725,98.775,31.650000000000002,5.26,1.72,6,เกาะพีพี (Shark Point)
2026-05-15T12:00:00Z,7.725,98.775,31.38,5.45,1.45,6,เกาะพีพี (Shark Point)
2026-05-16T12:00:00Z,7.725,98.775,31.12,5.61,1.2,6,เกาะพีพี (Shark Point)
2026-05-17T12:00:00Z,7.725,98.775,31.07,5.75,1.16,6,เกาะพีพี (Shark Point)
2026-05-18T12:00:00Z,7.725,98.775,31.12,5.91,1.22,6,เกาะพีพี (Shark Point)
2026-05-19T12:00:00Z,7.725,98.775,30.93,5.91,1.04,6,เกาะพีพี (Shark Point)
2026-05-20T12:00:00Z,7.725,98.775,30.36,5.91,0.48,6,เกาะพีพี (Shark Point)
2026-05-21T12:00:00Z,7.725,98.775,30.7,5.91,0.84,6,เกาะพีพี (Shark Point)
2026-05-22T12:00:00Z,7.725,98.775,30.82,5.91,0.97,6,เกาะพีพี (Shark Point)
2026-05-23T12:00:00Z,7.725,98.775,30.52,5.91,0.68,6,เกาะพีพี (Shark Point)
2026-05-24T12:00:00Z,7.725,98.775,30.36,5.91,0.53,6,เกาะพีพี (Shark Point)
2026-05-25T12:00:00Z,7.725,98.775,30.43,5.91,0.61,6,เกาะพีพี (Shark Point)
2026-05-26T12:00:00Z,7.725,98.775,30.38,5.91,0.5700000000000001,6,เกาะพีพี (Shark Point)
2026-05-27T12:00:00Z,7.725,98.775,30.42,5.91,0.62,6,เกาะพีพี (Shark Point)
2026-05-28T12:00:00Z,7.725,98.775,30.36,5.91,0.5700000000000001,6,เกาะพีพี (Shark Point)
2026-05-29T12:00:00Z,7.725,98.775,30.04,5.91,0.26,6,เกาะพีพี (Shark Point)
2026-05-30T12:00:00Z,7.725,98.775,30.13,5.91,0.36,6,เกาะพีพี (Shark Point)
2026-05-31T12:00:00Z,7.725,98.775,29.97,5.91,0.22,6,เกาะพีพี (Shark Point)
2026-06-01T12:00:00Z,7.725,98.775,29.64,5.91,-0.1,6,เกาะพีพี (Shark Point)
2026-06-02T12:00:00Z,7.725,98.775,30.02,5.91,0.29,6,เกาะพีพี (Shark Point)
2026-06-03T12:00:00Z,7.725,98.775,29.68,5.91,-0.04,6,เกาะพีพี (Shark Point)
2026-06-04T12:00:00Z,7.725,98.775,29.62,5.91,-0.09,6,เกาะพีพี (Shark Point)
2026-06-05T12:00:00Z,7.725,98.775,29.35,5.91,-0.35000000000000003,6,เกาะพีพี (Shark Point)
2026-06-06T12:00:00Z,7.725,98.775,29.95,5.91,0.26,6,เกาะพีพี (Shark Point)
2026-06-07T12:00:00Z,7.725,98.775,29.85,5.91,0.17,6,เกาะพีพี (Shark Point)
2026-06-08T12:00:00Z,7.725,98.775,30.14,5.91,0.47000000000000003,6,เกาะพีพี (Shark Point)
2026-06-09T12:00:00Z,7.725,98.775,30.07,5.91,0.41000000000000003,6,เกาะพีพี (Shark Point)
2026-06-10T12:00:00Z,7.725,98.775,29.91,5.91,0.27,6,เกาะพีพี (Shark Point)
2026-06-11T12:00:00Z,7.725,98.775,30.060000000000002,5.91,0.43,6,เกาะพีพี (Shark Point)
2026-06-12T12:00:00Z,7.725,98.775,30.07,5.91,0.45,6,เกาะพีพี (Shark Point)
2026-06-13T12:00:00Z,7.725,98.775,30.26,5.91,0.65,6,เกาะพีพี (Shark Point)
2026-06-14T12:00:00Z,7.725,98.775,30.400000000000002,5.91,0.8,6,เกาะพีพี (Shark Point)
2026-06-15T12:00:00Z,7.725,98.775,30.650000000000002,5.91,1.06,6,เกาะพีพี (Shark Point)
2026-06-16T12:00:00Z,7.725,98.775,30.810000000000002,5.91,1.23,6,เกาะพีพี (Shark Point)
2026-06-17T12:00:00Z,7.725,98.775,30.5,5.91,0.93,6,เกาะพีพี (Shark Point)
2026-06-18T12:00:00Z,7.725,98.775,30.080000000000002,5.91,0.52,6,เกาะพีพี (Shark Point)
2026-06-19T12:00:00Z,7.725,98.775,30.36,5.91,0.81,6,เกาะพีพี (Shark Point)
2026-06-20T12:00:00Z,7.725,98.775,30.740000000000002,5.91,1.2,6,เกาะพีพี (Shark Point)
2026-06-21T12:00:00Z,7.725,98.775,30.45,5.91,0.92,6,เกาะพีพี (Shark Point)
2026-06-22T12:00:00Z,7.725,98.775,30.62,5.91,1.1,6,เกาะพีพี (Shark Point)
2026-06-23T12:00:00Z,7.725,98.775,30.52,5.91,1.02,6,เกาะพีพี (Shark Point)
2026-06-24T12:00:00Z,7.725,98.775,30.51,5.91,1.02,6,เกาะพีพี (Shark Point)
2026-06-25T12:00:00Z,7.725,98.775,30.54,5.91,1.06,6,เกาะพีพี (Shark Point)
2026-06-26T12:00:00Z,7.725,98.775,30.490000000000002,5.91,1.02,6,เกาะพีพี (Shark Point)
2026-06-27T12:00:00Z,7.725,98.775,30.39,5.91,0.93,6,เกาะพีพี (Shark Point)
2026-06-28T12:00:00Z,7.725,98.775,30.41,5.91,0.96,6,เกาะพีพี (Shark Point)
2026-06-29T12:00:00Z,7.725,98.775,30.17,5.91,0.73,6,เกาะพีพี (Shark Point)
2026-06-30T12:00:00Z,7.725,98.775,30.400000000000002,5.91,0.97,6,เกาะพีพี (Shark Point)
2026-07-01T12:00:00Z,7.725,98.775,30.44,5.91,1.02,6,เกาะพีพี (Shark Point)
2026-07-02T12:00:00Z,7.725,98.775,30.45,5.91,1.04,6,เกาะพีพี (Shark Point)
2026-07-02T12:00:00Z,7.725,98.775,30.45,5.91,1.04,6,เกาะพีพี (Shark Point)
2026-07-03T12:00:00Z,7.725,98.775,29.68,5.91,0.28,6,เกาะพีพี (Shark Point)
2026-07-04T12:00:00Z,7.725,98.775,29.67,5.91,0.28,6,เกาะพีพี (Shark Point)
2026-07-05T12:00:00Z,7.725,98.775,30.29,5.91,0.91,6,เกาะพีพี (Shark Point)
2026-07-06T12:00:00Z,7.725,98.775,30.22,5.91,0.85,6,เกาะพีพี (Shark Point)
2026-07-07T12:00:00Z,7.725,98.775,30.25,5.91,0.89,6,เกาะพีพี (Shark Point)
2026-07-08T12:00:00Z,7.725,98.775,30.25,5.91,0.91,6,เกาะพีพี (Shark Point)
2026-07-09T12:00:00Z,7.725,98.775,30.080000000000002,5.91,0.75,6,เกาะพีพี (Shark Point)
2026-07-10T12:00:00Z,7.725,98.775,30.27,5.91,0.9500000000000001,6,เกาะพีพี (Shark Point)
2026-07-11T12:00:00Z,7.725,98.775,30.27,5.91,0.96,6,เกาะพีพี (Shark Point)
2026-07-12T12:00:00Z,7.725,98.775,30.13,5.73,0.8300000000000001,6,เกาะพีพี (Shark Point)
2024-07-12T12:00:00Z,7.625,98.375,30.13,11.19,0.98,7,เกาะราชา
2024-07-13T12:00:00Z,7.625,98.375,30.01,11.040000000000001,0.87,7,เกาะราชา
2024-07-14T12:00:00Z,7.625,98.375,30.01,10.89,0.89,7,เกาะราชา
2024-07-15T12:00:00Z,7.625,98.375,29.93,10.71,0.8200000000000001,7,เกาะราชา
2024-07-16T12:00:00Z,7.625,98.375,29.86,10.56,0.76,7,เกาะราชา
2024-07-17T12:00:00Z,7.625,98.375,29.8,10.370000000000001,0.72,7,เกาะราชา
2024-07-18T12:00:00Z,7.625,98.375,30.04,10.18,0.97,7,เกาะราชา
2024-07-19T12:00:00Z,7.625,98.375,30.23,9.98,1.18,7,เกาะราชา
2024-07-20T12:00:00Z,7.625,98.375,30.330000000000002,9.74,1.29,7,เกาะราชา
2024-07-21T12:00:00Z,7.625,98.375,30.21,9.47,1.19,7,เกาะราชา
2024-07-22T12:00:00Z,7.625,98.375,30.21,9.18,1.2,7,เกาะราชา
2024-07-23T12:00:00Z,7.625,98.375,30.13,8.88,1.1400000000000001,7,เกาะราชา
2024-07-24T12:00:00Z,7.625,98.375,30.310000000000002,8.620000000000001,1.33,7,เกาะราชา
2024-07-26T12:00:00Z,7.625,98.375,30.400000000000002,8.19,1.45,7,เกาะราชา
2024-07-27T12:00:00Z,7.625,98.375,30.22,7.99,1.28,7,เกาะราชา
2024-07-28T12:00:00Z,7.625,98.375,30.150000000000002,7.76,1.23,7,เกาะราชา
2024-07-29T12:00:00Z,7.625,98.375,30.1,7.5200000000000005,1.19,7,เกาะราชา
2024-07-30T12:00:00Z,7.625,98.375,30.400000000000002,7.32,1.51,7,เกาะราชา
2024-07-31T12:00:00Z,7.625,98.375,29.96,7.08,1.08,7,เกาะราชา
2024-08-01T12:00:00Z,7.625,98.375,30.29,6.84,1.43,7,เกาะราชา
2024-08-02T12:00:00Z,7.625,98.375,30.5,6.62,1.6500000000000001,7,เกาะราชา
2024-08-03T12:00:00Z,7.625,98.375,30.490000000000002,6.42,1.6600000000000001,7,เกาะราชา
2024-08-04T12:00:00Z,7.625,98.375,30.32,6.2,1.5,7,เกาะราชา
2024-08-05T12:00:00Z,7.625,98.375,30.44,5.99,1.6300000000000001,7,เกาะราชา
2024-08-06T12:00:00Z,7.625,98.375,30.41,5.7700000000000005,1.62,7,เกาะราชา
2024-08-07T12:00:00Z,7.625,98.375,30.43,5.47,1.6500000000000001,7,เกาะราชา
2024-08-08T12:00:00Z,7.625,98.375,30.560000000000002,5.2,1.8,7,เกาะราชา
2024-08-09T12:00:00Z,7.625,98.375,30.57,4.97,1.82,7,เกาะราชา
2024-08-10T12:00:00Z,7.625,98.375,30.77,4.79,2.04,7,เกาะราชา
2024-08-11T12:00:00Z,7.625,98.375,30.46,4.64,1.74,7,เกาะราชา
2024-08-12T12:00:00Z,7.625,98.375,30.67,4.41,1.97,7,เกาะราชา
2024-08-13T12:00:00Z,7.625,98.375,30.62,4.22,1.93,7,เกาะราชา
2024-08-14T12:00:00Z,7.625,98.375,30.71,4.04,2.04,7,เกาะราชา
2024-08-15T12:00:00Z,7.625,98.375,30.88,4.0200000000000005,2.22,7,เกาะราชา
2024-08-16T12:00:00Z,7.625,98.375,30.740000000000002,3.8200000000000003,2.09,7,เกาะราชา
2024-08-17T12:00:00Z,7.625,98.375,30.38,3.61,1.73,7,เกาะราชา
2024-08-18T12:00:00Z,7.625,98.375,30.77,3.36,2.13,7,เกาะราชา
2024-08-19T12:00:00Z,7.625,98.375,30.43,3.12,1.79,7,เกาะราชา
2024-08-20T12:00:00Z,7.625,98.375,29.94,2.89,1.31,7,เกาะราชา
2024-08-21T12:00:00Z,7.625,98.375,30.23,2.66,1.6,7,เกาะราชา
2024-08-22T12:00:00Z,7.625,98.375,29.97,2.44,1.35,7,เกาะราชา
2024-08-23T12:00:00Z,7.625,98.375,29.95,2.24,1.34,7,เกาะราชา
2024-08-24T12:00:00Z,7.625,98.375,29.86,2.05,1.25,7,เกาะราชา
2024-08-25T12:00:00Z,7.625,98.375,30.09,1.8900000000000001,1.49,7,เกาะราชา
2024-08-26T12:00:00Z,7.625,98.375,30.01,1.69,1.41,7,เกาะราชา
2024-08-27T12:00:00Z,7.625,98.375,29.93,1.46,1.34,7,เกาะราชา
2024-08-28T12:00:00Z,7.625,98.375,29.82,1.24,1.24,7,เกาะราชา
2024-08-29T12:00:00Z,7.625,98.375,30.11,1.05,1.53,7,เกาะราชา
2024-08-30T12:00:00Z,7.625,98.375,30.36,0.84,1.79,7,เกาะราชา
2024-08-31T12:00:00Z,7.625,98.375,30.3,0.66,1.73,7,เกาะราชา
2024-09-01T12:00:00Z,7.625,98.375,30.25,0.48,1.69,7,เกาะราชา
2024-09-02T12:00:00Z,7.625,98.375,30.2,0.31,1.6400000000000001,7,เกาะราชา
2024-09-03T12:00:00Z,7.625,98.375,29.96,0.16,1.41,7,เกาะราชา
2024-09-04T12:00:00Z,7.625,98.375,29.84,0.16,1.3,7,เกาะราชา
2024-09-05T12:00:00Z,7.625,98.375,29.57,0.16,1.03,7,เกาะราชา
2024-09-06T12:00:00Z,7.625,98.375,29.34,0.16,0.81,7,เกาะราชา
2024-09-07T12:00:00Z,7.625,98.375,29.28,0.16,0.75,7,เกาะราชา
2024-09-08T12:00:00Z,7.625,98.375,29.28,0.16,0.76,7,เกาะราชา
2024-09-09T12:00:00Z,7.625,98.375,29.35,0.16,0.84,7,เกาะราชา
2024-09-10T12:00:00Z,7.625,98.375,29.490000000000002,0.16,0.98,7,เกาะราชา
2024-09-11T12:00:00Z,7.625,98.375,29.34,0.16,0.84,7,เกาะราชา
2024-09-12T12:00:00Z,7.625,98.375,29.400000000000002,0.16,0.9,7,เกาะราชา
2024-09-13T12:00:00Z,7.625,98.375,29.490000000000002,0.16,1.0,7,เกาะราชา
2024-09-14T12:00:00Z,7.625,98.375,29.330000000000002,0.16,0.84,7,เกาะราชา
2024-09-15T12:00:00Z,7.625,98.375,29.3,0.16,0.8200000000000001,7,เกาะราชา
2024-09-16T12:00:00Z,7.625,98.375,29.26,0.16,0.78,7,เกาะราชา
2024-09-17T12:00:00Z,7.625,98.375,29.240000000000002,0.16,0.77,7,เกาะราชา
2024-09-18T12:00:00Z,7.625,98.375,29.04,0.16,0.5700000000000001,7,เกาะราชา
2024-09-19T12:00:00Z,7.625,98.375,29.18,0.16,0.71,7,เกาะราชา
2024-09-20T12:00:00Z,7.625,98.375,29.11,0.16,0.64,7,เกาะราชา
2024-09-21T12:00:00Z,7.625,98.375,29.1,0.16,0.64,7,เกาะราชา
2024-09-22T12:00:00Z,7.625,98.375,28.82,0.16,0.36,7,เกาะราชา
2024-09-23T12:00:00Z,7.625,98.375,28.7,0.16,0.24,7,เกาะราชา
2024-09-24T12:00:00Z,7.625,98.375,29.07,0.16,0.62,7,เกาะราชา
2024-09-25T12:00:00Z,7.625,98.375,28.97,0.16,0.52,7,เกาะราชา
2024-09-26T12:00:00Z,7.625,98.375,29.16,0.16,0.71,7,เกาะราชา
2024-09-27T12:00:00Z,7.625,98.375,29.38,0.16,0.9400000000000001,7,เกาะราชา
2024-09-28T12:00:00Z,7.625,98.375,29.36,0.16,0.92,7,เกาะราชา
2024-09-29T12:00:00Z,7.625,98.375,29.41,0.16,0.97,7,เกาะราชา
2024-09-30T12:00:00Z,7.625,98.375,29.19,0.16,0.76,7,เกาะราชา
2024-10-01T12:00:00Z,7.625,98.375,29.21,0.16,0.78,7,เกาะราชา
2024-10-02T12:00:00Z,7.625,98.375,29.13,0.16,0.7000000000000001,7,เกาะราชา
2024-10-03T12:00:00Z,7.625,98.375,29.060000000000002,0.16,0.63,7,เกาะราชา
2024-10-04T12:00:00Z,7.625,98.375,29.22,0.16,0.8,7,เกาะราชา
2024-10-05T12:00:00Z,7.625,98.375,29.07,0.16,0.65,7,เกาะราชา
2024-10-06T12:00:00Z,7.625,98.375,29.53,0.16,1.11,7,เกาะราชา
2024-10-07T12:00:00Z,7.625,98.375,29.43,0.16,1.02,7,เกาะราชา
2024-10-08T12:00:00Z,7.625,98.375,29.310000000000002,0.16,0.9,7,เกาะราชา
2024-10-09T12:00:00Z,7.625,98.375,29.68,0.16,1.27,7,เกาะราชา
2024-10-10T12:00:00Z,7.625,98.375,29.93,0.16,1.53,7,เกาะราชา
2024-10-10T12:00:00Z,7.625,98.375,29.93,0.16,1.53,7,เกาะราชา
2024-10-11T12:00:00Z,7.625,98.375,29.87,0.16,1.47,7,เกาะราชา
2024-10-12T12:00:00Z,7.625,98.375,29.62,0.16,1.22,7,เกาะราชา
2024-10-13T12:00:00Z,7.625,98.375,29.75,0.16,1.35,7,เกาะราชา
2024-10-14T12:00:00Z,7.625,98.375,29.7,0.16,1.31,7,เกาะราชา
2024-10-15T12:00:00Z,7.625,98.375,29.67,0.16,1.28,7,เกาะราชา
2024-10-16T12:00:00Z,7.625,98.375,29.69,0.16,1.3,7,เกาะราชา
2024-10-17T12:00:00Z,7.625,98.375,29.810000000000002,0.16,1.41,7,เกาะราชา
2024-10-18T12:00:00Z,7.625,98.375,29.67,0.16,1.27,7,เกาะราชา
2024-10-19T12:00:00Z,7.625,98.375,29.57,0.16,1.16,7,เกาะราชา
2024-10-20T12:00:00Z,7.625,98.375,29.810000000000002,0.16,1.4000000000000001,7,เกาะราชา
2024-10-21T12:00:00Z,7.625,98.375,30.0,0.16,1.58,7,เกาะราชา
2024-10-22T12:00:00Z,7.625,98.375,29.89,0.16,1.47,7,เกาะราชา
2024-10-23T12:00:00Z,7.625,98.375,29.75,0.16,1.32,7,เกาะราชา
2024-10-24T12:00:00Z,7.625,98.375,29.96,0.16,1.53,7,เกาะราชา
2024-10-25T12:00:00Z,7.625,98.375,29.86,0.16,1.42,7,เกาะราชา
2024-10-26T12:00:00Z,7.625,98.375,29.54,0.16,1.1,7,เกาะราชา
2024-10-27T12:00:00Z,7.625,98.375,29.580000000000002,0.16,1.1300000000000001,7,เกาะราชา
2024-10-28T12:00:00Z,7.625,98.375,29.34,0.16,0.89,7,เกาะราชา
2024-10-29T12:00:00Z,7.625,98.375,29.310000000000002,0.16,0.85,7,เกาะราชา
2024-10-30T12:00:00Z,7.625,98.375,29.45,0.16,0.99,7,เกาะราชา
2024-10-31T12:00:00Z,7.625,98.375,29.5,0.16,1.03,7,เกาะราชา
2024-11-01T12:00:00Z,7.625,98.375,29.42,0.16,0.9500000000000001,7,เกาะราชา
2024-11-02T12:00:00Z,7.625,98.375,29.35,0.16,0.87,7,เกาะราชา
2024-11-03T12:00:00Z,7.625,98.375,29.42,0.16,0.9400000000000001,7,เกาะราชา
2024-11-04T12:00:00Z,7.625,98.375,29.34,0.16,0.85,7,เกาะราชา
2024-11-05T12:00:00Z,7.625,98.375,29.310000000000002,0.16,0.8200000000000001,7,เกาะราชา
2024-11-06T12:00:00Z,7.625,98.375,29.51,0.16,1.01,7,เกาะราชา
2024-11-07T12:00:00Z,7.625,98.375,29.76,0.0,1.26,7,เกาะราชา
2024-11-08T12:00:00Z,7.625,98.375,29.69,0.0,1.18,7,เกาะราชา
2024-11-09T12:00:00Z,7.625,98.375,29.5,0.0,0.99,7,เกาะราชา
2024-11-10T12:00:00Z,7.625,98.375,29.88,0.0,1.36,7,เกาะราชา
2024-11-11T12:00:00Z,7.625,98.375,29.96,0.0,1.44,7,เกาะราชา
2024-11-12T12:00:00Z,7.625,98.375,29.75,0.0,1.22,7,เกาะราชา
2024-11-13T12:00:00Z,7.625,98.375,29.82,0.0,1.29,7,เกาะราชา
2024-11-14T12:00:00Z,7.625,98.375,29.71,0.0,1.17,7,เกาะราชา
2024-11-15T12:00:00Z,7.625,98.375,29.72,0.0,1.18,7,เกาะราชา
2024-11-16T12:00:00Z,7.625,98.375,29.86,0.0,1.33,7,เกาะราชา
2024-11-17T12:00:00Z,7.625,98.375,29.900000000000002,0.0,1.3800000000000001,7,เกาะราชา
2024-11-18T12:00:00Z,7.625,98.375,29.91,0.0,1.4000000000000001,7,เกาะราชา
2024-11-19T12:00:00Z,7.625,98.375,30.060000000000002,0.0,1.56,7,เกาะราชา
2024-11-20T12:00:00Z,7.625,98.375,29.86,0.0,1.37,7,เกาะราชา
2024-11-21T12:00:00Z,7.625,98.375,29.8,0.0,1.32,7,เกาะราชา
2024-11-22T12:00:00Z,7.625,98.375,29.86,0.0,1.3900000000000001,7,เกาะราชา
2024-11-23T12:00:00Z,7.625,98.375,30.150000000000002,0.0,1.69,7,เกาะราชา
2024-11-24T12:00:00Z,7.625,98.375,29.35,0.0,0.9,7,เกาะราชา
2024-11-25T12:00:00Z,7.625,98.375,29.66,0.0,1.22,7,เกาะราชา
2024-11-26T12:00:00Z,7.625,98.375,29.45,0.0,1.02,7,เกาะราชา
2024-11-27T12:00:00Z,7.625,98.375,29.41,0.0,0.99,7,เกาะราชา
2024-11-28T12:00:00Z,7.625,98.375,29.39,0.0,0.98,7,เกาะราชา
2024-11-29T12:00:00Z,7.625,98.375,29.310000000000002,0.0,0.91,7,เกาะราชา
2024-11-30T12:00:00Z,7.625,98.375,29.3,0.0,0.92,7,เกาะราชา
2024-12-01T12:00:00Z,7.625,98.375,29.240000000000002,0.0,0.87,7,เกาะราชา
2024-12-02T12:00:00Z,7.625,98.375,29.34,0.0,0.98,7,เกาะราชา
2024-12-03T12:00:00Z,7.625,98.375,29.330000000000002,0.0,0.98,7,เกาะราชา
2024-12-04T12:00:00Z,7.625,98.375,29.26,0.0,0.92,7,เกาะราชา
2024-12-05T12:00:00Z,7.625,98.375,29.3,0.0,0.97,7,เกาะราชา
2024-12-06T12:00:00Z,7.625,98.375,29.62,0.0,1.3,7,เกาะราชา
2024-12-07T12:00:00Z,7.625,98.375,29.560000000000002,0.0,1.25,7,เกาะราชา
2024-12-08T12:00:00Z,7.625,98.375,29.43,0.0,1.1300000000000001,7,เกาะราชา
2024-12-09T12:00:00Z,7.625,98.375,29.400000000000002,0.0,1.11,7,เกาะราชา
2024-12-10T12:00:00Z,7.625,98.375,29.36,0.0,1.08,7,เกาะราชา
2024-12-11T12:00:00Z,7.625,98.375,29.35,0.0,1.08,7,เกาะราชา
2024-12-12T12:00:00Z,7.625,98.375,29.35,0.0,1.09,7,เกาะราชา
2024-12-13T12:00:00Z,7.625,98.375,29.14,0.0,0.89,7,เกาะราชา
2024-12-14T12:00:00Z,7.625,98.375,29.03,0.0,0.79,7,เกาะราชา
2024-12-15T12:00:00Z,7.625,98.375,29.21,0.0,0.98,7,เกาะราชา
2024-12-16T12:00:00Z,7.625,98.375,29.14,0.0,0.91,7,เกาะราชา
2024-12-17T12:00:00Z,7.625,98.375,29.32,0.0,1.09,7,เกาะราชา
2024-12-18T12:00:00Z,7.625,98.375,29.19,0.0,0.97,7,เกาะราชา
2024-12-19T12:00:00Z,7.625,98.375,29.16,0.0,0.9400000000000001,7,เกาะราชา
2024-12-20T12:00:00Z,7.625,98.375,29.23,0.0,1.01,7,เกาะราชา
2024-12-21T12:00:00Z,7.625,98.375,29.11,0.0,0.89,7,เกาะราชา
2024-12-22T12:00:00Z,7.625,98.375,29.2,0.0,0.99,7,เกาะราชา
2024-12-23T12:00:00Z,7.625,98.375,28.94,0.0,0.73,7,เกาะราชา
2024-12-24T12:00:00Z,7.625,98.375,29.0,0.0,0.79,7,เกาะราชา
2024-12-25T12:00:00Z,7.625,98.375,29.1,0.0,0.89,7,เกาะราชา
2024-12-26T12:00:00Z,7.625,98.375,29.14,0.0,0.93,7,เกาะราชา
2024-12-27T12:00:00Z,7.625,98.375,29.11,0.0,0.91,7,เกาะราชา
2024-12-28T12:00:00Z,7.625,98.375,29.12,0.0,0.92,7,เกาะราชา
2024-12-29T12:00:00Z,7.625,98.375,29.060000000000002,0.0,0.86,7,เกาะราชา
2024-12-30T12:00:00Z,7.625,98.375,29.2,0.0,1.0,7,เกาะราชา
2024-12-31T12:00:00Z,7.625,98.375,29.150000000000002,0.0,0.96,7,เกาะราชา
2025-01-01T12:00:00Z,7.625,98.375,29.240000000000002,0.0,1.05,7,เกาะราชา
2025-01-02T12:00:00Z,7.625,98.375,29.23,0.0,1.04,7,เกาะราชา
2025-01-03T12:00:00Z,7.625,98.375,29.21,0.0,1.02,7,เกาะราชา
2025-01-04T12:00:00Z,7.625,98.375,29.28,0.0,1.1,7,เกาะราชา
2025-01-05T12:00:00Z,7.625,98.375,29.25,0.0,1.07,7,เกาะราชา
2025-01-06T12:00:00Z,7.625,98.375,28.97,0.0,0.79,7,เกาะราชา
2025-01-07T12:00:00Z,7.625,98.375,29.04,0.0,0.86,7,เกาะราชา
2025-01-08T12:00:00Z,7.625,98.375,29.13,0.0,0.9500000000000001,7,เกาะราชา
2025-01-08T12:00:00Z,7.625,98.375,29.13,0.0,0.9500000000000001,7,เกาะราชา
2025-01-09T12:00:00Z,7.625,98.375,29.12,0.0,0.9500000000000001,7,เกาะราชา
2025-01-10T12:00:00Z,7.625,98.375,29.04,0.0,0.87,7,เกาะราชา
2025-01-11T12:00:00Z,7.625,98.375,29.01,0.0,0.84,7,เกาะราชา
2025-01-12T12:00:00Z,7.625,98.375,28.87,0.0,0.7000000000000001,7,เกาะราชา
2025-01-13T12:00:00Z,7.625,98.375,28.68,0.0,0.52,7,เกาะราชา
2025-01-14T12:00:00Z,7.625,98.375,28.66,0.0,0.5,7,เกาะราชา
2025-01-15T12:00:00Z,7.625,98.375,28.64,0.0,0.48,7,เกาะราชา
2025-01-16T12:00:00Z,7.625,98.375,28.61,0.0,0.44,7,เกาะราชา
2025-01-17T12:00:00Z,7.625,98.375,28.53,0.0,0.35000000000000003,7,เกาะราชา
2025-01-18T12:00:00Z,7.625,98.375,28.11,0.0,-0.08,7,เกาะราชา
2025-01-19T12:00:00Z,7.625,98.375,28.39,0.0,0.19,7,เกาะราชา
2025-01-20T12:00:00Z,7.625,98.375,28.52,0.0,0.31,7,เกาะราชา
2025-01-21T12:00:00Z,7.625,98.375,28.52,0.0,0.3,7,เกาะราชา
2025-01-22T12:00:00Z,7.625,98.375,28.71,0.0,0.48,7,เกาะราชา
2025-01-23T12:00:00Z,7.625,98.375,28.72,0.0,0.48,7,เกาะราชา
2025-01-24T12:00:00Z,7.625,98.375,28.57,0.0,0.32,7,เกาะราชา
2025-01-25T12:00:00Z,7.625,98.375,28.8,0.0,0.54,7,เกาะราชา
2025-01-26T12:00:00Z,7.625,98.375,28.8,0.0,0.53,7,เกาะราชา
2025-01-27T12:00:00Z,7.625,98.375,28.77,0.0,0.49,7,เกาะราชา
2025-01-28T12:00:00Z,7.625,98.375,28.43,0.0,0.14,7,เกาะราชา
2025-01-29T12:00:00Z,7.625,98.375,28.48,0.0,0.18,7,เกาะราชา
2025-01-30T12:00:00Z,7.625,98.375,28.400000000000002,0.0,0.09,7,เกาะราชา
2025-01-31T12:00:00Z,7.625,98.375,28.6,0.0,0.27,7,เกาะราชา
2025-02-01T12:00:00Z,7.625,98.375,28.63,0.0,0.29,7,เกาะราชา
2025-02-02T12:00:00Z,7.625,98.375,28.71,0.0,0.36,7,เกาะราชา
2025-02-03T12:00:00Z,7.625,98.375,28.66,0.0,0.3,7,เกาะราชา
2025-02-04T12:00:00Z,7.625,98.375,28.830000000000002,0.0,0.46,7,เกาะราชา
2025-02-05T12:00:00Z,7.625,98.375,28.72,0.0,0.34,7,เกาะราชา
2025-02-06T12:00:00Z,7.625,98.375,28.76,0.0,0.37,7,เกาะราชา
2025-02-07T12:00:00Z,7.625,98.375,28.88,0.0,0.48,7,เกาะราชา
2025-02-08T12:00:00Z,7.625,98.375,28.900000000000002,0.0,0.49,7,เกาะราชา
2025-02-09T12:00:00Z,7.625,98.375,28.92,0.0,0.5,7,เกาะราชา
2025-02-10T12:00:00Z,7.625,98.375,29.05,0.0,0.62,7,เกาะราชา
2025-02-11T12:00:00Z,7.625,98.375,28.900000000000002,0.0,0.46,7,เกาะราชา
2025-02-12T12:00:00Z,7.625,98.375,28.85,0.0,0.4,7,เกาะราชา
2025-02-13T12:00:00Z,7.625,98.375,28.75,0.0,0.29,7,เกาะราชา
2025-02-14T12:00:00Z,7.625,98.375,29.1,0.0,0.63,7,เกาะราชา
2025-02-15T12:00:00Z,7.625,98.375,29.17,0.0,0.6900000000000001,7,เกาะราชา
2025-02-16T12:00:00Z,7.625,98.375,29.060000000000002,0.0,0.55,7,เกาะราชา
2025-02-17T12:00:00Z,7.625,98.375,29.27,0.0,0.74,7,เกาะราชา
2025-02-18T12:00:00Z,7.625,98.375,29.27,0.0,0.71,7,เกาะราชา
2025-02-19T12:00:00Z,7.625,98.375,29.12,0.0,0.54,7,เกาะราชา
2025-02-20T12:00:00Z,7.625,98.375,29.07,0.0,0.46,7,เกาะราชา
2025-02-21T12:00:00Z,7.625,98.375,29.37,0.0,0.73,7,เกาะราชา
2025-02-22T12:00:00Z,7.625,98.375,29.43,0.0,0.77,7,เกาะราชา
2025-02-23T12:00:00Z,7.625,98.375,29.26,0.0,0.5700000000000001,7,เกาะราชา
2025-02-24T12:00:00Z,7.625,98.375,29.02,0.0,0.31,7,เกาะราชา
2025-02-25T12:00:00Z,7.625,98.375,29.12,0.0,0.38,7,เกาะราชา
2025-02-26T12:00:00Z,7.625,98.375,29.25,0.0,0.48,7,เกาะราชา
2025-02-27T12:00:00Z,7.625,98.375,29.13,0.0,0.34,7,เกาะราชา
2025-02-28T12:00:00Z,7.625,98.375,29.29,0.0,0.47000000000000003,7,เกาะราชา
2025-03-01T12:00:00Z,7.625,98.375,29.17,0.0,0.33,7,เกาะราชา
2025-03-02T12:00:00Z,7.625,98.375,29.19,0.0,0.32,7,เกาะราชา
2025-03-03T12:00:00Z,7.625,98.375,29.26,0.0,0.36,7,เกาะราชา
2025-03-04T12:00:00Z,7.625,98.375,29.41,0.0,0.49,7,เกาะราชา
2025-03-05T12:00:00Z,7.625,98.375,29.39,0.0,0.44,7,เกาะราชา
2025-03-06T12:00:00Z,7.625,98.375,29.11,0.0,0.13,7,เกาะราชา
2025-03-07T12:00:00Z,7.625,98.375,29.38,0.0,0.38,7,เกาะราชา
2025-03-08T12:00:00Z,7.625,98.375,29.900000000000002,0.0,0.87,7,เกาะราชา
2025-03-09T12:00:00Z,7.625,98.375,29.62,0.0,0.5700000000000001,7,เกาะราชา
2025-03-10T12:00:00Z,7.625,98.375,29.650000000000002,0.0,0.5700000000000001,7,เกาะราชา
2025-03-11T12:00:00Z,7.625,98.375,29.580000000000002,0.0,0.47000000000000003,7,เกาะราชา
2025-03-12T12:00:00Z,7.625,98.375,29.46,0.0,0.33,7,เกาะราชา
2025-03-13T12:00:00Z,7.625,98.375,29.47,0.0,0.31,7,เกาะราชา
2025-03-14T12:00:00Z,7.625,98.375,29.52,0.0,0.34,7,เกาะราชา
2025-03-15T12:00:00Z,7.625,98.375,29.73,0.0,0.52,7,เกาะราชา
2025-03-16T12:00:00Z,7.625,98.375,29.82,0.0,0.59,7,เกาะราชา
2025-03-17T12:00:00Z,7.625,98.375,29.76,0.0,0.52,7,เกาะราชา
2025-03-18T12:00:00Z,7.625,98.375,29.830000000000002,0.0,0.5700000000000001,7,เกาะราชา
2025-03-19T12:00:00Z,7.625,98.375,29.77,0.0,0.5,7,เกาะราชา
2025-03-20T12:00:00Z,7.625,98.375,29.71,0.0,0.42,7,เกาะราชา
2025-03-21T12:00:00Z,7.625,98.375,29.560000000000002,0.0,0.26,7,เกาะราชา
2025-03-22T12:00:00Z,7.625,98.375,29.55,0.0,0.23,7,เกาะราชา
2025-03-23T12:00:00Z,7.625,98.375,29.64,0.0,0.3,7,เกาะราชา
2025-03-24T12:00:00Z,7.625,98.375,29.55,0.0,0.2,7,เกาะราชา
2025-03-25T12:00:00Z,7.625,98.375,29.73,0.0,0.36,7,เกาะราชา
2025-03-26T12:00:00Z,7.625,98.375,29.7,0.0,0.32,7,เกาะราชา
2025-03-27T12:00:00Z,7.625,98.375,29.75,0.0,0.35000000000000003,7,เกาะราชา
2025-03-28T12:00:00Z,7.625,98.375,29.78,0.0,0.36,7,เกาะราชา
2025-03-29T12:00:00Z,7.625,98.375,29.79,0.0,0.36,7,เกาะราชา
2025-03-30T12:00:00Z,7.625,98.375,29.94,0.0,0.49,7,เกาะราชา
2025-03-31T12:00:00Z,7.625,98.375,29.97,0.0,0.51,7,เกาะราชา
2025-04-01T12:00:00Z,7.625,98.375,29.52,0.0,0.04,7,เกาะราชา
2025-04-02T12:00:00Z,7.625,98.375,29.8,0.0,0.31,7,เกาะราชา
2025-04-03T12:00:00Z,7.625,98.375,29.87,0.0,0.36,7,เกาะราชา
2025-04-04T12:00:00Z,7.625,98.375,29.740000000000002,0.0,0.21,7,เกาะราชา
2025-04-05T12:00:00Z,7.625,98.375,29.95,0.0,0.41000000000000003,7,เกาะราชา
2025-04-06T12:00:00Z,7.625,98.375,29.98,0.0,0.42,7,เกาะราชา
2025-04-07T12:00:00Z,7.625,98.375,30.07,0.0,0.5,7,เกาะราชา
2025-04-08T12:00:00Z,7.625,98.375,29.91,0.0,0.32,7,เกาะราชา
2025-04-08T12:00:00Z,7.625,98.375,29.91,0.0,0.32,7,เกาะราชา
2025-04-09T12:00:00Z,7.625,98.375,30.09,0.0,0.48,7,เกาะราชา
2025-04-10T12:00:00Z,7.625,98.375,30.16,0.0,0.54,7,เกาะราชา
2025-04-11T12:00:00Z,7.625,98.375,29.89,0.0,0.25,7,เกาะราชา
2025-04-12T12:00:00Z,7.625,98.375,30.05,0.0,0.4,7,เกาะราชา
2025-04-13T12:00:00Z,7.625,98.375,29.94,0.0,0.27,7,เกาะราชา
2025-04-14T12:00:00Z,7.625,98.375,30.22,0.0,0.54,7,เกาะราชา
2025-04-15T12:00:00Z,7.625,98.375,30.27,0.0,0.5700000000000001,7,เกาะราชา
2025-04-16T12:00:00Z,7.625,98.375,30.16,0.0,0.46,7,เกาะราชา
2025-04-17T12:00:00Z,7.625,98.375,30.09,0.0,0.38,7,เกาะราชา
2025-04-18T12:00:00Z,7.625,98.375,30.32,0.0,0.61,7,เกาะราชา
2025-04-19T12:00:00Z,7.625,98.375,30.22,0.0,0.51,7,เกาะราชา
2025-04-20T12:00:00Z,7.625,98.375,30.240000000000002,0.0,0.53,7,เกาะราชา
2025-04-21T12:00:00Z,7.625,98.375,30.21,0.0,0.49,7,เกาะราชา
2025-04-22T12:00:00Z,7.625,98.375,30.310000000000002,0.0,0.59,7,เกาะราชา
2025-04-23T12:00:00Z,7.625,98.375,30.39,0.0,0.67,7,เกาะราชา
2025-04-24T12:00:00Z,7.625,98.375,30.55,0.0,0.8200000000000001,7,เกาะราชา
2025-04-25T12:00:00Z,7.625,98.375,30.63,0.0,0.9,7,เกาะราชา
2025-04-26T12:00:00Z,7.625,98.375,30.6,0.0,0.87,7,เกาะราชา
2025-04-27T12:00:00Z,7.625,98.375,30.55,0.0,0.81,7,เกาะราชา
2025-04-28T12:00:00Z,7.625,98.375,30.34,0.0,0.6,7,เกาะราชา
2025-04-29T12:00:00Z,7.625,98.375,30.63,0.0,0.89,7,เกาะราชา
2025-04-30T12:00:00Z,7.625,98.375,30.72,0.0,0.98,7,เกาะราชา
2025-05-01T12:00:00Z,7.625,98.375,30.71,0.0,0.96,7,เกาะราชา
2025-05-02T12:00:00Z,7.625,98.375,30.68,0.0,0.93,7,เกาะราชา
2025-05-03T12:00:00Z,7.625,98.375,30.54,0.0,0.79,7,เกาะราชา
2025-05-04T12:00:00Z,7.625,98.375,30.66,0.0,0.9,7,เกาะราชา
2025-05-05T12:00:00Z,7.625,98.375,30.48,0.0,0.72,7,เกาะราชา
2025-05-06T12:00:00Z,7.625,98.375,30.400000000000002,0.0,0.64,7,เกาะราชา
2025-05-07T12:00:00Z,7.625,98.375,30.36,0.0,0.59,7,เกาะราชา
2025-05-08T12:00:00Z,7.625,98.375,30.36,0.0,0.59,7,เกาะราชา
2025-05-09T12:00:00Z,7.625,98.375,30.38,0.0,0.61,7,เกาะราชา
2025-05-10T12:00:00Z,7.625,98.375,30.28,0.0,0.51,7,เกาะราชา
2025-05-11T12:00:00Z,7.625,98.375,30.26,0.0,0.48,7,เกาะราชา
2025-05-12T12:00:00Z,7.625,98.375,30.09,0.0,0.31,7,เกาะราชา
2025-05-13T12:00:00Z,7.625,98.375,29.990000000000002,0.0,0.21,7,เกาะราชา
2025-05-14T12:00:00Z,7.625,98.375,29.810000000000002,0.0,0.02,7,เกาะราชา
2025-05-15T12:00:00Z,7.625,98.375,30.22,0.0,0.43,7,เกาะราชา
2025-05-16T12:00:00Z,7.625,98.375,30.25,0.0,0.47000000000000003,7,เกาะราชา
2025-05-17T12:00:00Z,7.625,98.375,30.19,0.0,0.41000000000000003,7,เกาะราชา
2025-05-18T12:00:00Z,7.625,98.375,30.19,0.0,0.42,7,เกาะราชา
2025-05-19T12:00:00Z,7.625,98.375,30.38,0.0,0.62,7,เกาะราชา
2025-05-20T12:00:00Z,7.625,98.375,30.47,0.0,0.72,7,เกาะราชา
2025-05-21T12:00:00Z,7.625,98.375,30.490000000000002,0.0,0.74,7,เกาะราชา
2025-05-22T12:00:00Z,7.625,98.375,30.3,0.0,0.56,7,เกาะราชา
2025-05-23T12:00:00Z,7.625,98.375,30.3,0.0,0.5700000000000001,7,เกาะราชา
2025-05-24T12:00:00Z,7.625,98.375,30.14,0.0,0.42,7,เกาะราชา
2025-05-25T12:00:00Z,7.625,98.375,30.25,0.0,0.53,7,เกาะราชา
2025-05-26T12:00:00Z,7.625,98.375,30.21,0.0,0.5,7,เกาะราชา
2025-05-27T12:00:00Z,7.625,98.375,30.240000000000002,0.0,0.54,7,เกาะราชา
2025-05-28T12:00:00Z,7.625,98.375,30.3,0.0,0.61,7,เกาะราชา
2025-05-29T12:00:00Z,7.625,98.375,30.14,0.0,0.45,7,เกาะราชา
2025-05-30T12:00:00Z,7.625,98.375,30.01,0.0,0.33,7,เกาะราชา
2025-05-31T12:00:00Z,7.625,98.375,30.25,0.0,0.58,7,เกาะราชา
2025-06-01T12:00:00Z,7.625,98.375,30.07,0.0,0.41000000000000003,7,เกาะราชา
2025-06-02T12:00:00Z,7.625,98.375,30.19,0.0,0.53,7,เกาะราชา
2025-06-03T12:00:00Z,7.625,98.375,30.14,0.0,0.49,7,เกาะราชา
2025-06-04T12:00:00Z,7.625,98.375,30.16,0.0,0.52,7,เกาะราชา
2025-06-05T12:00:00Z,7.625,98.375,29.95,0.0,0.32,7,เกาะราชา
2025-06-06T12:00:00Z,7.625,98.375,29.990000000000002,0.0,0.36,7,เกาะราชา
2025-06-07T12:00:00Z,7.625,98.375,29.87,0.0,0.25,7,เกาะราชา
2025-06-08T12:00:00Z,7.625,98.375,29.830000000000002,0.0,0.22,7,เกาะราชา
2025-06-09T12:00:00Z,7.625,98.375,29.740000000000002,0.0,0.14,7,เกาะราชา
2025-06-10T12:00:00Z,7.625,98.375,29.87,0.0,0.27,7,เกาะราชา
2025-06-11T12:00:00Z,7.625,98.375,29.44,0.0,-0.15,7,เกาะราชา
2025-06-12T12:00:00Z,7.625,98.375,29.650000000000002,0.0,0.07,7,เกาะราชา
2025-06-13T12:00:00Z,7.625,98.375,29.68,0.0,0.11,7,เกาะราชา
2025-06-14T12:00:00Z,7.625,98.375,29.63,0.0,0.06,7,เกาะราชา
2025-06-15T12:00:00Z,7.625,98.375,29.89,0.0,0.33,7,เกาะราชา
2025-06-16T12:00:00Z,7.625,98.375,29.78,0.0,0.23,7,เกาะราชา
2025-06-17T12:00:00Z,7.625,98.375,29.72,0.0,0.19,7,เกาะราชา
2025-06-18T12:00:00Z,7.625,98.375,29.5,0.0,-0.01,7,เกาะราชา
2025-06-19T12:00:00Z,7.625,98.375,29.85,0.0,0.35000000000000003,7,เกาะราชา
2025-06-20T12:00:00Z,7.625,98.375,29.650000000000002,0.0,0.17,7,เกาะราชา
2025-06-21T12:00:00Z,7.625,98.375,29.580000000000002,0.0,0.11,7,เกาะราชา
2025-06-22T12:00:00Z,7.625,98.375,29.330000000000002,0.0,-0.12,7,เกาะราชา
2025-06-23T12:00:00Z,7.625,98.375,29.060000000000002,0.0,-0.38,7,เกาะราชา
2025-06-24T12:00:00Z,7.625,98.375,29.330000000000002,0.0,-0.09,7,เกาะราชา
2025-06-25T12:00:00Z,7.625,98.375,29.5,0.0,0.09,7,เกาะราชา
2025-06-26T12:00:00Z,7.625,98.375,29.42,0.0,0.03,7,เกาะราชา
2025-06-27T12:00:00Z,7.625,98.375,29.810000000000002,0.0,0.43,7,เกาะราชา
2025-06-28T12:00:00Z,7.625,98.375,29.900000000000002,0.0,0.54,7,เกาะราชา
2025-06-29T12:00:00Z,7.625,98.375,29.98,0.0,0.63,7,เกาะราชา
2025-06-30T12:00:00Z,7.625,98.375,29.93,0.0,0.6,7,เกาะราชา
2025-07-01T12:00:00Z,7.625,98.375,29.76,0.0,0.44,7,เกาะราชา
2025-07-02T12:00:00Z,7.625,98.375,29.75,0.0,0.45,7,เกาะราชา
2025-07-03T12:00:00Z,7.625,98.375,29.69,0.0,0.4,7,เกาะราชา
2025-07-04T12:00:00Z,7.625,98.375,29.97,0.0,0.7000000000000001,7,เกาะราชา
2025-07-05T12:00:00Z,7.625,98.375,29.84,0.0,0.58,7,เกาะราชา
2025-07-06T12:00:00Z,7.625,98.375,29.76,0.0,0.52,7,เกาะราชา
2025-07-07T12:00:00Z,7.625,98.375,29.75,0.0,0.52,7,เกาะราชา
2025-07-07T12:00:00Z,7.625,98.375,29.75,0.0,0.52,7,เกาะราชา
2025-07-08T12:00:00Z,7.625,98.375,29.79,0.0,0.58,7,เกาะราชา
2025-07-09T12:00:00Z,7.625,98.375,29.68,0.0,0.48,7,เกาะราชา
2025-07-10T12:00:00Z,7.625,98.375,29.810000000000002,0.0,0.63,7,เกาะราชา
2025-07-11T12:00:00Z,7.625,98.375,29.580000000000002,0.0,0.41000000000000003,7,เกาะราชา
2025-07-12T12:00:00Z,7.625,98.375,29.68,0.0,0.53,7,เกาะราชา
2025-07-13T12:00:00Z,7.625,98.375,29.59,0.0,0.45,7,เกาะราชา
2025-07-14T12:00:00Z,7.625,98.375,29.62,0.0,0.5,7,เกาะราชา
2025-07-15T12:00:00Z,7.625,98.375,29.580000000000002,0.0,0.47000000000000003,7,เกาะราชา
2025-07-16T12:00:00Z,7.625,98.375,29.51,0.0,0.41000000000000003,7,เกาะราชา
2025-07-17T12:00:00Z,7.625,98.375,29.71,0.0,0.63,7,เกาะราชา
2025-07-18T12:00:00Z,7.625,98.375,29.78,0.0,0.71,7,เกาะราชา
2025-07-19T12:00:00Z,7.625,98.375,29.71,0.0,0.66,7,เกาะราชา
2025-07-20T12:00:00Z,7.625,98.375,29.54,0.0,0.5,7,เกาะราชา
2025-07-21T12:00:00Z,7.625,98.375,29.63,0.0,0.61,7,เกาะราชา
2025-07-22T12:00:00Z,7.625,98.375,29.740000000000002,0.0,0.73,7,เกาะราชา
2025-07-23T12:00:00Z,7.625,98.375,29.63,0.0,0.64,7,เกาะราชา
2025-07-24T12:00:00Z,7.625,98.375,29.76,0.0,0.78,7,เกาะราชา
2025-07-25T12:00:00Z,7.625,98.375,29.95,0.0,0.99,7,เกาะราชา
2025-07-26T12:00:00Z,7.625,98.375,29.73,0.0,0.78,7,เกาะราชา
2025-07-27T12:00:00Z,7.625,98.375,29.79,0.0,0.85,7,เกาะราชา
2025-07-28T12:00:00Z,7.625,98.375,29.71,0.0,0.79,7,เกาะราชา
2025-07-29T12:00:00Z,7.625,98.375,29.830000000000002,0.0,0.92,7,เกาะราชา
2025-07-30T12:00:00Z,7.625,98.375,29.71,0.0,0.8200000000000001,7,เกาะราชา
2025-07-31T12:00:00Z,7.625,98.375,30.09,0.0,1.21,7,เกาะราชา
2025-08-01T12:00:00Z,7.625,98.375,30.19,0.0,1.33,7,เกาะราชา
2025-08-02T12:00:00Z,7.625,98.375,29.98,0.0,1.1300000000000001,7,เกาะราชา
2025-08-03T12:00:00Z,7.625,98.375,30.52,0.0,1.69,7,เกาะราชา
2025-08-04T12:00:00Z,7.625,98.375,30.26,0.0,1.44,7,เกาะราชา
2025-08-05T12:00:00Z,7.625,98.375,30.400000000000002,0.0,1.59,7,เกาะราชา
2025-08-06T12:00:00Z,7.625,98.375,30.21,0.0,1.42,7,เกาะราชา
2025-08-07T12:00:00Z,7.625,98.375,30.34,0.0,1.56,7,เกาะราชา
2025-08-08T12:00:00Z,7.625,98.375,30.21,0.0,1.45,7,เกาะราชา
2025-08-09T12:00:00Z,7.625,98.375,30.21,0.0,1.46,7,เกาะราชา
2025-08-10T12:00:00Z,7.625,98.375,30.05,0.0,1.32,7,เกาะราชา
2025-08-11T12:00:00Z,7.625,98.375,29.91,0.0,1.19,7,เกาะราชา
2025-08-12T12:00:00Z,7.625,98.375,30.05,0.0,1.35,7,เกาะราชา
2025-08-13T12:00:00Z,7.625,98.375,30.01,0.0,1.32,7,เกาะราชา
2025-08-14T12:00:00Z,7.625,98.375,29.97,0.0,1.3,7,เกาะราชา
2025-08-15T12:00:00Z,7.625,98.375,29.93,0.0,1.27,7,เกาะราชา
2025-08-16T12:00:00Z,7.625,98.375,29.7,0.0,1.05,7,เกาะราชา
2025-08-17T12:00:00Z,7.625,98.375,29.88,0.0,1.23,7,เกาะราชา
2025-08-18T12:00:00Z,7.625,98.375,29.96,0.0,1.32,7,เกาะราชา
2025-08-19T12:00:00Z,7.625,98.375,30.02,0.0,1.3800000000000001,7,เกาะราชา
2025-08-20T12:00:00Z,7.625,98.375,29.92,0.0,1.29,7,เกาะราชา
2025-08-21T12:00:00Z,7.625,98.375,29.93,0.0,1.3,7,เกาะราชา
2025-08-22T12:00:00Z,7.625,98.375,29.830000000000002,0.0,1.21,7,เกาะราชา
2025-08-23T12:00:00Z,7.625,98.375,29.73,0.0,1.12,7,เกาะราชา
2025-08-24T12:00:00Z,7.625,98.375,29.5,0.0,0.89,7,เกาะราชา
2025-08-25T12:00:00Z,7.625,98.375,29.62,0.0,1.02,7,เกาะราชา
2025-08-26T12:00:00Z,7.625,98.375,29.54,0.0,0.9400000000000001,7,เกาะราชา
2025-08-27T12:00:00Z,7.625,98.375,29.66,0.0,1.07,7,เกาะราชา
2025-08-28T12:00:00Z,7.625,98.375,29.55,0.0,0.97,7,เกาะราชา
2025-08-29T12:00:00Z,7.625,98.375,29.400000000000002,0.0,0.8200000000000001,7,เกาะราชา
2025-08-30T12:00:00Z,7.625,98.375,29.34,0.0,0.77,7,เกาะราชา
2025-08-31T12:00:00Z,7.625,98.375,29.14,0.0,0.5700000000000001,7,เกาะราชา
2025-09-01T12:00:00Z,7.625,98.375,29.19,0.0,0.63,7,เกาะราชา
2025-09-02T12:00:00Z,7.625,98.375,29.51,0.0,0.9500000000000001,7,เกาะราชา
2025-09-03T12:00:00Z,7.625,98.375,29.05,0.0,0.5,7,เกาะราชา
2025-09-04T12:00:00Z,7.625,98.375,29.02,0.0,0.48,7,เกาะราชา
2025-09-05T12:00:00Z,7.625,98.375,28.89,0.0,0.35000000000000003,7,เกาะราชา
2025-09-06T12:00:00Z,7.625,98.375,28.71,0.0,0.18,7,เกาะราชา
2025-09-07T12:00:00Z,7.625,98.375,28.57,0.0,0.04,7,เกาะราชา
2025-09-08T12:00:00Z,7.625,98.375,28.5,0.0,-0.02,7,เกาะราชา
2025-09-09T12:00:00Z,7.625,98.375,28.38,0.0,-0.13,7,เกาะราชา
2025-09-10T12:00:00Z,7.625,98.375,28.57,0.0,0.06,7,เกาะราชา
2025-09-11T12:00:00Z,7.625,98.375,29.05,0.0,0.55,7,เกาะราชา
2025-09-12T12:00:00Z,7.625,98.375,28.740000000000002,0.0,0.24,7,เกาะราชา
2025-09-13T12:00:00Z,7.625,98.375,28.73,0.0,0.24,7,เกาะราชา
2025-09-14T12:00:00Z,7.625,98.375,29.16,0.0,0.67,7,เกาะราชา
2025-09-15T12:00:00Z,7.625,98.375,29.03,0.0,0.55,7,เกาะราชา
2025-09-16T12:00:00Z,7.625,98.375,29.2,0.0,0.72,7,เกาะราชา
2025-09-17T12:00:00Z,7.625,98.375,29.22,0.0,0.75,7,เกาะราชา
2025-09-18T12:00:00Z,7.625,98.375,29.19,0.0,0.72,7,เกาะราชา
2025-09-19T12:00:00Z,7.625,98.375,29.330000000000002,0.0,0.86,7,เกาะราชา
2025-09-20T12:00:00Z,7.625,98.375,29.22,0.0,0.75,7,เกาะราชา
2025-09-21T12:00:00Z,7.625,98.375,29.35,0.0,0.89,7,เกาะราชา
2025-09-22T12:00:00Z,7.625,98.375,29.3,0.0,0.84,7,เกาะราชา
2025-09-23T12:00:00Z,7.625,98.375,29.400000000000002,0.0,0.9400000000000001,7,เกาะราชา
2025-09-24T12:00:00Z,7.625,98.375,29.12,0.0,0.67,7,เกาะราชา
2025-09-25T12:00:00Z,7.625,98.375,29.14,0.0,0.6900000000000001,7,เกาะราชา
2025-09-26T12:00:00Z,7.625,98.375,29.16,0.0,0.71,7,เกาะราชา
2025-09-27T12:00:00Z,7.625,98.375,29.25,0.0,0.81,7,เกาะราชา
2025-09-28T12:00:00Z,7.625,98.375,29.18,0.0,0.74,7,เกาะราชา
2025-09-29T12:00:00Z,7.625,98.375,28.97,0.0,0.53,7,เกาะราชา
2025-09-30T12:00:00Z,7.625,98.375,28.87,0.0,0.44,7,เกาะราชา
2025-10-01T12:00:00Z,7.625,98.375,29.150000000000002,0.0,0.72,7,เกาะราชา
2025-10-02T12:00:00Z,7.625,98.375,29.310000000000002,0.0,0.88,7,เกาะราชา
2025-10-03T12:00:00Z,7.625,98.375,29.32,0.0,0.89,7,เกาะราชา
2025-10-04T12:00:00Z,7.625,98.375,29.28,0.0,0.86,7,เกาะราชา
2025-10-05T12:00:00Z,7.625,98.375,29.3,0.0,0.88,7,เกาะราชา
2025-10-05T12:00:00Z,7.625,98.375,29.3,0.0,0.88,7,เกาะราชา
2025-10-06T12:00:00Z,7.625,98.375,28.95,0.0,0.53,7,เกาะราชา
2025-10-07T12:00:00Z,7.625,98.375,29.36,0.0,0.9500000000000001,7,เกาะราชา
2025-10-08T12:00:00Z,7.625,98.375,29.07,0.0,0.66,7,เกาะราชา
2025-10-09T12:00:00Z,7.625,98.375,29.150000000000002,0.0,0.74,7,เกาะราชา
2025-10-10T12:00:00Z,7.625,98.375,29.28,0.0,0.88,7,เกาะราชา
2025-10-11T12:00:00Z,7.625,98.375,29.09,0.0,0.6900000000000001,7,เกาะราชา
2025-10-12T12:00:00Z,7.625,98.375,29.03,0.0,0.63,7,เกาะราชา
2025-10-13T12:00:00Z,7.625,98.375,29.17,0.0,0.77,7,เกาะราชา
2025-10-14T12:00:00Z,7.625,98.375,29.22,0.0,0.8300000000000001,7,เกาะราชา
2025-10-15T12:00:00Z,7.625,98.375,29.66,0.0,1.27,7,เกาะราชา
2025-10-16T12:00:00Z,7.625,98.375,29.14,0.0,0.75,7,เกาะราชา
2025-10-17T12:00:00Z,7.625,98.375,29.400000000000002,0.0,1.0,7,เกาะราชา
2025-10-18T12:00:00Z,7.625,98.375,29.42,0.0,1.02,7,เกาะราชา
2025-10-19T12:00:00Z,7.625,98.375,29.39,0.0,0.98,7,เกาะราชา
2025-10-20T12:00:00Z,7.625,98.375,29.1,0.0,0.6900000000000001,7,เกาะราชา
2025-10-21T12:00:00Z,7.625,98.375,29.02,0.0,0.6,7,เกาะราชา
2025-10-22T12:00:00Z,7.625,98.375,29.07,0.0,0.65,7,เกาะราชา
2025-10-23T12:00:00Z,7.625,98.375,28.88,0.0,0.45,7,เกาะราชา
2025-10-24T12:00:00Z,7.625,98.375,28.82,0.0,0.39,7,เกาะราชา
2025-10-25T12:00:00Z,7.625,98.375,29.16,0.0,0.72,7,เกาะราชา
2025-10-26T12:00:00Z,7.625,98.375,29.22,0.0,0.78,7,เกาะราชา
2025-10-27T12:00:00Z,7.625,98.375,29.23,0.0,0.78,7,เกาะราชา
2025-10-28T12:00:00Z,7.625,98.375,29.25,0.0,0.8,7,เกาะราชา
2025-10-29T12:00:00Z,7.625,98.375,29.2,0.0,0.74,7,เกาะราชา
2025-10-30T12:00:00Z,7.625,98.375,29.18,0.0,0.72,7,เกาะราชา
2025-10-31T12:00:00Z,7.625,98.375,29.11,0.0,0.64,7,เกาะราชา
2025-11-01T12:00:00Z,7.625,98.375,29.060000000000002,0.0,0.59,7,เกาะราชา
2025-11-02T12:00:00Z,7.625,98.375,28.900000000000002,0.0,0.42,7,เกาะราชา
2025-11-03T12:00:00Z,7.625,98.375,28.73,0.0,0.25,7,เกาะราชา
2025-11-04T12:00:00Z,7.625,98.375,28.91,0.0,0.42,7,เกาะราชา
2025-11-05T12:00:00Z,7.625,98.375,28.86,0.0,0.37,7,เกาะราชา
2025-11-06T12:00:00Z,7.625,98.375,28.79,0.0,0.29,7,เกาะราชา
2025-11-07T12:00:00Z,7.625,98.375,28.6,0.0,0.1,7,เกาะราชา
2025-11-08T12:00:00Z,7.625,98.375,28.62,0.0,0.11,7,เกาะราชา
2025-11-09T12:00:00Z,7.625,98.375,28.900000000000002,0.0,0.39,7,เกาะราชา
2025-11-10T12:00:00Z,7.625,98.375,28.740000000000002,0.0,0.22,7,เกาะราชา
2025-11-11T12:00:00Z,7.625,98.375,28.76,0.0,0.24,7,เกาะราชา
2025-11-12T12:00:00Z,7.625,98.375,28.53,0.0,0.0,7,เกาะราชา
2025-11-13T12:00:00Z,7.625,98.375,28.7,0.0,0.17,7,เกาะราชา
2025-11-14T12:00:00Z,7.625,98.375,28.62,0.0,0.08,7,เกาะราชา
2025-11-15T12:00:00Z,7.625,98.375,28.990000000000002,0.0,0.45,7,เกาะราชา
2025-11-16T12:00:00Z,7.625,98.375,28.95,0.0,0.42,7,เกาะราชา
2025-11-17T12:00:00Z,7.625,98.375,28.85,0.0,0.33,7,เกาะราชา
2025-11-18T12:00:00Z,7.625,98.375,28.84,0.0,0.33,7,เกาะราชา
2025-11-19T12:00:00Z,7.625,98.375,28.900000000000002,0.0,0.4,7,เกาะราชา
2025-11-20T12:00:00Z,7.625,98.375,28.93,0.0,0.44,7,เกาะราชา
2025-11-21T12:00:00Z,7.625,98.375,28.97,0.0,0.49,7,เกาะราชา
2025-11-22T12:00:00Z,7.625,98.375,28.95,0.0,0.48,7,เกาะราชา
2025-11-23T12:00:00Z,7.625,98.375,28.62,0.0,0.16,7,เกาะราชา
2025-11-24T12:00:00Z,7.625,98.375,28.59,0.0,0.14,7,เกาะราชา
2025-11-25T12:00:00Z,7.625,98.375,28.62,0.0,0.18,7,เกาะราชา
2025-11-26T12:00:00Z,7.625,98.375,28.68,0.0,0.25,7,เกาะราชา
2025-11-27T12:00:00Z,7.625,98.375,28.64,0.0,0.22,7,เกาะราชา
2025-11-28T12:00:00Z,7.625,98.375,28.53,0.0,0.12,7,เกาะราชา
2025-11-29T12:00:00Z,7.625,98.375,28.44,0.0,0.04,7,เกาะราชา
2025-11-30T12:00:00Z,7.625,98.375,28.47,0.0,0.09,7,เกาะราชา
2025-12-01T12:00:00Z,7.625,98.375,28.560000000000002,0.0,0.19,7,เกาะราชา
2025-12-02T12:00:00Z,7.625,98.375,28.69,0.0,0.33,7,เกาะราชา
2025-12-03T12:00:00Z,7.625,98.375,28.740000000000002,0.0,0.39,7,เกาะราชา
2025-12-04T12:00:00Z,7.625,98.375,28.72,0.0,0.38,7,เกาะราชา
2025-12-05T12:00:00Z,7.625,98.375,28.92,0.0,0.59,7,เกาะราชา
2025-12-06T12:00:00Z,7.625,98.375,28.82,0.0,0.5,7,เกาะราชา
2025-12-07T12:00:00Z,7.625,98.375,28.71,0.0,0.4,7,เกาะราชา
2025-12-08T12:00:00Z,7.625,98.375,28.69,0.0,0.39,7,เกาะราชา
2025-12-09T12:00:00Z,7.625,98.375,28.68,0.0,0.39,7,เกาะราชา
2025-12-10T12:00:00Z,7.625,98.375,28.73,0.0,0.45,7,เกาะราชา
2025-12-11T12:00:00Z,7.625,98.375,28.580000000000002,0.0,0.31,7,เกาะราชา
2025-12-12T12:00:00Z,7.625,98.375,28.72,0.0,0.46,7,เกาะราชา
2025-12-13T12:00:00Z,7.625,98.375,28.72,0.0,0.47000000000000003,7,เกาะราชา
2025-12-14T12:00:00Z,7.625,98.375,28.400000000000002,0.0,0.16,7,เกาะราชา
2025-12-15T12:00:00Z,7.625,98.375,28.51,0.0,0.28,7,เกาะราชา
2025-12-16T12:00:00Z,7.625,98.375,28.580000000000002,0.0,0.35000000000000003,7,เกาะราชา
2025-12-17T12:00:00Z,7.625,98.375,28.63,0.0,0.4,7,เกาะราชา
2025-12-18T12:00:00Z,7.625,98.375,28.72,0.0,0.5,7,เกาะราชา
2025-12-19T12:00:00Z,7.625,98.375,28.66,0.0,0.44,7,เกาะราชา
2025-12-20T12:00:00Z,7.625,98.375,28.71,0.0,0.49,7,เกาะราชา
2025-12-21T12:00:00Z,7.625,98.375,28.82,0.0,0.6,7,เกาะราชา
2025-12-22T12:00:00Z,7.625,98.375,28.73,0.0,0.52,7,เกาะราชา
2025-12-23T12:00:00Z,7.625,98.375,28.91,0.0,0.7000000000000001,7,เกาะราชา
2025-12-24T12:00:00Z,7.625,98.375,29.16,0.0,0.9500000000000001,7,เกาะราชา
2025-12-25T12:00:00Z,7.625,98.375,29.05,0.0,0.84,7,เกาะราชา
2025-12-26T12:00:00Z,7.625,98.375,29.01,0.0,0.8,7,เกาะราชา
2025-12-27T12:00:00Z,7.625,98.375,27.98,0.0,-0.22,7,เกาะราชา
2025-12-28T12:00:00Z,7.625,98.375,28.94,0.0,0.74,7,เกาะราชา
2025-12-29T12:00:00Z,7.625,98.375,28.95,0.0,0.75,7,เกาะราชา
2025-12-30T12:00:00Z,7.625,98.375,28.67,0.0,0.47000000000000003,7,เกาะราชา
2025-12-31T12:00:00Z,7.625,98.375,29.1,0.0,0.91,7,เกาะราชา
2026-01-01T12:00:00Z,7.625,98.375,29.080000000000002,0.0,0.89,7,เกาะราชา
2026-01-02T12:00:00Z,7.625,98.375,28.89,0.0,0.7000000000000001,7,เกาะราชา
2026-01-03T12:00:00Z,7.625,98.375,28.900000000000002,0.0,0.71,7,เกาะราชา
2026-01-03T12:00:00Z,7.625,98.375,28.900000000000002,0.0,0.71,7,เกาะราชา
2026-01-04T12:00:00Z,7.625,98.375,28.93,0.0,0.75,7,เกาะราชา
2026-01-05T12:00:00Z,7.625,98.375,28.6,0.0,0.42,7,เกาะราชา
2026-01-06T12:00:00Z,7.625,98.375,28.7,0.0,0.52,7,เกาะราชา
2026-01-07T12:00:00Z,7.625,98.375,28.53,0.0,0.35000000000000003,7,เกาะราชา
2026-01-08T12:00:00Z,7.625,98.375,28.62,0.0,0.44,7,เกาะราชา
2026-01-09T12:00:00Z,7.625,98.375,28.57,0.0,0.4,7,เกาะราชา
2026-01-10T12:00:00Z,7.625,98.375,28.61,0.0,0.44,7,เกาะราชา
2026-01-11T12:00:00Z,7.625,98.375,28.44,0.0,0.27,7,เกาะราชา
2026-01-12T12:00:00Z,7.625,98.375,28.38,0.0,0.21,7,เกาะราชา
2026-01-13T12:00:00Z,7.625,98.375,28.37,0.0,0.21,7,เกาะราชา
2026-01-14T12:00:00Z,7.625,98.375,28.45,0.0,0.29,7,เกาะราชา
2026-01-15T12:00:00Z,7.625,98.375,28.52,0.0,0.36,7,เกาะราชา
2026-01-16T12:00:00Z,7.625,98.375,28.64,0.0,0.47000000000000003,7,เกาะราชา
2026-01-17T12:00:00Z,7.625,98.375,28.61,0.0,0.43,7,เกาะราชา
2026-01-18T12:00:00Z,7.625,98.375,28.66,0.0,0.47000000000000003,7,เกาะราชา
2026-01-19T12:00:00Z,7.625,98.375,28.51,0.0,0.31,7,เกาะราชา
2026-01-20T12:00:00Z,7.625,98.375,28.310000000000002,0.0,0.1,7,เกาะราชา
2026-01-21T12:00:00Z,7.625,98.375,28.48,0.0,0.26,7,เกาะราชา
2026-01-22T12:00:00Z,7.625,98.375,28.47,0.0,0.24,7,เกาะราชา
2026-01-23T12:00:00Z,7.625,98.375,28.44,0.0,0.2,7,เกาะราชา
2026-01-24T12:00:00Z,7.625,98.375,28.22,0.0,-0.03,7,เกาะราชา
2026-01-25T12:00:00Z,7.625,98.375,28.29,0.0,0.03,7,เกาะราชา
2026-01-26T12:00:00Z,7.625,98.375,28.41,0.0,0.14,7,เกาะราชา
2026-01-27T12:00:00Z,7.625,98.375,28.48,0.0,0.2,7,เกาะราชา
2026-01-28T12:00:00Z,7.625,98.375,28.34,0.0,0.05,7,เกาะราชา
2026-01-29T12:00:00Z,7.625,98.375,28.53,0.0,0.23,7,เกาะราชา
2026-01-30T12:00:00Z,7.625,98.375,28.51,0.0,0.2,7,เกาะราชา
2026-01-31T12:00:00Z,7.625,98.375,28.59,0.0,0.26,7,เกาะราชา
2026-02-01T12:00:00Z,7.625,98.375,28.55,0.0,0.21,7,เกาะราชา
2026-02-02T12:00:00Z,7.625,98.375,28.47,0.0,0.12,7,เกาะราชา
2026-02-03T12:00:00Z,7.625,98.375,28.46,0.0,0.1,7,เกาะราชา
2026-02-04T12:00:00Z,7.625,98.375,28.48,0.0,0.11,7,เกาะราชา
2026-02-05T12:00:00Z,7.625,98.375,28.48,0.0,0.1,7,เกาะราชา
2026-02-06T12:00:00Z,7.625,98.375,28.72,0.0,0.33,7,เกาะราชา
2026-02-07T12:00:00Z,7.625,98.375,28.67,0.0,0.27,7,เกาะราชา
2026-02-08T12:00:00Z,7.625,98.375,28.67,0.0,0.26,7,เกาะราชา
2026-02-09T12:00:00Z,7.625,98.375,28.72,0.0,0.3,7,เกาะราชา
2026-02-10T12:00:00Z,7.625,98.375,28.740000000000002,0.0,0.31,7,เกาะราชา
2026-02-11T12:00:00Z,7.625,98.375,28.71,0.0,0.27,7,เกาะราชา
2026-02-12T12:00:00Z,7.625,98.375,29.07,0.0,0.62,7,เกาะราชา
2026-02-13T12:00:00Z,7.625,98.375,28.96,0.0,0.5,7,เกาะราชา
2026-02-14T12:00:00Z,7.625,98.375,29.13,0.0,0.66,7,เกาะราชา
2026-02-15T12:00:00Z,7.625,98.375,29.060000000000002,0.0,0.58,7,เกาะราชา
2026-02-16T12:00:00Z,7.625,98.375,29.21,0.0,0.7000000000000001,7,เกาะราชา
2026-02-17T12:00:00Z,7.625,98.375,29.16,0.0,0.63,7,เกาะราชา
2026-02-18T12:00:00Z,7.625,98.375,29.12,0.0,0.56,7,เกาะราชา
2026-02-19T12:00:00Z,7.625,98.375,28.900000000000002,0.0,0.32,7,เกาะราชา
2026-02-20T12:00:00Z,7.625,98.375,28.92,0.0,0.31,7,เกาะราชา
2026-02-21T12:00:00Z,7.625,98.375,28.94,0.0,0.3,7,เกาะราชา
2026-02-22T12:00:00Z,7.625,98.375,28.75,0.0,0.09,7,เกาะราชา
2026-02-23T12:00:00Z,7.625,98.375,28.92,0.0,0.23,7,เกาะราชา
2026-02-24T12:00:00Z,7.625,98.375,29.18,0.0,0.47000000000000003,7,เกาะราชา
2026-02-25T12:00:00Z,7.625,98.375,29.36,0.0,0.62,7,เกาะราชา
2026-02-26T12:00:00Z,7.625,98.375,29.47,0.0,0.7000000000000001,7,เกาะราชา
2026-02-27T12:00:00Z,7.625,98.375,29.41,0.0,0.62,7,เกาะราชา
2026-02-28T12:00:00Z,7.625,98.375,29.3,0.0,0.48,7,เกาะราชา
2026-03-01T12:00:00Z,7.625,98.375,29.39,0.0,0.55,7,เกาะราชา
2026-03-02T12:00:00Z,7.625,98.375,29.45,0.0,0.58,7,เกาะราชา
2026-03-03T12:00:00Z,7.625,98.375,29.38,0.0,0.48,7,เกาะราชา
2026-03-04T12:00:00Z,7.625,98.375,29.34,0.0,0.42,7,เกาะราชา
2026-03-05T12:00:00Z,7.625,98.375,29.1,0.0,0.15,7,เกาะราชา
2026-03-06T12:00:00Z,7.625,98.375,29.11,0.0,0.13,7,เกาะราชา
2026-03-07T12:00:00Z,7.625,98.375,29.23,0.0,0.23,7,เกาะราชา
2026-03-08T12:00:00Z,7.625,98.375,29.29,0.0,0.26,7,เกาะราชา
2026-03-09T12:00:00Z,7.625,98.375,29.21,0.0,0.16,7,เกาะราชา
2026-03-10T12:00:00Z,7.625,98.375,29.22,0.0,0.14,7,เกาะราชา
2026-03-11T12:00:00Z,7.625,98.375,29.35,0.0,0.24,7,เกาะราชา
2026-03-12T12:00:00Z,7.625,98.375,29.38,0.0,0.25,7,เกาะราชา
2026-03-13T12:00:00Z,7.625,98.375,29.42,0.0,0.26,7,เกาะราชา
2026-03-14T12:00:00Z,7.625,98.375,29.29,0.0,0.11,7,เกาะราชา
2026-03-15T12:00:00Z,7.625,98.375,29.42,0.0,0.21,7,เกาะราชา
2026-03-16T12:00:00Z,7.625,98.375,29.46,0.0,0.23,7,เกาะราชา
2026-03-17T12:00:00Z,7.625,98.375,29.5,0.0,0.26,7,เกาะราชา
2026-03-18T12:00:00Z,7.625,98.375,29.59,0.0,0.33,7,เกาะราชา
2026-03-19T12:00:00Z,7.625,98.375,29.63,0.0,0.36,7,เกาะราชา
2026-03-20T12:00:00Z,7.625,98.375,29.79,0.0,0.5,7,เกาะราชา
2026-03-21T12:00:00Z,7.625,98.375,29.7,0.0,0.4,7,เกาะราชา
2026-03-22T12:00:00Z,7.625,98.375,29.68,0.0,0.36,7,เกาะราชา
2026-03-23T12:00:00Z,7.625,98.375,29.76,0.0,0.42,7,เกาะราชา
2026-03-24T12:00:00Z,7.625,98.375,30.0,0.0,0.65,7,เกาะราชา
2026-03-25T12:00:00Z,7.625,98.375,30.09,0.0,0.72,7,เกาะราชา
2026-03-26T12:00:00Z,7.625,98.375,29.98,0.0,0.6,7,เกาะราชา
2026-03-27T12:00:00Z,7.625,98.375,30.04,0.0,0.64,7,เกาะราชา
2026-03-28T12:00:00Z,7.625,98.375,29.93,0.0,0.51,7,เกาะราชา
2026-03-29T12:00:00Z,7.625,98.375,30.22,0.0,0.79,7,เกาะราชา
2026-03-30T12:00:00Z,7.625,98.375,30.13,0.0,0.68,7,เกาะราชา
2026-03-31T12:00:00Z,7.625,98.375,30.080000000000002,0.0,0.62,7,เกาะราชา
2026-04-01T12:00:00Z,7.625,98.375,30.400000000000002,0.0,0.92,7,เกาะราชา
2026-04-02T12:00:00Z,7.625,98.375,30.48,0.0,0.99,7,เกาะราชา
2026-04-03T12:00:00Z,7.625,98.375,30.44,0.0,0.93,7,เกาะราชา
2026-04-03T12:00:00Z,7.625,98.375,30.44,0.0,0.93,7,เกาะราชา
2026-04-04T12:00:00Z,7.625,98.375,30.5,0.0,0.97,7,เกาะราชา
2026-04-05T12:00:00Z,7.625,98.375,30.3,0.0,0.76,7,เกาะราชา
2026-04-06T12:00:00Z,7.625,98.375,30.2,0.0,0.64,7,เกาะราชา
2026-04-07T12:00:00Z,7.625,98.375,30.080000000000002,0.0,0.51,7,เกาะราชา
2026-04-08T12:00:00Z,7.625,98.375,30.12,0.0,0.53,7,เกาะราชา
2026-04-09T12:00:00Z,7.625,98.375,29.8,0.0,0.19,7,เกาะราชา
2026-04-10T12:00:00Z,7.625,98.375,29.91,0.0,0.29,7,เกาะราชา
2026-04-11T12:00:00Z,7.625,98.375,30.27,0.0,0.63,7,เกาะราชา
2026-04-12T12:00:00Z,7.625,98.375,30.41,0.0,0.76,7,เกาะราชา
2026-04-13T12:00:00Z,7.625,98.375,30.39,0.0,0.72,7,เกาะราชา
2026-04-14T12:00:00Z,7.625,98.375,30.27,0.0,0.59,7,เกาะราชา
2026-04-15T12:00:00Z,7.625,98.375,30.580000000000002,0.0,0.88,7,เกาะราชา
2026-04-16T12:00:00Z,7.625,98.375,30.6,0.0,0.9,7,เกาะราชา
2026-04-17T12:00:00Z,7.625,98.375,30.52,0.0,0.81,7,เกาะราชา
2026-04-18T12:00:00Z,7.625,98.375,30.560000000000002,0.0,0.85,7,เกาะราชา
2026-04-19T12:00:00Z,7.625,98.375,30.900000000000002,0.16,1.19,7,เกาะราชา
2026-04-20T12:00:00Z,7.625,98.375,30.7,0.16,0.99,7,เกาะราชา
2026-04-21T12:00:00Z,7.625,98.375,30.85,0.31,1.1300000000000001,7,เกาะราชา
2026-04-22T12:00:00Z,7.625,98.375,30.86,0.46,1.1400000000000001,7,เกาะราชา
2026-04-23T12:00:00Z,7.625,98.375,31.16,0.66,1.44,7,เกาะราชา
2026-04-24T12:00:00Z,7.625,98.375,31.12,0.85,1.3900000000000001,7,เกาะราชา
2026-04-26T12:00:00Z,7.625,98.375,31.3,1.25,1.57,7,เกาะราชา
2026-04-27T12:00:00Z,7.625,98.375,31.09,1.43,1.35,7,เกาะราชา
2026-04-28T12:00:00Z,7.625,98.375,31.17,1.6300000000000001,1.43,7,เกาะราชา
2026-04-29T12:00:00Z,7.625,98.375,31.2,1.83,1.46,7,เกาะราชา
2026-04-30T12:00:00Z,7.625,98.375,31.36,2.06,1.62,7,เกาะราชา
2026-05-01T12:00:00Z,7.625,98.375,31.400000000000002,2.29,1.6500000000000001,7,เกาะราชา
2026-05-02T12:00:00Z,7.625,98.375,31.3,2.5,1.55,7,เกาะราชา
2026-05-03T12:00:00Z,7.625,98.375,31.2,2.7,1.45,7,เกาะราชา
2026-05-04T12:00:00Z,7.625,98.375,31.220000000000002,2.91,1.46,7,เกาะราชา
2026-05-05T12:00:00Z,7.625,98.375,31.310000000000002,3.12,1.55,7,เกาะราชา
2026-05-06T12:00:00Z,7.625,98.375,31.38,3.35,1.62,7,เกาะราชา
2026-05-07T12:00:00Z,7.625,98.375,31.18,3.5500000000000003,1.41,7,เกาะราชา
2026-05-08T12:00:00Z,7.625,98.375,31.36,3.77,1.59,7,เกาะราชา
2026-05-09T12:00:00Z,7.625,98.375,31.21,3.98,1.44,7,เกาะราชา
2026-05-10T12:00:00Z,7.625,98.375,31.04,4.16,1.27,7,เกาะราชา
2026-05-11T12:00:00Z,7.625,98.375,31.5,4.4,1.72,7,เกาะราชา
2026-05-12T12:00:00Z,7.625,98.375,31.23,4.61,1.45,7,เกาะราชา
2026-05-13T12:00:00Z,7.625,98.375,31.490000000000002,4.8500000000000005,1.71,7,เกาะราชา
2026-05-14T12:00:00Z,7.625,98.375,31.560000000000002,5.1000000000000005,1.77,7,เกาะราชา
2026-05-15T12:00:00Z,7.625,98.375,31.330000000000002,5.32,1.54,7,เกาะราชา
2026-05-16T12:00:00Z,7.625,98.375,31.080000000000002,5.51,1.3,7,เกาะราชา
2026-05-17T12:00:00Z,7.625,98.375,30.990000000000002,5.68,1.21,7,เกาะราชา
2026-05-18T12:00:00Z,7.625,98.375,31.05,5.86,1.28,7,เกาะราชา
2026-05-19T12:00:00Z,7.625,98.375,30.89,6.01,1.1300000000000001,7,เกาะราชา
2026-05-20T12:00:00Z,7.625,98.375,30.26,6.01,0.51,7,เกาะราชา
2026-05-21T12:00:00Z,7.625,98.375,30.560000000000002,6.01,0.81,7,เกาะราชา
2026-05-22T12:00:00Z,7.625,98.375,30.43,6.01,0.6900000000000001,7,เกาะราชา
2026-05-23T12:00:00Z,7.625,98.375,30.05,6.01,0.32,7,เกาะราชา
2026-05-24T12:00:00Z,7.625,98.375,30.19,6.01,0.47000000000000003,7,เกาะราชา
2026-05-25T12:00:00Z,7.625,98.375,30.240000000000002,6.01,0.52,7,เกาะราชา
2026-05-26T12:00:00Z,7.625,98.375,30.03,6.01,0.32,7,เกาะราชา
2026-05-27T12:00:00Z,7.625,98.375,30.17,6.01,0.47000000000000003,7,เกาะราชา
2026-05-28T12:00:00Z,7.625,98.375,30.12,6.01,0.43,7,เกาะราชา
2026-05-29T12:00:00Z,7.625,98.375,29.900000000000002,6.01,0.21,7,เกาะราชา
2026-05-30T12:00:00Z,7.625,98.375,29.79,6.01,0.11,7,เกาะราชา
2026-05-31T12:00:00Z,7.625,98.375,29.68,6.01,0.01,7,เกาะราชา
2026-06-01T12:00:00Z,7.625,98.375,29.490000000000002,6.01,-0.17,7,เกาะราชา
2026-06-02T12:00:00Z,7.625,98.375,29.88,6.01,0.22,7,เกาะราชา
2026-06-03T12:00:00Z,7.625,98.375,29.560000000000002,6.01,-0.09,7,เกาะราชา
2026-06-04T12:00:00Z,7.625,98.375,29.560000000000002,6.01,-0.08,7,เกาะราชา
2026-06-05T12:00:00Z,7.625,98.375,29.17,6.01,-0.46,7,เกาะราชา
2026-06-06T12:00:00Z,7.625,98.375,29.57,6.01,-0.06,7,เกาะราชา
2026-06-07T12:00:00Z,7.625,98.375,29.48,6.01,-0.14,7,เกาะราชา
2026-06-08T12:00:00Z,7.625,98.375,29.87,6.01,0.26,7,เกาะราชา
2026-06-09T12:00:00Z,7.625,98.375,29.830000000000002,6.01,0.23,7,เกาะราชา
2026-06-10T12:00:00Z,7.625,98.375,29.7,6.01,0.1,7,เกาะราชา
2026-06-11T12:00:00Z,7.625,98.375,30.18,6.01,0.59,7,เกาะราชา
2026-06-12T12:00:00Z,7.625,98.375,29.900000000000002,6.01,0.32,7,เกาะราชา
2026-06-13T12:00:00Z,7.625,98.375,30.28,6.01,0.71,7,เกาะราชา
2026-06-14T12:00:00Z,7.625,98.375,30.19,6.01,0.62,7,เกาะราชา
2026-06-15T12:00:00Z,7.625,98.375,30.18,6.01,0.62,7,เกาะราชา
2026-06-16T12:00:00Z,7.625,98.375,30.48,6.01,0.93,7,เกาะราชา
2026-06-17T12:00:00Z,7.625,98.375,30.34,6.01,0.81,7,เกาะราชา
2026-06-18T12:00:00Z,7.625,98.375,30.29,6.01,0.78,7,เกาะราชา
2026-06-19T12:00:00Z,7.625,98.375,30.17,6.01,0.67,7,เกาะราชา
2026-06-20T12:00:00Z,7.625,98.375,30.55,6.01,1.07,7,เกาะราชา
2026-06-21T12:00:00Z,7.625,98.375,30.400000000000002,6.01,0.93,7,เกาะราชา
2026-06-22T12:00:00Z,7.625,98.375,30.53,6.01,1.08,7,เกาะราชา
2026-06-23T12:00:00Z,7.625,98.375,30.51,6.01,1.07,7,เกาะราชา
2026-06-24T12:00:00Z,7.625,98.375,30.45,6.01,1.03,7,เกาะราชา
2026-06-25T12:00:00Z,7.625,98.375,30.43,6.01,1.02,7,เกาะราชา
2026-06-26T12:00:00Z,7.625,98.375,30.34,6.01,0.9500000000000001,7,เกาะราชา
2026-06-27T12:00:00Z,7.625,98.375,30.21,6.01,0.8300000000000001,7,เกาะราชา
2026-06-28T12:00:00Z,7.625,98.375,30.13,6.01,0.77,7,เกาะราชา
2026-06-29T12:00:00Z,7.625,98.375,30.04,6.01,0.6900000000000001,7,เกาะราชา
2026-06-30T12:00:00Z,7.625,98.375,30.17,6.01,0.84,7,เกาะราชา
2026-07-01T12:00:00Z,7.625,98.375,30.26,6.01,0.9400000000000001,7,เกาะราชา
2026-07-02T12:00:00Z,7.625,98.375,30.330000000000002,6.01,1.03,7,เกาะราชา
2026-07-02T12:00:00Z,7.625,98.375,30.330000000000002,6.01,1.03,7,เกาะราชา
2026-07-03T12:00:00Z,7.625,98.375,29.53,6.01,0.24,7,เกาะราชา
2026-07-04T12:00:00Z,7.625,98.375,29.63,6.01,0.36,7,เกาะราชา
2026-07-05T12:00:00Z,7.625,98.375,29.96,6.01,0.7000000000000001,7,เกาะราชา
2026-07-06T12:00:00Z,7.625,98.375,29.92,6.01,0.68,7,เกาะราชา
2026-07-07T12:00:00Z,7.625,98.375,29.92,6.01,0.6900000000000001,7,เกาะราชา
2026-07-08T12:00:00Z,7.625,98.375,30.01,6.01,0.8,7,เกาะราชา
2026-07-09T12:00:00Z,7.625,98.375,29.87,6.01,0.67,7,เกาะราชา
2026-07-10T12:00:00Z,7.625,98.375,29.93,6.01,0.75,7,เกาะราชา
2026-07-11T12:00:00Z,7.625,98.375,29.900000000000002,6.01,0.73,7,เกาะราชา
2026-07-12T12:00:00Z,7.625,98.375,29.72,5.86,0.5700000000000001,7,เกาะราชา
2024-07-12T12:00:00Z,6.625,99.675,30.310000000000002,9.370000000000001,0.53,8,เกาะตะรุเตา
2024-07-13T12:00:00Z,6.625,99.675,30.37,9.370000000000001,0.61,8,เกาะตะรุเตา
2024-07-14T12:00:00Z,6.625,99.675,30.26,9.19,0.52,8,เกาะตะรุเตา
2024-07-15T12:00:00Z,6.625,99.675,30.17,9.19,0.45,8,เกาะตะรุเตา
2024-07-16T12:00:00Z,6.625,99.675,30.34,9.03,0.63,8,เกาะตะรุเตา
2024-07-17T12:00:00Z,6.625,99.675,30.150000000000002,8.88,0.45,8,เกาะตะรุเตา
2024-07-18T12:00:00Z,6.625,99.675,30.35,8.65,0.66,8,เกาะตะรุเตา
2024-07-19T12:00:00Z,6.625,99.675,30.23,8.45,0.56,8,เกาะตะรุเตา
2024-07-20T12:00:00Z,6.625,99.675,30.150000000000002,8.2,0.49,8,เกาะตะรุเตา
2024-07-21T12:00:00Z,6.625,99.675,30.310000000000002,8.0,0.66,8,เกาะตะรุเตา
2024-07-22T12:00:00Z,6.625,99.675,30.28,7.7700000000000005,0.64,8,เกาะตะรุเตา
2024-07-23T12:00:00Z,6.625,99.675,30.46,7.51,0.8300000000000001,8,เกาะตะรุเตา
2024-07-24T12:00:00Z,6.625,99.675,30.330000000000002,7.23,0.71,8,เกาะตะรุเตา
2024-07-26T12:00:00Z,6.625,99.675,30.67,6.640000000000001,1.07,8,เกาะตะรุเตา
2024-07-27T12:00:00Z,6.625,99.675,30.53,6.34,0.9500000000000001,8,เกาะตะรุเตา
2024-07-28T12:00:00Z,6.625,99.675,30.45,6.05,0.88,8,เกาะตะรุเตา
2024-07-29T12:00:00Z,6.625,99.675,30.66,5.78,1.1,8,เกาะตะรุเตา
2024-07-30T12:00:00Z,6.625,99.675,30.53,5.53,0.98,8,เกาะตะรุเตา
2024-07-31T12:00:00Z,6.625,99.675,30.64,5.3,1.1,8,เกาะตะรุเตา
2024-08-01T12:00:00Z,6.625,99.675,30.44,5.0600000000000005,0.91,8,เกาะตะรุเตา
2024-08-02T12:00:00Z,6.625,99.675,30.68,4.8500000000000005,1.16,8,เกาะตะรุเตา
2024-08-03T12:00:00Z,6.625,99.675,30.650000000000002,4.66,1.1400000000000001,8,เกาะตะรุเตา
2024-08-04T12:00:00Z,6.625,99.675,30.67,4.39,1.18,8,เกาะตะรุเตา
2024-08-05T12:00:00Z,6.625,99.675,30.580000000000002,4.17,1.1,8,เกาะตะรุเตา
2024-08-06T12:00:00Z,6.625,99.675,30.57,3.91,1.1,8,เกาะตะรุเตา
2024-08-07T12:00:00Z,6.625,99.675,30.490000000000002,3.64,1.03,8,เกาะตะรุเตา
2024-08-08T12:00:00Z,6.625,99.675,30.72,3.46,1.27,8,เกาะตะรุเตา
2024-08-09T12:00:00Z,6.625,99.675,30.6,3.23,1.16,8,เกาะตะรุเตา
2024-08-10T12:00:00Z,6.625,99.675,30.84,3.0100000000000002,1.41,8,เกาะตะรุเตา
2024-08-11T12:00:00Z,6.625,99.675,30.62,2.84,1.2,8,เกาะตะรุเตา
2024-08-12T12:00:00Z,6.625,99.675,30.84,2.69,1.44,8,เกาะตะรุเตา
2024-08-13T12:00:00Z,6.625,99.675,30.6,2.54,1.21,8,เกาะตะรุเตา
2024-08-14T12:00:00Z,6.625,99.675,30.89,2.37,1.51,8,เกาะตะรุเตา
2024-08-15T12:00:00Z,6.625,99.675,31.09,2.37,1.72,8,เกาะตะรุเตา
2024-08-16T12:00:00Z,6.625,99.675,31.11,2.21,1.75,8,เกาะตะรุเตา
2024-08-17T12:00:00Z,6.625,99.675,31.03,2.21,1.69,8,เกาะตะรุเตา
2024-08-18T12:00:00Z,6.625,99.675,31.080000000000002,1.98,1.75,8,เกาะตะรุเตา
2024-08-19T12:00:00Z,6.625,99.675,30.73,1.77,1.41,8,เกาะตะรุเตา
2024-08-20T12:00:00Z,6.625,99.675,30.63,1.57,1.33,8,เกาะตะรุเตา
2024-08-21T12:00:00Z,6.625,99.675,30.73,1.37,1.44,8,เกาะตะรุเตา
2024-08-22T12:00:00Z,6.625,99.675,30.59,1.19,1.31,8,เกาะตะรุเตา
2024-08-23T12:00:00Z,6.625,99.675,30.38,1.03,1.12,8,เกาะตะรุเตา
2024-08-24T12:00:00Z,6.625,99.675,30.490000000000002,0.88,1.24,8,เกาะตะรุเตา
2024-08-25T12:00:00Z,6.625,99.675,30.36,0.88,1.1300000000000001,8,เกาะตะรุเตา
2024-08-26T12:00:00Z,6.625,99.675,30.36,0.72,1.1400000000000001,8,เกาะตะรุเตา
2024-08-27T12:00:00Z,6.625,99.675,30.16,0.72,0.9500000000000001,8,เกาะตะรุเตา
2024-08-28T12:00:00Z,6.625,99.675,30.03,0.52,0.84,8,เกาะตะรุเตา
2024-08-29T12:00:00Z,6.625,99.675,29.94,0.34,0.76,8,เกาะตะรุเตา
2024-08-30T12:00:00Z,6.625,99.675,30.34,0.16,1.17,8,เกาะตะรุเตา
2024-08-31T12:00:00Z,6.625,99.675,30.400000000000002,0.0,1.25,8,เกาะตะรุเตา
2024-09-01T12:00:00Z,6.625,99.675,30.29,0.0,1.1500000000000001,8,เกาะตะรุเตา
2024-09-02T12:00:00Z,6.625,99.675,30.330000000000002,0.0,1.2,8,เกาะตะรุเตา
2024-09-03T12:00:00Z,6.625,99.675,30.44,0.0,1.33,8,เกาะตะรุเตา
2024-09-04T12:00:00Z,6.625,99.675,30.18,0.0,1.08,8,เกาะตะรุเตา
2024-09-05T12:00:00Z,6.625,99.675,30.09,0.0,1.0,8,เกาะตะรุเตา
2024-09-06T12:00:00Z,6.625,99.675,30.14,0.0,1.07,8,เกาะตะรุเตา
2024-09-07T12:00:00Z,6.625,99.675,30.09,0.0,1.03,8,เกาะตะรุเตา
2024-09-08T12:00:00Z,6.625,99.675,30.02,0.0,0.98,8,เกาะตะรุเตา
2024-09-09T12:00:00Z,6.625,99.675,30.27,0.0,1.24,8,เกาะตะรุเตา
2024-09-10T12:00:00Z,6.625,99.675,29.8,0.0,0.78,8,เกาะตะรุเตา
2024-09-11T12:00:00Z,6.625,99.675,30.17,0.0,1.17,8,เกาะตะรุเตา
2024-09-12T12:00:00Z,6.625,99.675,30.05,0.0,1.06,8,เกาะตะรุเตา
2024-09-13T12:00:00Z,6.625,99.675,29.94,0.0,0.96,8,เกาะตะรุเตา
2024-09-14T12:00:00Z,6.625,99.675,29.84,0.0,0.88,8,เกาะตะรุเตา
2024-09-15T12:00:00Z,6.625,99.675,29.87,0.0,0.92,8,เกาะตะรุเตา
2024-09-16T12:00:00Z,6.625,99.675,29.8,0.0,0.85,8,เกาะตะรุเตา
2024-09-17T12:00:00Z,6.625,99.675,29.740000000000002,0.0,0.8,8,เกาะตะรุเตา
2024-09-18T12:00:00Z,6.625,99.675,29.63,0.0,0.6900000000000001,8,เกาะตะรุเตา
2024-09-19T12:00:00Z,6.625,99.675,29.54,0.0,0.61,8,เกาะตะรุเตา
2024-09-20T12:00:00Z,6.625,99.675,29.35,0.0,0.42,8,เกาะตะรุเตา
2024-09-21T12:00:00Z,6.625,99.675,29.37,0.0,0.44,8,เกาะตะรุเตา
2024-09-22T12:00:00Z,6.625,99.675,29.41,0.0,0.49,8,เกาะตะรุเตา
2024-09-23T12:00:00Z,6.625,99.675,29.46,0.0,0.54,8,เกาะตะรุเตา
2024-09-24T12:00:00Z,6.625,99.675,29.39,0.0,0.48,8,เกาะตะรุเตา
2024-09-25T12:00:00Z,6.625,99.675,29.310000000000002,0.0,0.4,8,เกาะตะรุเตา
2024-09-26T12:00:00Z,6.625,99.675,29.26,0.0,0.35000000000000003,8,เกาะตะรุเตา
2024-09-27T12:00:00Z,6.625,99.675,29.36,0.0,0.46,8,เกาะตะรุเตา
2024-09-28T12:00:00Z,6.625,99.675,29.25,0.0,0.35000000000000003,8,เกาะตะรุเตา
2024-09-29T12:00:00Z,6.625,99.675,30.01,0.0,1.12,8,เกาะตะรุเตา
2024-09-30T12:00:00Z,6.625,99.675,30.01,0.0,1.12,8,เกาะตะรุเตา
2024-10-01T12:00:00Z,6.625,99.675,30.03,0.0,1.1400000000000001,8,เกาะตะรุเตา
2024-10-02T12:00:00Z,6.625,99.675,29.78,0.0,0.9,8,เกาะตะรุเตา
2024-10-03T12:00:00Z,6.625,99.675,29.72,0.0,0.84,8,เกาะตะรุเตา
2024-10-04T12:00:00Z,6.625,99.675,29.52,0.0,0.65,8,เกาะตะรุเตา
2024-10-05T12:00:00Z,6.625,99.675,29.41,0.0,0.54,8,เกาะตะรุเตา
2024-10-06T12:00:00Z,6.625,99.675,29.830000000000002,0.0,0.96,8,เกาะตะรุเตา
2024-10-07T12:00:00Z,6.625,99.675,29.68,0.0,0.8200000000000001,8,เกาะตะรุเตา
2024-10-08T12:00:00Z,6.625,99.675,29.86,0.0,1.0,8,เกาะตะรุเตา
2024-10-09T12:00:00Z,6.625,99.675,30.03,0.0,1.18,8,เกาะตะรุเตา
2024-10-10T12:00:00Z,6.625,99.675,30.11,0.0,1.26,8,เกาะตะรุเตา
2024-10-10T12:00:00Z,6.625,99.675,30.11,0.0,1.26,8,เกาะตะรุเตา
2024-10-11T12:00:00Z,6.625,99.675,30.01,0.0,1.16,8,เกาะตะรุเตา
2024-10-12T12:00:00Z,6.625,99.675,30.21,0.0,1.37,8,เกาะตะรุเตา
2024-10-13T12:00:00Z,6.625,99.675,30.17,0.0,1.33,8,เกาะตะรุเตา
2024-10-14T12:00:00Z,6.625,99.675,30.04,0.0,1.21,8,เกาะตะรุเตา
2024-10-15T12:00:00Z,6.625,99.675,30.13,0.0,1.3,8,เกาะตะรุเตา
2024-10-16T12:00:00Z,6.625,99.675,30.29,0.0,1.46,8,เกาะตะรุเตา
2024-10-17T12:00:00Z,6.625,99.675,30.35,0.0,1.52,8,เกาะตะรุเตา
2024-10-18T12:00:00Z,6.625,99.675,30.37,0.0,1.54,8,เกาะตะรุเตา
2024-10-19T12:00:00Z,6.625,99.675,30.3,0.0,1.48,8,เกาะตะรุเตา
2024-10-20T12:00:00Z,6.625,99.675,30.2,0.0,1.3800000000000001,8,เกาะตะรุเตา
2024-10-21T12:00:00Z,6.625,99.675,30.22,0.0,1.4000000000000001,8,เกาะตะรุเตา
2024-10-22T12:00:00Z,6.625,99.675,30.18,0.0,1.36,8,เกาะตะรุเตา
2024-10-23T12:00:00Z,6.625,99.675,29.97,0.0,1.1500000000000001,8,เกาะตะรุเตา
2024-10-24T12:00:00Z,6.625,99.675,29.93,0.0,1.11,8,เกาะตะรุเตา
2024-10-25T12:00:00Z,6.625,99.675,29.78,0.0,0.96,8,เกาะตะรุเตา
2024-10-26T12:00:00Z,6.625,99.675,29.7,0.0,0.88,8,เกาะตะรุเตา
2024-10-27T12:00:00Z,6.625,99.675,29.740000000000002,0.0,0.93,8,เกาะตะรุเตา
2024-10-28T12:00:00Z,6.625,99.675,29.6,0.0,0.79,8,เกาะตะรุเตา
2024-10-29T12:00:00Z,6.625,99.675,29.34,0.0,0.53,8,เกาะตะรุเตา
2024-10-30T12:00:00Z,6.625,99.675,29.69,0.0,0.88,8,เกาะตะรุเตา
2024-10-31T12:00:00Z,6.625,99.675,29.82,0.0,1.01,8,เกาะตะรุเตา
2024-11-01T12:00:00Z,6.625,99.675,29.85,0.0,1.04,8,เกาะตะรุเตา
2024-11-02T12:00:00Z,6.625,99.675,29.61,0.0,0.8,8,เกาะตะรุเตา
2024-11-03T12:00:00Z,6.625,99.675,29.87,0.0,1.06,8,เกาะตะรุเตา
2024-11-04T12:00:00Z,6.625,99.675,29.64,0.0,0.84,8,เกาะตะรุเตา
2024-11-05T12:00:00Z,6.625,99.675,29.76,0.0,0.96,8,เกาะตะรุเตา
2024-11-06T12:00:00Z,6.625,99.675,29.97,0.0,1.17,8,เกาะตะรุเตา
2024-11-07T12:00:00Z,6.625,99.675,30.23,0.0,1.43,8,เกาะตะรุเตา
2024-11-08T12:00:00Z,6.625,99.675,30.07,0.0,1.27,8,เกาะตะรุเตา
2024-11-09T12:00:00Z,6.625,99.675,29.95,0.0,1.1500000000000001,8,เกาะตะรุเตา
2024-11-10T12:00:00Z,6.625,99.675,30.18,0.0,1.3800000000000001,8,เกาะตะรุเตา
2024-11-11T12:00:00Z,6.625,99.675,30.11,0.0,1.31,8,เกาะตะรุเตา
2024-11-12T12:00:00Z,6.625,99.675,30.18,0.0,1.3900000000000001,8,เกาะตะรุเตา
2024-11-13T12:00:00Z,6.625,99.675,30.25,0.0,1.46,8,เกาะตะรุเตา
2024-11-14T12:00:00Z,6.625,99.675,30.42,0.0,1.6300000000000001,8,เกาะตะรุเตา
2024-11-15T12:00:00Z,6.625,99.675,30.150000000000002,0.0,1.36,8,เกาะตะรุเตา
2024-11-16T12:00:00Z,6.625,99.675,30.43,0.0,1.6600000000000001,8,เกาะตะรุเตา
2024-11-17T12:00:00Z,6.625,99.675,30.54,0.0,1.78,8,เกาะตะรุเตา
2024-11-18T12:00:00Z,6.625,99.675,30.400000000000002,0.0,1.6600000000000001,8,เกาะตะรุเตา
2024-11-19T12:00:00Z,6.625,99.675,30.330000000000002,0.0,1.61,8,เกาะตะรุเตา
2024-11-20T12:00:00Z,6.625,99.675,30.07,0.0,1.37,8,เกาะตะรุเตา
2024-11-21T12:00:00Z,6.625,99.675,30.03,0.0,1.34,8,เกาะตะรุเตา
2024-11-22T12:00:00Z,6.625,99.675,30.04,0.0,1.37,8,เกาะตะรุเตา
2024-11-23T12:00:00Z,6.625,99.675,29.7,0.0,1.05,8,เกาะตะรุเตา
2024-11-24T12:00:00Z,6.625,99.675,29.61,0.0,0.97,8,เกาะตะรุเตา
2024-11-25T12:00:00Z,6.625,99.675,29.66,0.0,1.04,8,เกาะตะรุเตา
2024-11-26T12:00:00Z,6.625,99.675,29.62,0.0,1.02,8,เกาะตะรุเตา
2024-11-27T12:00:00Z,6.625,99.675,29.59,0.0,1.0,8,เกาะตะรุเตา
2024-11-28T12:00:00Z,6.625,99.675,29.59,0.0,1.02,8,เกาะตะรุเตา
2024-11-29T12:00:00Z,6.625,99.675,29.51,0.0,0.96,8,เกาะตะรุเตา
2024-11-30T12:00:00Z,6.625,99.675,29.47,0.0,0.9400000000000001,8,เกาะตะรุเตา
2024-12-01T12:00:00Z,6.625,99.675,29.47,0.0,0.9500000000000001,8,เกาะตะรุเตา
2024-12-02T12:00:00Z,6.625,99.675,29.25,0.0,0.75,8,เกาะตะรุเตา
2024-12-03T12:00:00Z,6.625,99.675,29.34,0.0,0.86,8,เกาะตะรุเตา
2024-12-04T12:00:00Z,6.625,99.675,29.29,0.0,0.8200000000000001,8,เกาะตะรุเตา
2024-12-05T12:00:00Z,6.625,99.675,29.37,0.0,0.92,8,เกาะตะรุเตา
2024-12-06T12:00:00Z,6.625,99.675,29.41,0.0,0.98,8,เกาะตะรุเตา
2024-12-07T12:00:00Z,6.625,99.675,29.36,0.0,0.9400000000000001,8,เกาะตะรุเตา
2024-12-08T12:00:00Z,6.625,99.675,29.28,0.0,0.88,8,เกาะตะรุเตา
2024-12-09T12:00:00Z,6.625,99.675,29.3,0.0,0.92,8,เกาะตะรุเตา
2024-12-10T12:00:00Z,6.625,99.675,29.27,0.0,0.91,8,เกาะตะรุเตา
2024-12-11T12:00:00Z,6.625,99.675,28.990000000000002,0.0,0.64,8,เกาะตะรุเตา
2024-12-12T12:00:00Z,6.625,99.675,28.990000000000002,0.0,0.66,8,เกาะตะรุเตา
2024-12-13T12:00:00Z,6.625,99.675,28.87,0.0,0.56,8,เกาะตะรุเตา
2024-12-14T12:00:00Z,6.625,99.675,29.48,0.0,1.18,8,เกาะตะรุเตา
2024-12-15T12:00:00Z,6.625,99.675,29.52,0.0,1.24,8,เกาะตะรุเตา
2024-12-16T12:00:00Z,6.625,99.675,29.310000000000002,0.0,1.03,8,เกาะตะรุเตา
2024-12-17T12:00:00Z,6.625,99.675,29.3,0.0,1.03,8,เกาะตะรุเตา
2024-12-18T12:00:00Z,6.625,99.675,29.01,0.0,0.74,8,เกาะตะรุเตา
2024-12-19T12:00:00Z,6.625,99.675,29.240000000000002,0.0,0.98,8,เกาะตะรุเตา
2024-12-20T12:00:00Z,6.625,99.675,28.990000000000002,0.0,0.73,8,เกาะตะรุเตา
2024-12-21T12:00:00Z,6.625,99.675,28.82,0.0,0.56,8,เกาะตะรุเตา
2024-12-22T12:00:00Z,6.625,99.675,29.1,0.0,0.85,8,เกาะตะรุเตา
2024-12-23T12:00:00Z,6.625,99.675,29.11,0.0,0.86,8,เกาะตะรุเตา
2024-12-24T12:00:00Z,6.625,99.675,29.03,0.0,0.78,8,เกาะตะรุเตา
2024-12-25T12:00:00Z,6.625,99.675,29.150000000000002,0.0,0.91,8,เกาะตะรุเตา
2024-12-26T12:00:00Z,6.625,99.675,29.29,0.0,1.05,8,เกาะตะรุเตา
2024-12-27T12:00:00Z,6.625,99.675,29.19,0.0,0.96,8,เกาะตะรุเตา
2024-12-28T12:00:00Z,6.625,99.675,29.400000000000002,0.0,1.17,8,เกาะตะรุเตา
2024-12-29T12:00:00Z,6.625,99.675,29.18,0.0,0.9500000000000001,8,เกาะตะรุเตา
2024-12-30T12:00:00Z,6.625,99.675,29.18,0.0,0.96,8,เกาะตะรุเตา
2024-12-31T12:00:00Z,6.625,99.675,29.17,0.0,0.9500000000000001,8,เกาะตะรุเตา
2025-01-01T12:00:00Z,6.625,99.675,29.240000000000002,0.0,1.03,8,เกาะตะรุเตา
2025-01-02T12:00:00Z,6.625,99.675,29.37,0.0,1.16,8,เกาะตะรุเตา
2025-01-03T12:00:00Z,6.625,99.675,29.35,0.0,1.1400000000000001,8,เกาะตะรุเตา
2025-01-04T12:00:00Z,6.625,99.675,29.29,0.0,1.09,8,เกาะตะรุเตา
2025-01-05T12:00:00Z,6.625,99.675,29.34,0.0,1.1400000000000001,8,เกาะตะรุเตา
2025-01-06T12:00:00Z,6.625,99.675,29.3,0.0,1.11,8,เกาะตะรุเตา
2025-01-07T12:00:00Z,6.625,99.675,29.19,0.0,1.0,8,เกาะตะรุเตา
2025-01-08T12:00:00Z,6.625,99.675,29.17,0.0,0.98,8,เกาะตะรุเตา
2025-01-08T12:00:00Z,6.625,99.675,29.17,0.0,0.98,8,เกาะตะรุเตา
2025-01-09T12:00:00Z,6.625,99.675,29.26,0.0,1.08,8,เกาะตะรุเตา
2025-01-10T12:00:00Z,6.625,99.675,29.01,0.0,0.8300000000000001,8,เกาะตะรุเตา
2025-01-11T12:00:00Z,6.625,99.675,29.09,0.0,0.91,8,เกาะตะรุเตา
2025-01-12T12:00:00Z,6.625,99.675,28.95,0.0,0.78,8,เกาะตะรุเตา
2025-01-13T12:00:00Z,6.625,99.675,28.78,0.0,0.61,8,เกาะตะรุเตา
2025-01-14T12:00:00Z,6.625,99.675,28.62,0.0,0.46,8,เกาะตะรุเตา
2025-01-15T12:00:00Z,6.625,99.675,28.52,0.0,0.36,8,เกาะตะรุเตา
2025-01-16T12:00:00Z,6.625,99.675,28.37,0.0,0.2,8,เกาะตะรุเตา
2025-01-17T12:00:00Z,6.625,99.675,28.34,0.0,0.15,8,เกาะตะรุเตา
2025-01-18T12:00:00Z,6.625,99.675,28.29,0.0,0.09,8,เกาะตะรุเตา
2025-01-19T12:00:00Z,6.625,99.675,28.21,0.0,0.0,8,เกาะตะรุเตา
2025-01-20T12:00:00Z,6.625,99.675,28.2,0.0,-0.02,8,เกาะตะรุเตา
2025-01-21T12:00:00Z,6.625,99.675,28.240000000000002,0.0,0.0,8,เกาะตะรุเตา
2025-01-22T12:00:00Z,6.625,99.675,28.23,0.0,-0.02,8,เกาะตะรุเตา
2025-01-23T12:00:00Z,6.625,99.675,28.05,0.0,-0.21,8,เกาะตะรุเตา
2025-01-24T12:00:00Z,6.625,99.675,28.490000000000002,0.0,0.21,8,เกาะตะรุเตา
2025-01-25T12:00:00Z,6.625,99.675,28.61,0.0,0.32,8,เกาะตะรุเตา
2025-01-26T12:00:00Z,6.625,99.675,28.78,0.0,0.48,8,เกาะตะรุเตา
2025-01-27T12:00:00Z,6.625,99.675,28.740000000000002,0.0,0.43,8,เกาะตะรุเตา
2025-01-28T12:00:00Z,6.625,99.675,28.54,0.0,0.21,8,เกาะตะรุเตา
2025-01-29T12:00:00Z,6.625,99.675,28.46,0.0,0.12,8,เกาะตะรุเตา
2025-01-30T12:00:00Z,6.625,99.675,28.17,0.0,-0.18,8,เกาะตะรุเตา
2025-01-31T12:00:00Z,6.625,99.675,28.240000000000002,0.0,-0.13,8,เกาะตะรุเตา
2025-02-01T12:00:00Z,6.625,99.675,28.43,0.0,0.05,8,เกาะตะรุเตา
2025-02-02T12:00:00Z,6.625,99.675,28.47,0.0,0.08,8,เกาะตะรุเตา
2025-02-03T12:00:00Z,6.625,99.675,28.61,0.0,0.2,8,เกาะตะรุเตา
2025-02-04T12:00:00Z,6.625,99.675,28.51,0.0,0.09,8,เกาะตะรุเตา
2025-02-05T12:00:00Z,6.625,99.675,28.45,0.0,0.02,8,เกาะตะรุเตา
2025-02-06T12:00:00Z,6.625,99.675,28.490000000000002,0.0,0.05,8,เกาะตะรุเตา
2025-02-07T12:00:00Z,6.625,99.675,28.59,0.0,0.13,8,เกาะตะรุเตา
2025-02-08T12:00:00Z,6.625,99.675,28.42,0.0,-0.05,8,เกาะตะรุเตา
2025-02-09T12:00:00Z,6.625,99.675,28.42,0.0,-0.06,8,เกาะตะรุเตา
2025-02-10T12:00:00Z,6.625,99.675,28.36,0.0,-0.14,8,เกาะตะรุเตา
2025-02-11T12:00:00Z,6.625,99.675,28.6,0.0,0.09,8,เกาะตะรุเตา
2025-02-12T12:00:00Z,6.625,99.675,28.77,0.0,0.25,8,เกาะตะรุเตา
2025-02-13T12:00:00Z,6.625,99.675,28.88,0.0,0.35000000000000003,8,เกาะตะรุเตา
2025-02-14T12:00:00Z,6.625,99.675,28.810000000000002,0.0,0.26,8,เกาะตะรุเตา
2025-02-15T12:00:00Z,6.625,99.675,29.16,0.0,0.6,8,เกาะตะรุเตา
2025-02-16T12:00:00Z,6.625,99.675,29.22,0.0,0.63,8,เกาะตะรุเตา
2025-02-17T12:00:00Z,6.625,99.675,29.18,0.0,0.56,8,เกาะตะรุเตา
2025-02-18T12:00:00Z,6.625,99.675,29.23,0.0,0.59,8,เกาะตะรุเตา
2025-02-19T12:00:00Z,6.625,99.675,28.75,0.0,0.08,8,เกาะตะรุเตา
2025-02-20T12:00:00Z,6.625,99.675,29.07,0.0,0.37,8,เกาะตะรุเตา
2025-02-21T12:00:00Z,6.625,99.675,29.330000000000002,0.0,0.6,8,เกาะตะรุเตา
2025-02-22T12:00:00Z,6.625,99.675,29.39,0.0,0.64,8,เกาะตะรุเตา
2025-02-23T12:00:00Z,6.625,99.675,29.310000000000002,0.0,0.53,8,เกาะตะรุเตา
2025-02-24T12:00:00Z,6.625,99.675,28.97,0.0,0.16,8,เกาะตะรุเตา
2025-02-25T12:00:00Z,6.625,99.675,29.0,0.0,0.16,8,เกาะตะรุเตา
2025-02-26T12:00:00Z,6.625,99.675,29.150000000000002,0.0,0.28,8,เกาะตะรุเตา
2025-02-27T12:00:00Z,6.625,99.675,28.95,0.0,0.06,8,เกาะตะรุเตา
2025-02-28T12:00:00Z,6.625,99.675,29.03,0.0,0.11,8,เกาะตะรุเตา
2025-03-01T12:00:00Z,6.625,99.675,29.01,0.0,0.06,8,เกาะตะรุเตา
2025-03-02T12:00:00Z,6.625,99.675,29.07,0.0,0.09,8,เกาะตะรุเตา
2025-03-03T12:00:00Z,6.625,99.675,29.18,0.0,0.17,8,เกาะตะรุเตา
2025-03-04T12:00:00Z,6.625,99.675,29.26,0.0,0.23,8,เกาะตะรุเตา
2025-03-05T12:00:00Z,6.625,99.675,29.32,0.0,0.26,8,เกาะตะรุเตา
2025-03-06T12:00:00Z,6.625,99.675,29.18,0.0,0.09,8,เกาะตะรุเตา
2025-03-07T12:00:00Z,6.625,99.675,29.64,0.0,0.52,8,เกาะตะรุเตา
2025-03-08T12:00:00Z,6.625,99.675,29.68,0.0,0.53,8,เกาะตะรุเตา
2025-03-09T12:00:00Z,6.625,99.675,29.78,0.0,0.61,8,เกาะตะรุเตา
2025-03-10T12:00:00Z,6.625,99.675,29.82,0.0,0.62,8,เกาะตะรุเตา
2025-03-11T12:00:00Z,6.625,99.675,29.55,0.0,0.32,8,เกาะตะรุเตา
2025-03-12T12:00:00Z,6.625,99.675,29.39,0.0,0.13,8,เกาะตะรุเตา
2025-03-13T12:00:00Z,6.625,99.675,29.45,0.0,0.17,8,เกาะตะรุเตา
2025-03-14T12:00:00Z,6.625,99.675,29.62,0.0,0.31,8,เกาะตะรุเตา
2025-03-15T12:00:00Z,6.625,99.675,29.76,0.0,0.42,8,เกาะตะรุเตา
2025-03-16T12:00:00Z,6.625,99.675,29.95,0.0,0.58,8,เกาะตะรุเตา
2025-03-17T12:00:00Z,6.625,99.675,29.94,0.0,0.55,8,เกาะตะรุเตา
2025-03-18T12:00:00Z,6.625,99.675,29.89,0.0,0.47000000000000003,8,เกาะตะรุเตา
2025-03-19T12:00:00Z,6.625,99.675,29.93,0.0,0.48,8,เกาะตะรุเตา
2025-03-20T12:00:00Z,6.625,99.675,29.8,0.0,0.32,8,เกาะตะรุเตา
2025-03-21T12:00:00Z,6.625,99.675,29.51,0.0,0.01,8,เกาะตะรุเตา
2025-03-22T12:00:00Z,6.625,99.675,29.490000000000002,0.0,-0.04,8,เกาะตะรุเตา
2025-03-23T12:00:00Z,6.625,99.675,29.48,0.0,-0.08,8,เกาะตะรุเตา
2025-03-24T12:00:00Z,6.625,99.675,29.51,0.0,-0.08,8,เกาะตะรุเตา
2025-03-25T12:00:00Z,6.625,99.675,29.51,0.0,-0.1,8,เกาะตะรุเตา
2025-03-26T12:00:00Z,6.625,99.675,29.67,0.0,0.03,8,เกาะตะรุเตา
2025-03-27T12:00:00Z,6.625,99.675,29.75,0.0,0.08,8,เกาะตะรุเตา
2025-03-28T12:00:00Z,6.625,99.675,29.92,0.0,0.22,8,เกาะตะรุเตา
2025-03-29T12:00:00Z,6.625,99.675,30.28,0.0,0.56,8,เกาะตะรุเตา
2025-03-30T12:00:00Z,6.625,99.675,30.39,0.0,0.64,8,เกาะตะรุเตา
2025-03-31T12:00:00Z,6.625,99.675,30.22,0.0,0.44,8,เกาะตะรุเตา
2025-04-01T12:00:00Z,6.625,99.675,30.2,0.0,0.39,8,เกาะตะรุเตา
2025-04-02T12:00:00Z,6.625,99.675,30.26,0.0,0.43,8,เกาะตะรุเตา
2025-04-03T12:00:00Z,6.625,99.675,30.26,0.0,0.4,8,เกาะตะรุเตา
2025-04-04T12:00:00Z,6.625,99.675,30.21,0.0,0.32,8,เกาะตะรุเตา
2025-04-05T12:00:00Z,6.625,99.675,30.17,0.0,0.25,8,เกาะตะรุเตา
2025-04-06T12:00:00Z,6.625,99.675,30.42,0.0,0.48,8,เกาะตะรุเตา
2025-04-07T12:00:00Z,6.625,99.675,30.490000000000002,0.0,0.52,8,เกาะตะรุเตา
2025-04-08T12:00:00Z,6.625,99.675,30.14,0.0,0.14,8,เกาะตะรุเตา
2025-04-08T12:00:00Z,6.625,99.675,30.14,0.0,0.14,8,เกาะตะรุเตา
2025-04-09T12:00:00Z,6.625,99.675,30.12,0.0,0.09,8,เกาะตะรุเตา
2025-04-10T12:00:00Z,6.625,99.675,30.28,0.0,0.23,8,เกาะตะรุเตา
2025-04-11T12:00:00Z,6.625,99.675,30.36,0.0,0.28,8,เกาะตะรุเตา
2025-04-12T12:00:00Z,6.625,99.675,30.34,0.0,0.23,8,เกาะตะรุเตา
2025-04-13T12:00:00Z,6.625,99.675,30.34,0.0,0.2,8,เกาะตะรุเตา
2025-04-14T12:00:00Z,6.625,99.675,30.61,0.0,0.45,8,เกาะตะรุเตา
2025-04-15T12:00:00Z,6.625,99.675,30.34,0.0,0.15,8,เกาะตะรุเตา
2025-04-16T12:00:00Z,6.625,99.675,30.57,0.0,0.38,8,เกาะตะรุเตา
2025-04-17T12:00:00Z,6.625,99.675,30.62,0.0,0.43,8,เกาะตะรุเตา
2025-04-18T12:00:00Z,6.625,99.675,30.78,0.0,0.58,8,เกาะตะรุเตา
2025-04-19T12:00:00Z,6.625,99.675,30.67,0.0,0.47000000000000003,8,เกาะตะรุเตา
2025-04-20T12:00:00Z,6.625,99.675,30.8,0.0,0.6,8,เกาะตะรุเตา
2025-04-21T12:00:00Z,6.625,99.675,30.8,0.0,0.6,8,เกาะตะรุเตา
2025-04-22T12:00:00Z,6.625,99.675,30.91,0.0,0.7000000000000001,8,เกาะตะรุเตา
2025-04-23T12:00:00Z,6.625,99.675,30.82,0.0,0.61,8,เกาะตะรุเตา
2025-04-24T12:00:00Z,6.625,99.675,30.87,0.0,0.66,8,เกาะตะรุเตา
2025-04-25T12:00:00Z,6.625,99.675,31.1,0.0,0.89,8,เกาะตะรุเตา
2025-04-26T12:00:00Z,6.625,99.675,30.95,0.0,0.73,8,เกาะตะรุเตา
2025-04-27T12:00:00Z,6.625,99.675,30.76,0.0,0.54,8,เกาะตะรุเตา
2025-04-28T12:00:00Z,6.625,99.675,30.830000000000002,0.0,0.61,8,เกาะตะรุเตา
2025-04-29T12:00:00Z,6.625,99.675,30.900000000000002,0.0,0.68,8,เกาะตะรุเตา
2025-04-30T12:00:00Z,6.625,99.675,31.05,0.0,0.8300000000000001,8,เกาะตะรุเตา
2025-05-01T12:00:00Z,6.625,99.675,31.060000000000002,0.0,0.8300000000000001,8,เกาะตะรุเตา
2025-05-02T12:00:00Z,6.625,99.675,30.93,0.0,0.7000000000000001,8,เกาะตะรุเตา
2025-05-03T12:00:00Z,6.625,99.675,31.080000000000002,0.0,0.85,8,เกาะตะรุเตา
2025-05-04T12:00:00Z,6.625,99.675,30.900000000000002,0.0,0.67,8,เกาะตะรุเตา
2025-05-05T12:00:00Z,6.625,99.675,30.84,0.0,0.6,8,เกาะตะรุเตา
2025-05-06T12:00:00Z,6.625,99.675,30.85,0.0,0.61,8,เกาะตะรุเตา
2025-05-07T12:00:00Z,6.625,99.675,30.75,0.0,0.51,8,เกาะตะรุเตา
2025-05-08T12:00:00Z,6.625,99.675,30.57,0.0,0.33,8,เกาะตะรุเตา
2025-05-09T12:00:00Z,6.625,99.675,30.88,0.0,0.63,8,เกาะตะรุเตา
2025-05-10T12:00:00Z,6.625,99.675,30.82,0.0,0.5700000000000001,8,เกาะตะรุเตา
2025-05-11T12:00:00Z,6.625,99.675,30.61,0.0,0.36,8,เกาะตะรุเตา
2025-05-12T12:00:00Z,6.625,99.675,30.47,0.0,0.22,8,เกาะตะรุเตา
2025-05-13T12:00:00Z,6.625,99.675,30.61,0.0,0.35000000000000003,8,เกาะตะรุเตา
2025-05-14T12:00:00Z,6.625,99.675,30.330000000000002,0.0,0.07,8,เกาะตะรุเตา
2025-05-15T12:00:00Z,6.625,99.675,30.47,0.0,0.21,8,เกาะตะรุเตา
2025-05-16T12:00:00Z,6.625,99.675,30.64,0.0,0.38,8,เกาะตะรุเตา
2025-05-17T12:00:00Z,6.625,99.675,30.830000000000002,0.0,0.5700000000000001,8,เกาะตะรุเตา
2025-05-18T12:00:00Z,6.625,99.675,30.810000000000002,0.0,0.55,8,เกาะตะรุเตา
2025-05-19T12:00:00Z,6.625,99.675,30.93,0.0,0.67,8,เกาะตะรุเตา
2025-05-20T12:00:00Z,6.625,99.675,30.830000000000002,0.0,0.5700000000000001,8,เกาะตะรุเตา
2025-05-21T12:00:00Z,6.625,99.675,30.75,0.0,0.49,8,เกาะตะรุเตา
2025-05-22T12:00:00Z,6.625,99.675,30.810000000000002,0.0,0.55,8,เกาะตะรุเตา
2025-05-23T12:00:00Z,6.625,99.675,30.57,0.0,0.3,8,เกาะตะรุเตา
2025-05-24T12:00:00Z,6.625,99.675,30.51,0.0,0.24,8,เกาะตะรุเตา
2025-05-25T12:00:00Z,6.625,99.675,30.47,0.0,0.2,8,เกาะตะรุเตา
2025-05-26T12:00:00Z,6.625,99.675,30.47,0.0,0.2,8,เกาะตะรุเตา
2025-05-27T12:00:00Z,6.625,99.675,30.400000000000002,0.0,0.13,8,เกาะตะรุเตา
2025-05-28T12:00:00Z,6.625,99.675,30.55,0.0,0.28,8,เกาะตะรุเตา
2025-05-29T12:00:00Z,6.625,99.675,30.43,0.0,0.16,8,เกาะตะรุเตา
2025-05-30T12:00:00Z,6.625,99.675,30.580000000000002,0.0,0.31,8,เกาะตะรุเตา
2025-05-31T12:00:00Z,6.625,99.675,30.650000000000002,0.0,0.38,8,เกาะตะรุเตา
2025-06-01T12:00:00Z,6.625,99.675,30.78,0.0,0.51,8,เกาะตะรุเตา
2025-06-02T12:00:00Z,6.625,99.675,30.990000000000002,0.0,0.72,8,เกาะตะรุเตา
2025-06-03T12:00:00Z,6.625,99.675,30.77,0.0,0.5,8,เกาะตะรุเตา
2025-06-04T12:00:00Z,6.625,99.675,30.580000000000002,0.0,0.31,8,เกาะตะรุเตา
2025-06-05T12:00:00Z,6.625,99.675,30.41,0.0,0.14,8,เกาะตะรุเตา
2025-06-06T12:00:00Z,6.625,99.675,30.39,0.0,0.12,8,เกาะตะรุเตา
2025-06-07T12:00:00Z,6.625,99.675,30.28,0.0,0.01,8,เกาะตะรุเตา
2025-06-08T12:00:00Z,6.625,99.675,30.41,0.0,0.13,8,เกาะตะรุเตา
2025-06-09T12:00:00Z,6.625,99.675,30.12,0.0,-0.16,8,เกาะตะรุเตา
2025-06-10T12:00:00Z,6.625,99.675,30.46,0.0,0.18,8,เกาะตะรุเตา
2025-06-11T12:00:00Z,6.625,99.675,30.43,0.0,0.15,8,เกาะตะรุเตา
2025-06-12T12:00:00Z,6.625,99.675,29.810000000000002,0.0,-0.47000000000000003,8,เกาะตะรุเตา
2025-06-13T12:00:00Z,6.625,99.675,30.150000000000002,0.0,-0.13,8,เกาะตะรุเตา
2025-06-14T12:00:00Z,6.625,99.675,30.25,0.0,-0.03,8,เกาะตะรุเตา
2025-06-15T12:00:00Z,6.625,99.675,30.26,0.0,-0.02,8,เกาะตะรุเตา
2025-06-16T12:00:00Z,6.625,99.675,29.85,0.0,-0.41000000000000003,8,เกาะตะรุเตา
2025-06-17T12:00:00Z,6.625,99.675,30.060000000000002,0.0,-0.18,8,เกาะตะรุเตา
2025-06-18T12:00:00Z,6.625,99.675,30.12,0.0,-0.1,8,เกาะตะรุเตา
2025-06-19T12:00:00Z,6.625,99.675,30.26,0.0,0.05,8,เกาะตะรุเตา
2025-06-20T12:00:00Z,6.625,99.675,30.03,0.0,-0.16,8,เกาะตะรุเตา
2025-06-21T12:00:00Z,6.625,99.675,29.900000000000002,0.0,-0.27,8,เกาะตะรุเตา
2025-06-22T12:00:00Z,6.625,99.675,29.63,0.0,-0.52,8,เกาะตะรุเตา
2025-06-23T12:00:00Z,6.625,99.675,29.48,0.0,-0.65,8,เกาะตะรุเตา
2025-06-24T12:00:00Z,6.625,99.675,29.71,0.0,-0.4,8,เกาะตะรุเตา
2025-06-25T12:00:00Z,6.625,99.675,29.92,0.0,-0.17,8,เกาะตะรุเตา
2025-06-26T12:00:00Z,6.625,99.675,29.7,0.0,-0.37,8,เกาะตะรุเตา
2025-06-27T12:00:00Z,6.625,99.675,30.07,0.0,0.01,8,เกาะตะรุเตา
2025-06-28T12:00:00Z,6.625,99.675,30.37,0.0,0.33,8,เกาะตะรุเตา
2025-06-29T12:00:00Z,6.625,99.675,30.64,0.0,0.62,8,เกาะตะรุเตา
2025-06-30T12:00:00Z,6.625,99.675,30.78,0.0,0.78,8,เกาะตะรุเตา
2025-07-01T12:00:00Z,6.625,99.675,30.64,0.0,0.66,8,เกาะตะรุเตา
2025-07-02T12:00:00Z,6.625,99.675,30.54,0.0,0.58,8,เกาะตะรุเตา
2025-07-03T12:00:00Z,6.625,99.675,30.240000000000002,0.0,0.3,8,เกาะตะรุเตา
2025-07-04T12:00:00Z,6.625,99.675,30.67,0.0,0.74,8,เกาะตะรุเตา
2025-07-05T12:00:00Z,6.625,99.675,30.64,0.0,0.73,8,เกาะตะรุเตา
2025-07-06T12:00:00Z,6.625,99.675,30.48,0.0,0.59,8,เกาะตะรุเตา
2025-07-07T12:00:00Z,6.625,99.675,30.44,0.0,0.5700000000000001,8,เกาะตะรุเตา
2025-07-07T12:00:00Z,6.625,99.675,30.44,0.0,0.5700000000000001,8,เกาะตะรุเตา
2025-07-08T12:00:00Z,6.625,99.675,30.39,0.0,0.54,8,เกาะตะรุเตา
2025-07-09T12:00:00Z,6.625,99.675,30.45,0.0,0.62,8,เกาะตะรุเตา
2025-07-10T12:00:00Z,6.625,99.675,30.52,0.0,0.71,8,เกาะตะรุเตา
2025-07-11T12:00:00Z,6.625,99.675,30.310000000000002,0.0,0.52,8,เกาะตะรุเตา
2025-07-12T12:00:00Z,6.625,99.675,30.38,0.0,0.6,8,เกาะตะรุเตา
2025-07-13T12:00:00Z,6.625,99.675,30.150000000000002,0.0,0.39,8,เกาะตะรุเตา
2025-07-14T12:00:00Z,6.625,99.675,30.34,0.0,0.6,8,เกาะตะรุเตา
2025-07-15T12:00:00Z,6.625,99.675,30.18,0.0,0.46,8,เกาะตะรุเตา
2025-07-16T12:00:00Z,6.625,99.675,30.26,0.0,0.55,8,เกาะตะรุเตา
2025-07-17T12:00:00Z,6.625,99.675,30.14,0.0,0.44,8,เกาะตะรุเตา
2025-07-18T12:00:00Z,6.625,99.675,30.48,0.0,0.79,8,เกาะตะรุเตา
2025-07-19T12:00:00Z,6.625,99.675,30.240000000000002,0.0,0.5700000000000001,8,เกาะตะรุเตา
2025-07-20T12:00:00Z,6.625,99.675,30.060000000000002,0.0,0.4,8,เกาะตะรุเตา
2025-07-21T12:00:00Z,6.625,99.675,30.27,0.0,0.62,8,เกาะตะรุเตา
2025-07-22T12:00:00Z,6.625,99.675,30.310000000000002,0.0,0.67,8,เกาะตะรุเตา
2025-07-23T12:00:00Z,6.625,99.675,30.740000000000002,0.0,1.11,8,เกาะตะรุเตา
2025-07-24T12:00:00Z,6.625,99.675,30.73,0.0,1.11,8,เกาะตะรุเตา
2025-07-25T12:00:00Z,6.625,99.675,30.69,0.0,1.08,8,เกาะตะรุเตา
2025-07-26T12:00:00Z,6.625,99.675,30.75,0.0,1.1500000000000001,8,เกาะตะรุเตา
2025-07-27T12:00:00Z,6.625,99.675,30.72,0.0,1.1400000000000001,8,เกาะตะรุเตา
2025-07-28T12:00:00Z,6.625,99.675,30.43,0.0,0.86,8,เกาะตะรุเตา
2025-07-29T12:00:00Z,6.625,99.675,30.71,0.0,1.1500000000000001,8,เกาะตะรุเตา
2025-07-30T12:00:00Z,6.625,99.675,30.560000000000002,0.0,1.01,8,เกาะตะรุเตา
2025-07-31T12:00:00Z,6.625,99.675,30.76,0.0,1.22,8,เกาะตะรุเตา
2025-08-01T12:00:00Z,6.625,99.675,30.900000000000002,0.0,1.37,8,เกาะตะรุเตา
2025-08-02T12:00:00Z,6.625,99.675,31.04,0.0,1.52,8,เกาะตะรุเตา
2025-08-03T12:00:00Z,6.625,99.675,31.21,0.0,1.7,8,เกาะตะรุเตา
2025-08-04T12:00:00Z,6.625,99.675,30.94,0.0,1.45,8,เกาะตะรุเตา
2025-08-05T12:00:00Z,6.625,99.675,31.07,0.0,1.59,8,เกาะตะรุเตา
2025-08-06T12:00:00Z,6.625,99.675,30.830000000000002,0.0,1.36,8,เกาะตะรุเตา
2025-08-07T12:00:00Z,6.625,99.675,30.87,0.0,1.41,8,เกาะตะรุเตา
2025-08-08T12:00:00Z,6.625,99.675,31.0,0.0,1.55,8,เกาะตะรุเตา
2025-08-09T12:00:00Z,6.625,99.675,30.84,0.0,1.4000000000000001,8,เกาะตะรุเตา
2025-08-10T12:00:00Z,6.625,99.675,30.72,0.0,1.29,8,เกาะตะรุเตา
2025-08-11T12:00:00Z,6.625,99.675,30.61,0.0,1.19,8,เกาะตะรุเตา
2025-08-12T12:00:00Z,6.625,99.675,30.45,0.0,1.05,8,เกาะตะรุเตา
2025-08-13T12:00:00Z,6.625,99.675,30.37,0.0,0.98,8,เกาะตะรุเตา
2025-08-14T12:00:00Z,6.625,99.675,30.39,0.0,1.01,8,เกาะตะรุเตา
2025-08-15T12:00:00Z,6.625,99.675,30.47,0.0,1.1,8,เกาะตะรุเตา
2025-08-16T12:00:00Z,6.625,99.675,30.45,0.0,1.09,8,เกาะตะรุเตา
2025-08-17T12:00:00Z,6.625,99.675,30.37,0.0,1.03,8,เกาะตะรุเตา
2025-08-18T12:00:00Z,6.625,99.675,30.560000000000002,0.0,1.23,8,เกาะตะรุเตา
2025-08-19T12:00:00Z,6.625,99.675,30.66,0.0,1.34,8,เกาะตะรุเตา
2025-08-20T12:00:00Z,6.625,99.675,30.63,0.0,1.33,8,เกาะตะรุเตา
2025-08-21T12:00:00Z,6.625,99.675,30.35,0.0,1.06,8,เกาะตะรุเตา
2025-08-22T12:00:00Z,6.625,99.675,30.38,0.0,1.1,8,เกาะตะรุเตา
2025-08-23T12:00:00Z,6.625,99.675,30.240000000000002,0.0,0.98,8,เกาะตะรุเตา
2025-08-24T12:00:00Z,6.625,99.675,30.35,0.0,1.1,8,เกาะตะรุเตา
2025-08-25T12:00:00Z,6.625,99.675,30.150000000000002,0.0,0.92,8,เกาะตะรุเตา
2025-08-26T12:00:00Z,6.625,99.675,30.080000000000002,0.0,0.86,8,เกาะตะรุเตา
2025-08-27T12:00:00Z,6.625,99.675,30.34,0.0,1.1300000000000001,8,เกาะตะรุเตา
2025-08-28T12:00:00Z,6.625,99.675,30.04,0.0,0.85,8,เกาะตะรุเตา
2025-08-29T12:00:00Z,6.625,99.675,30.080000000000002,0.0,0.9,8,เกาะตะรุเตา
2025-08-30T12:00:00Z,6.625,99.675,29.7,0.0,0.53,8,เกาะตะรุเตา
2025-08-31T12:00:00Z,6.625,99.675,29.93,0.0,0.78,8,เกาะตะรุเตา
2025-09-01T12:00:00Z,6.625,99.675,29.82,0.0,0.68,8,เกาะตะรุเตา
2025-09-02T12:00:00Z,6.625,99.675,30.01,0.0,0.88,8,เกาะตะรุเตา
2025-09-03T12:00:00Z,6.625,99.675,30.05,0.0,0.9400000000000001,8,เกาะตะรุเตา
2025-09-04T12:00:00Z,6.625,99.675,29.810000000000002,0.0,0.71,8,เกาะตะรุเตา
2025-09-05T12:00:00Z,6.625,99.675,29.77,0.0,0.68,8,เกาะตะรุเตา
2025-09-06T12:00:00Z,6.625,99.675,29.62,0.0,0.55,8,เกาะตะรุเตา
2025-09-07T12:00:00Z,6.625,99.675,29.8,0.0,0.74,8,เกาะตะรุเตา
2025-09-08T12:00:00Z,6.625,99.675,29.73,0.0,0.6900000000000001,8,เกาะตะรุเตา
2025-09-09T12:00:00Z,6.625,99.675,29.54,0.0,0.51,8,เกาะตะรุเตา
2025-09-10T12:00:00Z,6.625,99.675,29.73,0.0,0.71,8,เกาะตะรุเตา
2025-09-11T12:00:00Z,6.625,99.675,29.77,0.0,0.77,8,เกาะตะรุเตา
2025-09-12T12:00:00Z,6.625,99.675,29.76,0.0,0.77,8,เกาะตะรุเตา
2025-09-13T12:00:00Z,6.625,99.675,29.88,0.0,0.9,8,เกาะตะรุเตา
2025-09-14T12:00:00Z,6.625,99.675,29.87,0.0,0.91,8,เกาะตะรุเตา
2025-09-15T12:00:00Z,6.625,99.675,29.830000000000002,0.0,0.88,8,เกาะตะรุเตา
2025-09-16T12:00:00Z,6.625,99.675,29.94,0.0,0.99,8,เกาะตะรุเตา
2025-09-17T12:00:00Z,6.625,99.675,29.71,0.0,0.77,8,เกาะตะรุเตา
2025-09-18T12:00:00Z,6.625,99.675,29.69,0.0,0.75,8,เกาะตะรุเตา
2025-09-19T12:00:00Z,6.625,99.675,30.1,0.0,1.17,8,เกาะตะรุเตา
2025-09-20T12:00:00Z,6.625,99.675,30.14,0.0,1.21,8,เกาะตะรุเตา
2025-09-21T12:00:00Z,6.625,99.675,30.22,0.0,1.29,8,เกาะตะรุเตา
2025-09-22T12:00:00Z,6.625,99.675,30.32,0.0,1.4000000000000001,8,เกาะตะรุเตา
2025-09-23T12:00:00Z,6.625,99.675,30.44,0.0,1.52,8,เกาะตะรุเตา
2025-09-24T12:00:00Z,6.625,99.675,30.12,0.0,1.21,8,เกาะตะรุเตา
2025-09-25T12:00:00Z,6.625,99.675,30.17,0.0,1.26,8,เกาะตะรุเตา
2025-09-26T12:00:00Z,6.625,99.675,30.060000000000002,0.0,1.1500000000000001,8,เกาะตะรุเตา
2025-09-27T12:00:00Z,6.625,99.675,30.04,0.0,1.1400000000000001,8,เกาะตะรุเตา
2025-09-28T12:00:00Z,6.625,99.675,29.96,0.0,1.06,8,เกาะตะรุเตา
2025-09-29T12:00:00Z,6.625,99.675,29.76,0.0,0.87,8,เกาะตะรุเตา
2025-09-30T12:00:00Z,6.625,99.675,29.87,0.0,0.98,8,เกาะตะรุเตา
2025-10-01T12:00:00Z,6.625,99.675,29.75,0.0,0.86,8,เกาะตะรุเตา
2025-10-02T12:00:00Z,6.625,99.675,29.82,0.0,0.9400000000000001,8,เกาะตะรุเตา
2025-10-03T12:00:00Z,6.625,99.675,29.76,0.0,0.88,8,เกาะตะรุเตา
2025-10-04T12:00:00Z,6.625,99.675,29.92,0.0,1.05,8,เกาะตะรุเตา
2025-10-05T12:00:00Z,6.625,99.675,29.8,0.0,0.93,8,เกาะตะรุเตา
2025-10-05T12:00:00Z,6.625,99.675,29.8,0.0,0.93,8,เกาะตะรุเตา
2025-10-06T12:00:00Z,6.625,99.675,29.8,0.0,0.93,8,เกาะตะรุเตา
2025-10-07T12:00:00Z,6.625,99.675,30.29,0.0,1.43,8,เกาะตะรุเตา
2025-10-08T12:00:00Z,6.625,99.675,30.060000000000002,0.0,1.2,8,เกาะตะรุเตา
2025-10-09T12:00:00Z,6.625,99.675,30.23,0.0,1.3800000000000001,8,เกาะตะรุเตา
2025-10-10T12:00:00Z,6.625,99.675,29.96,0.0,1.11,8,เกาะตะรุเตา
2025-10-11T12:00:00Z,6.625,99.675,29.990000000000002,0.0,1.1400000000000001,8,เกาะตะรุเตา
2025-10-12T12:00:00Z,6.625,99.675,29.560000000000002,0.0,0.72,8,เกาะตะรุเตา
2025-10-13T12:00:00Z,6.625,99.675,29.88,0.0,1.04,8,เกาะตะรุเตา
2025-10-14T12:00:00Z,6.625,99.675,29.91,0.0,1.08,8,เกาะตะรุเตา
2025-10-15T12:00:00Z,6.625,99.675,29.68,0.0,0.85,8,เกาะตะรุเตา
2025-10-16T12:00:00Z,6.625,99.675,29.51,0.0,0.68,8,เกาะตะรุเตา
2025-10-17T12:00:00Z,6.625,99.675,29.7,0.0,0.87,8,เกาะตะรุเตา
2025-10-18T12:00:00Z,6.625,99.675,29.34,0.0,0.51,8,เกาะตะรุเตา
2025-10-19T12:00:00Z,6.625,99.675,29.55,0.0,0.73,8,เกาะตะรุเตา
2025-10-20T12:00:00Z,6.625,99.675,29.46,0.0,0.64,8,เกาะตะรุเตา
2025-10-21T12:00:00Z,6.625,99.675,29.47,0.0,0.65,8,เกาะตะรุเตา
2025-10-22T12:00:00Z,6.625,99.675,29.39,0.0,0.5700000000000001,8,เกาะตะรุเตา
2025-10-23T12:00:00Z,6.625,99.675,29.28,0.0,0.46,8,เกาะตะรุเตา
2025-10-24T12:00:00Z,6.625,99.675,29.2,0.0,0.38,8,เกาะตะรุเตา
2025-10-25T12:00:00Z,6.625,99.675,29.39,0.0,0.5700000000000001,8,เกาะตะรุเตา
2025-10-26T12:00:00Z,6.625,99.675,29.52,0.0,0.7000000000000001,8,เกาะตะรุเตา
2025-10-27T12:00:00Z,6.625,99.675,29.26,0.0,0.45,8,เกาะตะรุเตา
2025-10-28T12:00:00Z,6.625,99.675,29.38,0.0,0.5700000000000001,8,เกาะตะรุเตา
2025-10-29T12:00:00Z,6.625,99.675,29.32,0.0,0.51,8,เกาะตะรุเตา
2025-10-30T12:00:00Z,6.625,99.675,29.46,0.0,0.65,8,เกาะตะรุเตา
2025-10-31T12:00:00Z,6.625,99.675,29.240000000000002,0.0,0.43,8,เกาะตะรุเตา
2025-11-01T12:00:00Z,6.625,99.675,29.36,0.0,0.55,8,เกาะตะรุเตา
2025-11-02T12:00:00Z,6.625,99.675,29.330000000000002,0.0,0.52,8,เกาะตะรุเตา
2025-11-03T12:00:00Z,6.625,99.675,29.22,0.0,0.41000000000000003,8,เกาะตะรุเตา
2025-11-04T12:00:00Z,6.625,99.675,29.42,0.0,0.62,8,เกาะตะรุเตา
2025-11-05T12:00:00Z,6.625,99.675,29.150000000000002,0.0,0.35000000000000003,8,เกาะตะรุเตา
2025-11-06T12:00:00Z,6.625,99.675,29.29,0.0,0.49,8,เกาะตะรุเตา
2025-11-07T12:00:00Z,6.625,99.675,29.01,0.0,0.21,8,เกาะตะรุเตา
2025-11-08T12:00:00Z,6.625,99.675,28.96,0.0,0.16,8,เกาะตะรุเตา
2025-11-09T12:00:00Z,6.625,99.675,29.14,0.0,0.34,8,เกาะตะรุเตา
2025-11-10T12:00:00Z,6.625,99.675,28.94,0.0,0.14,8,เกาะตะรุเตา
2025-11-11T12:00:00Z,6.625,99.675,28.8,0.0,0.0,8,เกาะตะรุเตา
2025-11-12T12:00:00Z,6.625,99.675,28.42,0.0,-0.37,8,เกาะตะรุเตา
2025-11-13T12:00:00Z,6.625,99.675,29.22,0.0,0.43,8,เกาะตะรุเตา
2025-11-14T12:00:00Z,6.625,99.675,29.44,0.0,0.65,8,เกาะตะรุเตา
2025-11-15T12:00:00Z,6.625,99.675,29.330000000000002,0.0,0.54,8,เกาะตะรุเตา
2025-11-16T12:00:00Z,6.625,99.675,29.1,0.0,0.33,8,เกาะตะรุเตา
2025-11-17T12:00:00Z,6.625,99.675,29.01,0.0,0.25,8,เกาะตะรุเตา
2025-11-18T12:00:00Z,6.625,99.675,28.73,0.0,-0.01,8,เกาะตะรุเตา
2025-11-19T12:00:00Z,6.625,99.675,28.79,0.0,0.07,8,เกาะตะรุเตา
2025-11-20T12:00:00Z,6.625,99.675,28.89,0.0,0.19,8,เกาะตะรุเตา
2025-11-21T12:00:00Z,6.625,99.675,28.97,0.0,0.28,8,เกาะตะรุเตา
2025-11-22T12:00:00Z,6.625,99.675,28.900000000000002,0.0,0.23,8,เกาะตะรุเตา
2025-11-23T12:00:00Z,6.625,99.675,28.72,0.0,0.07,8,เกาะตะรุเตา
2025-11-24T12:00:00Z,6.625,99.675,28.7,0.0,0.06,8,เกาะตะรุเตา
2025-11-25T12:00:00Z,6.625,99.675,28.740000000000002,0.0,0.12,8,เกาะตะรุเตา
2025-11-26T12:00:00Z,6.625,99.675,28.78,0.0,0.18,8,เกาะตะรุเตา
2025-11-27T12:00:00Z,6.625,99.675,28.8,0.0,0.21,8,เกาะตะรุเตา
2025-11-28T12:00:00Z,6.625,99.675,28.8,0.0,0.23,8,เกาะตะรุเตา
2025-11-29T12:00:00Z,6.625,99.675,28.66,0.0,0.11,8,เกาะตะรุเตา
2025-11-30T12:00:00Z,6.625,99.675,28.650000000000002,0.0,0.12,8,เกาะตะรุเตา
2025-12-01T12:00:00Z,6.625,99.675,28.8,0.0,0.28,8,เกาะตะรุเตา
2025-12-02T12:00:00Z,6.625,99.675,28.86,0.0,0.36,8,เกาะตะรุเตา
2025-12-03T12:00:00Z,6.625,99.675,29.07,0.0,0.59,8,เกาะตะรุเตา
2025-12-04T12:00:00Z,6.625,99.675,29.03,0.0,0.56,8,เกาะตะรุเตา
2025-12-05T12:00:00Z,6.625,99.675,29.2,0.0,0.75,8,เกาะตะรุเตา
2025-12-06T12:00:00Z,6.625,99.675,29.080000000000002,0.0,0.65,8,เกาะตะรุเตา
2025-12-07T12:00:00Z,6.625,99.675,29.09,0.0,0.67,8,เกาะตะรุเตา
2025-12-08T12:00:00Z,6.625,99.675,28.87,0.0,0.47000000000000003,8,เกาะตะรุเตา
2025-12-09T12:00:00Z,6.625,99.675,28.92,0.0,0.54,8,เกาะตะรุเตา
2025-12-10T12:00:00Z,6.625,99.675,28.93,0.0,0.5700000000000001,8,เกาะตะรุเตา
2025-12-11T12:00:00Z,6.625,99.675,28.830000000000002,0.0,0.48,8,เกาะตะรุเตา
2025-12-12T12:00:00Z,6.625,99.675,29.0,0.0,0.67,8,เกาะตะรุเตา
2025-12-13T12:00:00Z,6.625,99.675,28.89,0.0,0.58,8,เกาะตะรุเตา
2025-12-14T12:00:00Z,6.625,99.675,28.61,0.0,0.31,8,เกาะตะรุเตา
2025-12-15T12:00:00Z,6.625,99.675,28.830000000000002,0.0,0.55,8,เกาะตะรุเตา
2025-12-16T12:00:00Z,6.625,99.675,28.82,0.0,0.54,8,เกาะตะรุเตา
2025-12-17T12:00:00Z,6.625,99.675,28.84,0.0,0.5700000000000001,8,เกาะตะรุเตา
2025-12-18T12:00:00Z,6.625,99.675,28.8,0.0,0.53,8,เกาะตะรุเตา
2025-12-19T12:00:00Z,6.625,99.675,28.82,0.0,0.56,8,เกาะตะรุเตา
2025-12-20T12:00:00Z,6.625,99.675,28.650000000000002,0.0,0.39,8,เกาะตะรุเตา
2025-12-21T12:00:00Z,6.625,99.675,28.79,0.0,0.53,8,เกาะตะรุเตา
2025-12-22T12:00:00Z,6.625,99.675,28.64,0.0,0.39,8,เกาะตะรุเตา
2025-12-23T12:00:00Z,6.625,99.675,29.03,0.0,0.78,8,เกาะตะรุเตา
2025-12-24T12:00:00Z,6.625,99.675,29.16,0.0,0.91,8,เกาะตะรุเตา
2025-12-25T12:00:00Z,6.625,99.675,29.09,0.0,0.85,8,เกาะตะรุเตา
2025-12-26T12:00:00Z,6.625,99.675,29.07,0.0,0.8300000000000001,8,เกาะตะรุเตา
2025-12-27T12:00:00Z,6.625,99.675,28.71,0.0,0.48,8,เกาะตะรุเตา
2025-12-28T12:00:00Z,6.625,99.675,28.95,0.0,0.72,8,เกาะตะรุเตา
2025-12-29T12:00:00Z,6.625,99.675,29.05,0.0,0.8200000000000001,8,เกาะตะรุเตา
2025-12-30T12:00:00Z,6.625,99.675,29.07,0.0,0.85,8,เกาะตะรุเตา
2025-12-31T12:00:00Z,6.625,99.675,29.17,0.0,0.9500000000000001,8,เกาะตะรุเตา
2026-01-01T12:00:00Z,6.625,99.675,29.23,0.0,1.02,8,เกาะตะรุเตา
2026-01-02T12:00:00Z,6.625,99.675,29.23,0.0,1.02,8,เกาะตะรุเตา
2026-01-03T12:00:00Z,6.625,99.675,29.07,0.0,0.86,8,เกาะตะรุเตา
2026-01-03T12:00:00Z,6.625,99.675,29.07,0.0,0.86,8,เกาะตะรุเตา
2026-01-04T12:00:00Z,6.625,99.675,28.82,0.0,0.62,8,เกาะตะรุเตา
2026-01-05T12:00:00Z,6.625,99.675,28.67,0.0,0.47000000000000003,8,เกาะตะรุเตา
2026-01-06T12:00:00Z,6.625,99.675,28.810000000000002,0.0,0.62,8,เกาะตะรุเตา
2026-01-07T12:00:00Z,6.625,99.675,28.85,0.0,0.66,8,เกาะตะรุเตา
2026-01-08T12:00:00Z,6.625,99.675,28.6,0.0,0.41000000000000003,8,เกาะตะรุเตา
2026-01-09T12:00:00Z,6.625,99.675,28.400000000000002,0.0,0.22,8,เกาะตะรุเตา
2026-01-10T12:00:00Z,6.625,99.675,28.43,0.0,0.25,8,เกาะตะรุเตา
2026-01-11T12:00:00Z,6.625,99.675,28.310000000000002,0.0,0.13,8,เกาะตะรุเตา
2026-01-12T12:00:00Z,6.625,99.675,28.330000000000002,0.0,0.16,8,เกาะตะรุเตา
2026-01-13T12:00:00Z,6.625,99.675,28.25,0.0,0.08,8,เกาะตะรุเตา
2026-01-14T12:00:00Z,6.625,99.675,28.330000000000002,0.0,0.17,8,เกาะตะรุเตา
2026-01-15T12:00:00Z,6.625,99.675,28.45,0.0,0.29,8,เกาะตะรุเตา
2026-01-16T12:00:00Z,6.625,99.675,28.66,0.0,0.49,8,เกาะตะรุเตา
2026-01-17T12:00:00Z,6.625,99.675,28.71,0.0,0.52,8,เกาะตะรุเตา
2026-01-18T12:00:00Z,6.625,99.675,28.64,0.0,0.44,8,เกาะตะรุเตา
2026-01-19T12:00:00Z,6.625,99.675,28.77,0.0,0.56,8,เกาะตะรุเตา
2026-01-20T12:00:00Z,6.625,99.675,28.69,0.0,0.47000000000000003,8,เกาะตะรุเตา
2026-01-21T12:00:00Z,6.625,99.675,28.46,0.0,0.22,8,เกาะตะรุเตา
2026-01-22T12:00:00Z,6.625,99.675,28.34,0.0,0.09,8,เกาะตะรุเตา
2026-01-23T12:00:00Z,6.625,99.675,28.400000000000002,0.0,0.14,8,เกาะตะรุเตา
2026-01-24T12:00:00Z,6.625,99.675,28.32,0.0,0.04,8,เกาะตะรุเตา
2026-01-25T12:00:00Z,6.625,99.675,28.29,0.0,0.0,8,เกาะตะรุเตา
2026-01-26T12:00:00Z,6.625,99.675,28.28,0.0,-0.02,8,เกาะตะรุเตา
2026-01-27T12:00:00Z,6.625,99.675,28.28,0.0,-0.03,8,เกาะตะรุเตา
2026-01-28T12:00:00Z,6.625,99.675,28.23,0.0,-0.1,8,เกาะตะรุเตา
2026-01-29T12:00:00Z,6.625,99.675,28.2,0.0,-0.14,8,เกาะตะรุเตา
2026-01-30T12:00:00Z,6.625,99.675,28.240000000000002,0.0,-0.11,8,เกาะตะรุเตา
2026-01-31T12:00:00Z,6.625,99.675,28.27,0.0,-0.1,8,เกาะตะรุเตา
2026-02-01T12:00:00Z,6.625,99.675,28.150000000000002,0.0,-0.23,8,เกาะตะรุเตา
2026-02-02T12:00:00Z,6.625,99.675,28.080000000000002,0.0,-0.31,8,เกาะตะรุเตา
2026-02-03T12:00:00Z,6.625,99.675,28.080000000000002,0.0,-0.33,8,เกาะตะรุเตา
2026-02-04T12:00:00Z,6.625,99.675,28.14,0.0,-0.28,8,เกาะตะรุเตา
2026-02-05T12:00:00Z,6.625,99.675,28.080000000000002,0.0,-0.35000000000000003,8,เกาะตะรุเตา
2026-02-06T12:00:00Z,6.625,99.675,28.36,0.0,-0.08,8,เกาะตะรุเตา
2026-02-07T12:00:00Z,6.625,99.675,28.53,0.0,0.07,8,เกาะตะรุเตา
2026-02-08T12:00:00Z,6.625,99.675,28.61,0.0,0.14,8,เกาะตะรุเตา
2026-02-09T12:00:00Z,6.625,99.675,28.46,0.0,-0.02,8,เกาะตะรุเตา
2026-02-10T12:00:00Z,6.625,99.675,28.53,0.0,0.03,8,เกาะตะรุเตา
2026-02-11T12:00:00Z,6.625,99.675,28.580000000000002,0.0,0.07,8,เกาะตะรุเตา
2026-02-12T12:00:00Z,6.625,99.675,28.75,0.0,0.23,8,เกาะตะรุเตา
2026-02-13T12:00:00Z,6.625,99.675,28.91,0.0,0.38,8,เกาะตะรุเตา
2026-02-14T12:00:00Z,6.625,99.675,29.05,0.0,0.5,8,เกาะตะรุเตา
2026-02-15T12:00:00Z,6.625,99.675,28.8,0.0,0.24,8,เกาะตะรุเตา
2026-02-16T12:00:00Z,6.625,99.675,28.91,0.0,0.32,8,เกาะตะรุเตา
2026-02-17T12:00:00Z,6.625,99.675,28.7,0.0,0.08,8,เกาะตะรุเตา
2026-02-18T12:00:00Z,6.625,99.675,28.88,0.0,0.24,8,เกาะตะรุเตา
2026-02-19T12:00:00Z,6.625,99.675,28.89,0.0,0.22,8,เกาะตะรุเตา
2026-02-20T12:00:00Z,6.625,99.675,28.73,0.0,0.03,8,เกาะตะรุเตา
2026-02-21T12:00:00Z,6.625,99.675,28.75,0.0,0.02,8,เกาะตะรุเตา
2026-02-22T12:00:00Z,6.625,99.675,28.78,0.0,0.03,8,เกาะตะรุเตา
2026-02-23T12:00:00Z,6.625,99.675,28.88,0.0,0.1,8,เกาะตะรุเตา
2026-02-24T12:00:00Z,6.625,99.675,29.05,0.0,0.24,8,เกาะตะรุเตา
2026-02-25T12:00:00Z,6.625,99.675,29.35,0.0,0.51,8,เกาะตะรุเตา
2026-02-26T12:00:00Z,6.625,99.675,29.48,0.0,0.61,8,เกาะตะรุเตา
2026-02-27T12:00:00Z,6.625,99.675,29.560000000000002,0.0,0.67,8,เกาะตะรุเตา
2026-02-28T12:00:00Z,6.625,99.675,29.6,0.0,0.68,8,เกาะตะรุเตา
2026-03-01T12:00:00Z,6.625,99.675,29.78,0.0,0.8300000000000001,8,เกาะตะรุเตา
2026-03-02T12:00:00Z,6.625,99.675,29.82,0.0,0.84,8,เกาะตะรุเตา
2026-03-03T12:00:00Z,6.625,99.675,29.93,0.0,0.92,8,เกาะตะรุเตา
2026-03-04T12:00:00Z,6.625,99.675,30.04,0.0,1.01,8,เกาะตะรุเตา
2026-03-05T12:00:00Z,6.625,99.675,29.8,0.0,0.74,8,เกาะตะรุเตา
2026-03-06T12:00:00Z,6.625,99.675,29.76,0.0,0.67,8,เกาะตะรุเตา
2026-03-07T12:00:00Z,6.625,99.675,29.67,0.0,0.55,8,เกาะตะรุเตา
2026-03-08T12:00:00Z,6.625,99.675,29.59,0.0,0.44,8,เกาะตะรุเตา
2026-03-09T12:00:00Z,6.625,99.675,29.400000000000002,0.0,0.23,8,เกาะตะรุเตา
2026-03-10T12:00:00Z,6.625,99.675,29.47,0.0,0.27,8,เกาะตะรุเตา
2026-03-11T12:00:00Z,6.625,99.675,29.46,0.0,0.23,8,เกาะตะรุเตา
2026-03-12T12:00:00Z,6.625,99.675,29.48,0.0,0.22,8,เกาะตะรุเตา
2026-03-13T12:00:00Z,6.625,99.675,29.490000000000002,0.0,0.21,8,เกาะตะรุเตา
2026-03-14T12:00:00Z,6.625,99.675,29.39,0.0,0.08,8,เกาะตะรุเตา
2026-03-15T12:00:00Z,6.625,99.675,29.41,0.0,0.07,8,เกาะตะรุเตา
2026-03-16T12:00:00Z,6.625,99.675,29.41,0.0,0.04,8,เกาะตะรุเตา
2026-03-17T12:00:00Z,6.625,99.675,29.5,0.0,0.11,8,เกาะตะรุเตา
2026-03-18T12:00:00Z,6.625,99.675,29.47,0.0,0.05,8,เกาะตะรุเตา
2026-03-19T12:00:00Z,6.625,99.675,29.560000000000002,0.0,0.11,8,เกาะตะรุเตา
2026-03-20T12:00:00Z,6.625,99.675,29.57,0.0,0.09,8,เกาะตะรุเตา
2026-03-21T12:00:00Z,6.625,99.675,29.6,0.0,0.1,8,เกาะตะรุเตา
2026-03-22T12:00:00Z,6.625,99.675,29.650000000000002,0.0,0.12,8,เกาะตะรุเตา
2026-03-23T12:00:00Z,6.625,99.675,29.67,0.0,0.11,8,เกาะตะรุเตา
2026-03-24T12:00:00Z,6.625,99.675,29.79,0.0,0.2,8,เกาะตะรุเตา
2026-03-25T12:00:00Z,6.625,99.675,29.810000000000002,0.0,0.2,8,เกาะตะรุเตา
2026-03-26T12:00:00Z,6.625,99.675,29.92,0.0,0.28,8,เกาะตะรุเตา
2026-03-27T12:00:00Z,6.625,99.675,29.76,0.0,0.09,8,เกาะตะรุเตา
2026-03-28T12:00:00Z,6.625,99.675,30.01,0.0,0.31,8,เกาะตะรุเตา
2026-03-29T12:00:00Z,6.625,99.675,29.900000000000002,0.0,0.18,8,เกาะตะรุเตา
2026-03-30T12:00:00Z,6.625,99.675,29.830000000000002,0.0,0.08,8,เกาะตะรุเตา
2026-03-31T12:00:00Z,6.625,99.675,30.14,0.0,0.36,8,เกาะตะรุเตา
2026-04-01T12:00:00Z,6.625,99.675,30.48,0.0,0.67,8,เกาะตะรุเตา
2026-04-02T12:00:00Z,6.625,99.675,30.57,0.0,0.74,8,เกาะตะรุเตา
2026-04-03T12:00:00Z,6.625,99.675,30.52,0.0,0.66,8,เกาะตะรุเตา
2026-04-03T12:00:00Z,6.625,99.675,30.52,0.0,0.66,8,เกาะตะรุเตา
2026-04-04T12:00:00Z,6.625,99.675,30.490000000000002,0.0,0.6,8,เกาะตะรุเตา
2026-04-05T12:00:00Z,6.625,99.675,30.490000000000002,0.0,0.5700000000000001,8,เกาะตะรุเตา
2026-04-06T12:00:00Z,6.625,99.675,30.42,0.0,0.48,8,เกาะตะรุเตา
2026-04-07T12:00:00Z,6.625,99.675,30.61,0.0,0.64,8,เกาะตะรุเตา
2026-04-08T12:00:00Z,6.625,99.675,30.8,0.0,0.8,8,เกาะตะรุเตา
2026-04-09T12:00:00Z,6.625,99.675,30.62,0.0,0.59,8,เกาะตะรุเตา
2026-04-10T12:00:00Z,6.625,99.675,30.62,0.0,0.5700000000000001,8,เกาะตะรุเตา
2026-04-11T12:00:00Z,6.625,99.675,30.96,0.0,0.88,8,เกาะตะรุเตา
2026-04-12T12:00:00Z,6.625,99.675,30.95,0.0,0.84,8,เกาะตะรุเตา
2026-04-13T12:00:00Z,6.625,99.675,30.990000000000002,0.0,0.85,8,เกาะตะรุเตา
2026-04-14T12:00:00Z,6.625,99.675,31.23,0.0,1.07,8,เกาะตะรุเตา
2026-04-15T12:00:00Z,6.625,99.675,31.45,0.17,1.26,8,เกาะตะรุเตา
2026-04-16T12:00:00Z,6.625,99.675,31.27,0.17,1.08,8,เกาะตะรุเตา
2026-04-17T12:00:00Z,6.625,99.675,31.29,0.31,1.1,8,เกาะตะรุเตา
2026-04-18T12:00:00Z,6.625,99.675,31.43,0.48,1.23,8,เกาะตะรุเตา
2026-04-19T12:00:00Z,6.625,99.675,31.5,0.65,1.3,8,เกาะตะรุเตา
2026-04-20T12:00:00Z,6.625,99.675,31.490000000000002,0.8200000000000001,1.29,8,เกาะตะรุเตา
2026-04-21T12:00:00Z,6.625,99.675,31.5,1.0,1.3,8,เกาะตะรุเตา
2026-04-22T12:00:00Z,6.625,99.675,31.64,1.19,1.43,8,เกาะตะรุเตา
2026-04-23T12:00:00Z,6.625,99.675,31.810000000000002,1.41,1.6,8,เกาะตะรุเตา
2026-04-24T12:00:00Z,6.625,99.675,31.77,1.62,1.56,8,เกาะตะรุเตา
2026-04-26T12:00:00Z,6.625,99.675,31.7,2.02,1.48,8,เกาะตะรุเตา
2026-04-27T12:00:00Z,6.625,99.675,32.160000000000004,2.29,1.94,8,เกาะตะรุเตา
2026-04-28T12:00:00Z,6.625,99.675,31.580000000000002,2.48,1.36,8,เกาะตะรุเตา
2026-04-29T12:00:00Z,6.625,99.675,31.69,2.68,1.47,8,เกาะตะรุเตา
2026-04-30T12:00:00Z,6.625,99.675,31.93,2.91,1.71,8,เกาะตะรุเตา
2026-05-01T12:00:00Z,6.625,99.675,31.91,3.15,1.68,8,เกาะตะรุเตา
2026-05-02T12:00:00Z,6.625,99.675,32.12,3.41,1.8900000000000001,8,เกาะตะรุเตา
2026-05-03T12:00:00Z,6.625,99.675,31.11,3.41,0.88,8,เกาะตะรุเตา
2026-05-04T12:00:00Z,6.625,99.675,31.63,3.6,1.4000000000000001,8,เกาะตะรุเตา
2026-05-05T12:00:00Z,6.625,99.675,31.650000000000002,3.8000000000000003,1.41,8,เกาะตะรุเตา
2026-05-06T12:00:00Z,6.625,99.675,31.67,4.0,1.43,8,เกาะตะรุเตา
2026-05-07T12:00:00Z,6.625,99.675,31.5,4.17,1.26,8,เกาะตะรุเตา
2026-05-08T12:00:00Z,6.625,99.675,31.490000000000002,4.34,1.25,8,เกาะตะรุเตา
2026-05-09T12:00:00Z,6.625,99.675,31.75,4.55,1.5,8,เกาะตะรุเตา
2026-05-10T12:00:00Z,6.625,99.675,31.400000000000002,4.71,1.1500000000000001,8,เกาะตะรุเตา
2026-05-11T12:00:00Z,6.625,99.675,31.75,4.92,1.5,8,เกาะตะรุเตา
2026-05-12T12:00:00Z,6.625,99.675,31.53,5.1000000000000005,1.28,8,เกาะตะรุเตา
2026-05-13T12:00:00Z,6.625,99.675,31.96,5.34,1.7,8,เกาะตะรุเตา
2026-05-14T12:00:00Z,6.625,99.675,31.830000000000002,5.5600000000000005,1.57,8,เกาะตะรุเตา
2026-05-15T12:00:00Z,6.625,99.675,31.57,5.75,1.31,8,เกาะตะรุเตา
2026-05-16T12:00:00Z,6.625,99.675,31.17,5.75,0.91,8,เกาะตะรุเตา
2026-05-17T12:00:00Z,6.625,99.675,31.42,5.91,1.16,8,เกาะตะรุเตา
2026-05-18T12:00:00Z,6.625,99.675,31.34,6.0600000000000005,1.08,8,เกาะตะรุเตา
2026-05-19T12:00:00Z,6.625,99.675,31.18,6.0600000000000005,0.92,8,เกาะตะรุเตา
2026-05-20T12:00:00Z,6.625,99.675,30.61,6.0600000000000005,0.35000000000000003,8,เกาะตะรุเตา
2026-05-21T12:00:00Z,6.625,99.675,30.57,6.0600000000000005,0.31,8,เกาะตะรุเตา
2026-05-22T12:00:00Z,6.625,99.675,30.96,6.0600000000000005,0.7000000000000001,8,เกาะตะรุเตา
2026-05-23T12:00:00Z,6.625,99.675,30.78,6.0600000000000005,0.51,8,เกาะตะรุเตา
2026-05-24T12:00:00Z,6.625,99.675,30.66,6.0600000000000005,0.39,8,เกาะตะรุเตา
2026-05-25T12:00:00Z,6.625,99.675,30.78,6.0600000000000005,0.51,8,เกาะตะรุเตา
2026-05-26T12:00:00Z,6.625,99.675,30.87,6.0600000000000005,0.6,8,เกาะตะรุเตา
2026-05-27T12:00:00Z,6.625,99.675,30.75,6.0600000000000005,0.48,8,เกาะตะรุเตา
2026-05-28T12:00:00Z,6.625,99.675,30.92,6.0600000000000005,0.65,8,เกาะตะรุเตา
2026-05-29T12:00:00Z,6.625,99.675,30.6,6.0600000000000005,0.33,8,เกาะตะรุเตา
2026-05-30T12:00:00Z,6.625,99.675,30.7,6.0600000000000005,0.43,8,เกาะตะรุเตา
2026-05-31T12:00:00Z,6.625,99.675,30.900000000000002,6.0600000000000005,0.63,8,เกาะตะรุเตา
2026-06-01T12:00:00Z,6.625,99.675,30.69,6.0600000000000005,0.42,8,เกาะตะรุเตา
2026-06-02T12:00:00Z,6.625,99.675,30.69,6.0600000000000005,0.42,8,เกาะตะรุเตา
2026-06-03T12:00:00Z,6.625,99.675,30.54,6.0600000000000005,0.27,8,เกาะตะรุเตา
2026-06-04T12:00:00Z,6.625,99.675,30.29,6.0600000000000005,0.02,8,เกาะตะรุเตา
2026-06-05T12:00:00Z,6.625,99.675,30.11,6.0600000000000005,-0.16,8,เกาะตะรุเตา
2026-06-06T12:00:00Z,6.625,99.675,30.650000000000002,6.0600000000000005,0.38,8,เกาะตะรุเตา
2026-06-07T12:00:00Z,6.625,99.675,30.69,6.0600000000000005,0.42,8,เกาะตะรุเตา
2026-06-08T12:00:00Z,6.625,99.675,30.810000000000002,6.0600000000000005,0.53,8,เกาะตะรุเตา
2026-06-09T12:00:00Z,6.625,99.675,30.7,6.0600000000000005,0.42,8,เกาะตะรุเตา
2026-06-10T12:00:00Z,6.625,99.675,30.59,6.0600000000000005,0.31,8,เกาะตะรุเตา
2026-06-11T12:00:00Z,6.625,99.675,30.76,6.0600000000000005,0.48,8,เกาะตะรุเตา
2026-06-12T12:00:00Z,6.625,99.675,30.92,6.0600000000000005,0.64,8,เกาะตะรุเตา
2026-06-13T12:00:00Z,6.625,99.675,30.84,6.0600000000000005,0.56,8,เกาะตะรุเตา
2026-06-14T12:00:00Z,6.625,99.675,30.78,6.0600000000000005,0.5,8,เกาะตะรุเตา
2026-06-15T12:00:00Z,6.625,99.675,30.650000000000002,6.0600000000000005,0.37,8,เกาะตะรุเตา
2026-06-16T12:00:00Z,6.625,99.675,30.740000000000002,6.0600000000000005,0.48,8,เกาะตะรุเตา
2026-06-17T12:00:00Z,6.625,99.675,30.830000000000002,6.0600000000000005,0.59,8,เกาะตะรุเตา
2026-06-18T12:00:00Z,6.625,99.675,30.35,6.0600000000000005,0.13,8,เกาะตะรุเตา
2026-06-19T12:00:00Z,6.625,99.675,30.52,6.0600000000000005,0.31,8,เกาะตะรุเตา
2026-06-20T12:00:00Z,6.625,99.675,30.93,6.0600000000000005,0.74,8,เกาะตะรุเตา
2026-06-21T12:00:00Z,6.625,99.675,30.69,6.0600000000000005,0.52,8,เกาะตะรุเตา
2026-06-22T12:00:00Z,6.625,99.675,30.87,6.0600000000000005,0.72,8,เกาะตะรุเตา
2026-06-23T12:00:00Z,6.625,99.675,30.77,6.0600000000000005,0.64,8,เกาะตะรุเตา
2026-06-24T12:00:00Z,6.625,99.675,30.51,6.0600000000000005,0.4,8,เกาะตะรุเตา
2026-06-25T12:00:00Z,6.625,99.675,30.59,6.0600000000000005,0.5,8,เกาะตะรุเตา
2026-06-26T12:00:00Z,6.625,99.675,30.990000000000002,6.0600000000000005,0.92,8,เกาะตะรุเตา
2026-06-27T12:00:00Z,6.625,99.675,30.61,6.0600000000000005,0.55,8,เกาะตะรุเตา
2026-06-28T12:00:00Z,6.625,99.675,30.43,6.0600000000000005,0.39,8,เกาะตะรุเตา
2026-06-29T12:00:00Z,6.625,99.675,30.25,6.0600000000000005,0.23,8,เกาะตะรุเตา
2026-06-30T12:00:00Z,6.625,99.675,30.27,6.0600000000000005,0.27,8,เกาะตะรุเตา
2026-07-01T12:00:00Z,6.625,99.675,30.43,6.0600000000000005,0.45,8,เกาะตะรุเตา
2026-07-02T12:00:00Z,6.625,99.675,30.47,6.0600000000000005,0.51,8,เกาะตะรุเตา
2026-07-02T12:00:00Z,6.625,99.675,30.47,6.0600000000000005,0.51,8,เกาะตะรุเตา
2026-07-03T12:00:00Z,6.625,99.675,30.01,6.0600000000000005,0.07,8,เกาะตะรุเตา
2026-07-04T12:00:00Z,6.625,99.675,30.09,6.0600000000000005,0.16,8,เกาะตะรุเตา
2026-07-05T12:00:00Z,6.625,99.675,30.43,6.0600000000000005,0.52,8,เกาะตะรุเตา
2026-07-06T12:00:00Z,6.625,99.675,30.68,6.0600000000000005,0.79,8,เกาะตะรุเตา
2026-07-07T12:00:00Z,6.625,99.675,30.86,6.0600000000000005,0.99,8,เกาะตะรุเตา
2026-07-08T12:00:00Z,6.625,99.675,30.78,5.89,0.93,8,เกาะตะรุเตา
2026-07-09T12:00:00Z,6.625,99.675,30.900000000000002,5.89,1.07,8,เกาะตะรุเตา
2026-07-10T12:00:00Z,6.625,99.675,31.0,5.75,1.19,8,เกาะตะรุเตา
2026-07-11T12:00:00Z,6.625,99.675,30.91,5.59,1.12,8,เกาะตะรุเตา
2026-07-12T12:00:00Z,6.625,99.675,30.830000000000002,5.41,1.05,8,เกาะตะรุเตา
